site,horizon,effect,estimate
611.3,4,effect_complete_service_at_finite_terminal,4.263308148733027
611.3,8,effect_complete_service_at_finite_terminal,0.05339100297986362
611.3,12,effect_complete_service_at_finite_terminal,0.009625346318324218
611.3,24,effect_complete_service_at_finite_terminal,0.0
634.1,4,effect_complete_service_at_finite_terminal,91.03328547616194
634.1,8,effect_complete_service_at_finite_terminal,56.5941614194829
634.1,12,effect_complete_service_at_finite_terminal,27.6884022389753
634.1,24,effect_complete_service_at_finite_terminal,0.0
611.3,4,effect_always_terminal_at_finite_service,4.263308148733027
611.3,8,effect_always_terminal_at_finite_service,0.05339100297986362
611.3,12,effect_always_terminal_at_finite_service,0.009625346318324218
611.3,24,effect_always_terminal_at_finite_service,0.0
634.1,4,effect_always_terminal_at_finite_service,93.46621875324841
634.1,8,effect_always_terminal_at_finite_service,59.027094696569364
634.1,12,effect_always_terminal_at_finite_service,30.12133551606177
634.1,24,effect_always_terminal_at_finite_service,2.4329332770864704
611.3,4,effect_both_visible,4.263308148733027
611.3,8,effect_both_visible,0.05339100297986362
611.3,12,effect_both_visible,0.009625346318324218
611.3,24,effect_both_visible,0.0
634.1,4,effect_both_visible,93.46621875324841
634.1,8,effect_both_visible,59.027094696569364
634.1,12,effect_both_visible,30.12133551606177
634.1,24,effect_both_visible,2.4329332770864704
611.3,4,effect_always_terminal_at_complete_service,0.0
611.3,8,effect_always_terminal_at_complete_service,0.0
611.3,12,effect_always_terminal_at_complete_service,0.0
611.3,24,effect_always_terminal_at_complete_service,0.0
634.1,4,effect_always_terminal_at_complete_service,2.4329332770864704
634.1,8,effect_always_terminal_at_complete_service,2.4329332770864704
634.1,12,effect_always_terminal_at_complete_service,2.4329332770864704
634.1,24,effect_always_terminal_at_complete_service,2.4329332770864704
