scenario,customer,date,season,load_scale,pv_fraction,source_load_kwh,source_pv_kwh,load_rank,pv_rank
shoulder_1,38,2011-05-02,shoulder,0.5374544626593807,0.3150068306010929,7.513999999999999,2.158,0.14981785063752276,0.1533424408014572
shoulder_2,136,2010-09-06,shoulder,0.6247905282331512,0.5747609289617486,13.139,4.747,0.49916211293260476,0.4996812386156648
shoulder_3,220,2011-03-22,shoulder,0.7130623861566485,0.839337431693989,22.834,9.053,0.8522495446265939,0.8524499089253188
shoulder_4,57,2011-04-25,shoulder,0.7122632058287797,0.31308743169398906,22.669,2.139,0.8490528233151184,0.15078324225865208
summer_1,153,2010-12-09,summer,0.5376527777777778,0.310375,7.597,3.231,0.1506111111111111,0.14716666666666667
summer_2,271,2011-01-25,summer,0.6251342592592593,0.5754166666666667,13.658,5.9830000000000005,0.500537037037037,0.5005555555555555
summer_3,245,2011-01-26,summer,0.7129351851851852,0.8366944444444444,26.215,10.598,0.8517407407407407,0.848925925925926
summer_4,70,2011-01-04,summer,0.7111851851851851,0.31218055555555557,25.771,3.253,0.8447407407407408,0.14957407407407408
winter_1,50,2011-06-30,winter,0.5384465579710145,0.31118206521739133,9.216,1.387,0.15378623188405796,0.1482427536231884
winter_2,263,2010-07-30,winter,0.6241802536231884,0.5778260869565217,17.524,3.67,0.49672101449275363,0.503768115942029
winter_3,145,2010-08-17,winter,0.7115217391304348,0.8344701086956521,31.371,7.144,0.8460869565217392,0.8459601449275362
winter_4,26,2010-07-08,winter,0.712259963768116,0.312554347826087,31.586,1.397,0.8490398550724638,0.15007246376811595
