date,split
2010-07-01,train
2010-07-02,train
2010-07-03,train
2010-07-04,train
2010-07-05,train
2010-07-06,train
2010-07-07,train
2010-07-08,train
2010-07-09,train
2010-07-10,train
2010-07-11,train
2010-07-12,train
2010-07-13,train
2010-07-14,train
2010-07-15,train
2010-07-16,train
2010-07-17,train
2010-07-18,train
2010-07-19,cal
2010-07-20,cal
2010-07-21,cal
2010-07-22,cal
2010-07-23,cal
2010-07-24,cal
2010-07-25,test
2010-07-26,test
2010-07-27,test
2010-07-28,test
2010-07-29,test
2010-07-30,test
2010-07-31,test
2010-08-01,train
2010-08-02,train
2010-08-03,train
2010-08-04,train
2010-08-05,train
2010-08-06,train
2010-08-07,train
2010-08-08,train
2010-08-09,train
2010-08-10,train
2010-08-11,train
2010-08-12,train
2010-08-13,train
2010-08-14,train
2010-08-15,train
2010-08-16,train
2010-08-17,train
2010-08-18,train
2010-08-19,cal
2010-08-20,cal
2010-08-21,cal
2010-08-22,cal
2010-08-23,cal
2010-08-24,cal
2010-08-25,test
2010-08-26,test
2010-08-27,test
2010-08-28,test
2010-08-29,test
2010-08-30,test
2010-08-31,test
2010-09-01,train
2010-09-02,train
2010-09-03,train
2010-09-04,train
2010-09-05,train
2010-09-06,train
2010-09-07,train
2010-09-08,train
2010-09-09,train
2010-09-10,train
2010-09-11,train
2010-09-12,train
2010-09-13,train
2010-09-14,train
2010-09-15,train
2010-09-16,train
2010-09-17,train
2010-09-18,train
2010-09-19,cal
2010-09-20,cal
2010-09-21,cal
2010-09-22,cal
2010-09-23,cal
2010-09-24,cal
2010-09-25,test
2010-09-26,test
2010-09-27,test
2010-09-28,test
2010-09-29,test
2010-09-30,test
2010-10-01,train
2010-10-02,train
2010-10-03,train
2010-10-04,train
2010-10-05,train
2010-10-06,train
2010-10-07,train
2010-10-08,train
2010-10-09,train
2010-10-10,train
2010-10-11,train
2010-10-12,train
2010-10-13,train
2010-10-14,train
2010-10-15,train
2010-10-16,train
2010-10-17,train
2010-10-18,train
2010-10-19,cal
2010-10-20,cal
2010-10-21,cal
2010-10-22,cal
2010-10-23,cal
2010-10-24,cal
2010-10-25,test
2010-10-26,test
2010-10-27,test
2010-10-28,test
2010-10-29,test
2010-10-30,test
2010-10-31,test
2010-11-01,train
2010-11-02,train
2010-11-03,train
2010-11-04,train
2010-11-05,train
2010-11-06,train
2010-11-07,train
2010-11-08,train
2010-11-09,train
2010-11-10,train
2010-11-11,train
2010-11-12,train
2010-11-13,train
2010-11-14,train
2010-11-15,train
2010-11-16,train
2010-11-17,train
2010-11-18,train
2010-11-19,cal
2010-11-20,cal
2010-11-21,cal
2010-11-22,cal
2010-11-23,cal
2010-11-24,cal
2010-11-25,test
2010-11-26,test
2010-11-27,test
2010-11-28,test
2010-11-29,test
2010-11-30,test
2010-12-01,train
2010-12-02,train
2010-12-03,train
2010-12-04,train
2010-12-05,train
2010-12-06,train
2010-12-07,train
2010-12-08,train
2010-12-09,train
2010-12-10,train
2010-12-11,train
2010-12-12,train
2010-12-13,train
2010-12-14,train
2010-12-15,train
2010-12-16,train
2010-12-17,train
2010-12-18,train
2010-12-19,cal
2010-12-20,cal
2010-12-21,cal
2010-12-22,cal
2010-12-23,cal
2010-12-24,cal
2010-12-25,test
2010-12-26,test
2010-12-27,test
2010-12-28,test
2010-12-29,test
2010-12-30,test
2010-12-31,test
2011-01-01,train
2011-01-02,train
2011-01-03,train
2011-01-04,train
2011-01-05,train
2011-01-06,train
2011-01-07,train
2011-01-08,train
2011-01-09,train
2011-01-10,train
2011-01-11,train
2011-01-12,train
2011-01-13,train
2011-01-14,train
2011-01-15,train
2011-01-16,train
2011-01-17,train
2011-01-18,train
2011-01-19,cal
2011-01-20,cal
2011-01-21,cal
2011-01-22,cal
2011-01-23,cal
2011-01-24,cal
2011-01-25,test
2011-01-26,test
2011-01-27,test
2011-01-28,test
2011-01-29,test
2011-01-30,test
2011-01-31,test
2011-02-01,train
2011-02-02,train
2011-02-03,train
2011-02-04,train
2011-02-05,train
2011-02-06,train
2011-02-07,train
2011-02-08,train
2011-02-09,train
2011-02-10,train
2011-02-11,train
2011-02-12,train
2011-02-13,train
2011-02-14,train
2011-02-15,train
2011-02-16,train
2011-02-17,cal
2011-02-18,cal
2011-02-19,cal
2011-02-20,cal
2011-02-21,cal
2011-02-22,test
2011-02-23,test
2011-02-24,test
2011-02-25,test
2011-02-26,test
2011-02-27,test
2011-02-28,test
2011-03-01,train
2011-03-02,train
2011-03-03,train
2011-03-04,train
2011-03-05,train
2011-03-06,train
2011-03-07,train
2011-03-08,train
2011-03-09,train
2011-03-10,train
2011-03-11,train
2011-03-12,train
2011-03-13,train
2011-03-14,train
2011-03-15,train
2011-03-16,train
2011-03-17,train
2011-03-18,train
2011-03-19,cal
2011-03-20,cal
2011-03-21,cal
2011-03-22,cal
2011-03-23,cal
2011-03-24,cal
2011-03-25,test
2011-03-26,test
2011-03-27,test
2011-03-28,test
2011-03-29,test
2011-03-30,test
2011-03-31,test
2011-04-01,train
2011-04-02,train
2011-04-03,train
2011-04-04,train
2011-04-05,train
2011-04-06,train
2011-04-07,train
2011-04-08,train
2011-04-09,train
2011-04-10,train
2011-04-11,train
2011-04-12,train
2011-04-13,train
2011-04-14,train
2011-04-15,train
2011-04-16,train
2011-04-17,train
2011-04-18,train
2011-04-19,cal
2011-04-20,cal
2011-04-21,cal
2011-04-22,cal
2011-04-23,cal
2011-04-24,cal
2011-04-25,test
2011-04-26,test
2011-04-27,test
2011-04-28,test
2011-04-29,test
2011-04-30,test
2011-05-01,train
2011-05-02,train
2011-05-03,train
2011-05-04,train
2011-05-05,train
2011-05-06,train
2011-05-07,train
2011-05-08,train
2011-05-09,train
2011-05-10,train
2011-05-11,train
2011-05-12,train
2011-05-13,train
2011-05-14,train
2011-05-15,train
2011-05-16,train
2011-05-17,train
2011-05-18,train
2011-05-19,cal
2011-05-20,cal
2011-05-21,cal
2011-05-22,cal
2011-05-23,cal
2011-05-24,cal
2011-05-25,test
2011-05-26,test
2011-05-27,test
2011-05-28,test
2011-05-29,test
2011-05-30,test
2011-05-31,test
2011-06-01,train
2011-06-02,train
2011-06-03,train
2011-06-04,train
2011-06-05,train
2011-06-06,train
2011-06-07,train
2011-06-08,train
2011-06-09,train
2011-06-10,train
2011-06-11,train
2011-06-12,train
2011-06-13,train
2011-06-14,train
2011-06-15,train
2011-06-16,train
2011-06-17,train
2011-06-18,train
2011-06-19,cal
2011-06-20,cal
2011-06-21,cal
2011-06-22,cal
2011-06-23,cal
2011-06-24,cal
2011-06-25,test
2011-06-26,test
2011-06-27,test
2011-06-28,test
2011-06-29,test
2011-06-30,test
