date,split,load_interpolated_fraction,pv_interpolated_fraction
2015-05-22,train,0.0,0.0
2015-05-23,train,0.0,0.0
2015-05-24,train,0.0,0.0
2015-05-25,train,0.0,0.0
2015-05-26,train,0.16666666666666666,0.16666666666666666
2015-05-27,train,0.4166666666666667,0.4166666666666667
2015-05-28,cal,0.0,0.0
2015-05-29,cal,0.0,0.0
2015-05-30,test,0.0,0.0
2015-05-31,test,0.0,0.0
2015-06-01,train,0.0,0.0
2015-06-02,train,0.0,0.0
2015-06-03,train,0.65625,0.65625
2015-06-04,train,1.0,1.0
2015-06-05,train,1.0,1.0
2015-06-06,train,1.0,1.0
2015-06-07,train,1.0,1.0
2015-06-08,train,1.0,1.0
2015-06-09,train,1.0,1.0
2015-06-10,train,0.3229166666666667,0.3229166666666667
2015-06-11,train,0.0,0.0
2015-06-12,train,0.0,0.0
2015-06-13,train,0.0,0.0
2015-06-14,train,0.0,0.0
2015-06-15,train,0.5833333333333334,0.5833333333333334
2015-06-16,train,1.0,1.0
2015-06-17,train,0.5104166666666666,0.5104166666666666
2015-06-18,train,0.0,0.0
2015-06-19,cal,0.0,0.0
2015-06-20,cal,0.0,0.0
2015-06-21,cal,0.0,0.0
2015-06-22,cal,0.0,0.0
2015-06-23,cal,0.0,0.0
2015-06-24,cal,0.0,0.0
2015-06-25,test,0.0,0.0
2015-06-26,test,0.0,0.0
2015-06-27,test,0.0,0.0
2015-06-28,test,0.0,0.0
2015-06-29,test,0.0,0.0
2015-06-30,test,0.0,0.0
2015-07-01,train,0.0,0.0
2015-07-02,train,0.0,0.0
2015-07-03,train,0.0,0.0
2015-07-04,train,0.0,0.0
2015-07-05,train,0.0,0.0
2015-07-06,train,0.0,0.0
2015-07-07,train,0.0,0.0
2015-07-08,train,0.0,0.0
2015-07-09,train,0.0,0.0
2015-07-10,train,0.0,0.0
2015-07-11,train,0.0,0.0
2015-07-12,train,0.0,0.0
2015-07-13,train,0.0,0.0
2015-07-14,train,0.0,0.0
2015-07-15,train,0.0,0.0
2015-07-16,train,0.0,0.0
2015-07-17,train,0.0,0.0
2015-07-18,train,0.0,0.0
2015-07-19,cal,0.0,0.0
2015-07-20,cal,0.0,0.0
2015-07-21,cal,0.0,0.0
2015-07-22,cal,0.0,0.0
2015-07-23,cal,0.0,0.0
2015-07-24,cal,0.0,0.0
2015-07-25,test,0.0,0.0
2015-07-26,test,0.0,0.0
2015-07-27,test,0.0,0.0
2015-07-28,test,0.0,0.0
2015-07-29,test,0.0,0.0
2015-07-30,test,0.0,0.0
2015-07-31,test,0.0,0.0
2015-08-01,train,0.0,0.0
2015-08-02,train,0.0,0.0
2015-08-03,train,0.0,0.0
2015-08-04,train,0.0,0.0
2015-08-05,train,0.0,0.0
2015-08-06,train,0.0,0.0
2015-08-07,train,0.0,0.0
2015-08-08,train,0.0,0.0
2015-08-09,train,0.0,0.0
2015-08-10,train,0.0,0.0
2015-08-11,train,0.0,0.0
2015-08-12,train,0.0,0.0
2015-08-13,train,0.0,0.0
2015-08-14,train,0.0,0.0
2015-08-15,train,0.0,0.0
2015-08-16,train,0.0,0.0
2015-08-17,train,0.0,0.0
2015-08-18,train,0.0,0.0
2015-08-19,cal,0.0,0.0
2015-08-20,cal,0.0,0.0
2015-08-21,cal,0.0,0.0
2015-08-22,cal,0.0,0.0
2015-08-23,cal,0.0,0.0
2015-08-24,cal,0.0,0.0
2015-08-25,test,0.0,0.0
2015-08-26,test,0.0,0.0
2015-08-27,test,0.0,0.0
2015-08-28,test,0.0,0.0
2015-08-29,test,0.0,0.0
2015-08-30,test,0.0,0.0
2015-08-31,test,0.0,0.0
2015-09-01,train,0.0,0.0
2015-09-02,train,0.0,0.0
2015-09-03,train,0.0,0.0
2015-09-04,train,0.0,0.0
2015-09-05,train,0.0,0.0
2015-09-06,train,0.0,0.0
2015-09-07,train,0.0,0.0
2015-09-08,train,0.0,0.0
2015-09-09,train,0.0,0.0
2015-09-10,train,0.0,0.0
2015-09-11,train,0.0,0.0
2015-09-12,train,0.0,0.0
2015-09-13,train,0.0,0.0
2015-09-14,train,0.0,0.0
2015-09-15,train,0.0,0.0
2015-09-16,train,0.0,0.0
2015-09-17,train,0.0,0.0
2015-09-18,train,0.0,0.0
2015-09-19,cal,0.0,0.0
2015-09-20,cal,0.0,0.0
2015-09-21,cal,0.0,0.0
2015-09-22,cal,0.0,0.0
2015-09-23,cal,0.17708333333333334,0.17708333333333334
2015-09-24,cal,0.0,0.0
2015-09-25,test,0.0,0.0
2015-09-26,test,0.08333333333333333,0.08333333333333333
2015-09-27,test,0.07291666666666667,0.07291666666666667
2015-09-28,test,0.03125,0.03125
2015-09-29,test,0.052083333333333336,0.052083333333333336
2015-09-30,test,0.0,0.0
2015-10-01,train,0.07291666666666667,0.07291666666666667
2015-10-02,train,0.0625,0.0625
2015-10-03,train,0.10416666666666667,0.10416666666666667
2015-10-04,train,0.10416666666666667,0.10416666666666667
2015-10-05,train,0.125,0.125
2015-10-06,train,0.0,0.0
2015-10-07,train,0.3229166666666667,0.3229166666666667
2015-10-08,train,0.052083333333333336,0.052083333333333336
2015-10-09,train,0.0,0.0
2015-10-10,train,0.0,0.0
2015-10-11,train,0.0,0.0
2015-10-12,train,0.0,0.0
2015-10-13,train,0.0,0.0
2015-10-14,train,0.0,0.0
2015-10-15,train,0.0,0.0
2015-10-16,train,0.0,0.0
2015-10-17,train,0.0,0.0
2015-10-18,train,0.0,0.0
2015-10-19,cal,0.0,0.0
2015-10-20,cal,0.0,0.0
2015-10-21,cal,0.0,0.0
2015-10-22,cal,0.0,0.0
2015-10-23,cal,0.0,0.0
2015-10-24,cal,0.0,0.0
2015-10-25,test,0.0,0.0
2015-10-26,test,0.0,0.0
2015-10-27,test,0.0,0.0
2015-10-28,test,0.0,0.0
2015-10-29,test,0.0,0.0
2015-10-30,test,0.0,0.0
2015-10-31,test,0.0,0.0
2015-11-01,train,0.0,0.0
2015-11-02,train,0.0,0.0
2015-11-03,train,0.0,0.0
2015-11-04,train,0.0,0.0
2015-11-05,train,0.0,0.0
2015-11-06,train,0.0,0.0
2015-11-07,train,0.0,0.0
2015-11-08,train,0.0,0.0
2015-11-09,train,0.0,0.0
2015-11-10,train,0.0,0.0
2015-11-11,train,0.0,0.0
2015-11-12,train,0.0,0.0
2015-11-13,train,0.0,0.0
2015-11-14,train,0.0,0.0
2015-11-15,train,0.0,0.0
2015-11-16,train,0.0,0.0
2015-11-17,train,0.0,0.0
2015-11-18,train,0.0,0.0
2015-11-19,cal,0.0,0.0
2015-11-20,cal,0.0,0.0
2015-11-21,cal,0.0,0.0
2015-11-22,cal,0.0,0.0
2015-11-23,cal,0.0,0.0
2015-11-24,cal,0.0,0.0
2015-11-25,test,0.0,0.0
2015-11-26,test,0.0,0.0
2015-11-27,test,0.0,0.0
2015-11-28,test,0.0,0.0
2015-11-29,test,0.0,0.0
2015-11-30,test,0.0,0.0
2015-12-01,train,0.0,0.0
2015-12-02,train,0.0,0.0
2015-12-03,train,0.0,0.0
2015-12-04,train,0.0,0.0
2015-12-05,train,0.0,0.0
2015-12-06,train,0.0,0.0
2015-12-07,train,0.0,0.0
2015-12-08,train,0.0,0.0
2015-12-09,train,0.0,0.0
2015-12-10,train,0.0,0.0
2015-12-11,train,0.0,0.0
2015-12-12,train,0.0,0.0
2015-12-13,train,0.0,0.0
2015-12-14,train,0.0,0.0
2015-12-15,train,0.0,0.0
2015-12-16,train,0.0,0.0
2015-12-17,train,0.0,0.0
2015-12-18,train,0.0,0.0
2015-12-19,cal,0.0,0.0
2015-12-20,cal,0.0,0.0
2015-12-21,cal,0.0,0.0
2015-12-22,cal,0.0,0.0
2015-12-23,cal,0.0,0.0
2015-12-24,cal,0.0,0.0
2015-12-25,test,0.0,0.0
2015-12-26,test,0.0,0.0
2015-12-27,test,0.0,0.0
2015-12-28,test,0.0,0.0
2015-12-29,test,0.0,0.0
2015-12-30,test,0.0,0.0
2015-12-31,test,0.0,0.0
2016-01-01,train,0.0,0.0
2016-01-02,train,0.0,0.0
2016-01-03,train,0.0,0.0
2016-01-04,train,0.0,0.0
2016-01-05,train,0.0,0.0
2016-01-06,train,0.0,0.0
2016-01-07,train,0.0,0.0
2016-01-08,train,0.0,0.0
2016-01-09,train,0.0,0.0
2016-01-10,train,0.0,0.0
2016-01-11,train,0.0,0.0
2016-01-12,train,0.0,0.0
2016-01-13,train,0.03125,0.03125
2016-01-14,train,0.0,0.0
2016-01-15,train,0.0,0.0
2016-01-16,train,0.0,0.0
2016-01-17,train,0.0,0.0
2016-01-18,train,0.0,0.0
2016-01-19,cal,0.0,0.0
2016-01-20,cal,0.0,0.0
2016-01-21,cal,0.0,0.0
2016-01-22,cal,0.0,0.0
2016-01-23,cal,0.0,0.0
2016-01-24,cal,0.0,0.0
2016-01-25,test,0.0,0.0
2016-01-26,test,0.0,0.0
2016-01-27,test,0.0,0.0
2016-01-28,test,0.0,0.0
2016-01-29,test,0.0,0.0
2016-01-30,test,0.0,0.0
2016-01-31,test,0.0,0.0
2016-02-01,train,0.0,0.0
2016-02-02,train,0.0,0.0
2016-02-03,train,0.0,0.0
2016-02-04,train,0.0,0.0
2016-02-05,train,0.0,0.0
2016-02-06,train,0.0,0.0
2016-02-07,train,0.0,0.0
2016-02-08,train,0.0,0.0
2016-02-09,train,0.0,0.0
2016-02-10,train,0.0,0.0
2016-02-11,train,0.0,0.0
2016-02-12,train,0.0,0.0
2016-02-13,train,0.0,0.0
2016-02-14,train,0.0,0.0
2016-02-15,train,0.0,0.0
2016-02-16,train,0.0,0.0
2016-02-17,train,0.0,0.0
2016-02-18,cal,0.0,0.0
2016-02-19,cal,0.0,0.0
2016-02-20,cal,0.0,0.0
2016-02-21,cal,0.0,0.0
2016-02-22,cal,0.0,0.0
2016-02-23,test,0.0,0.0
2016-02-24,test,0.16666666666666666,0.16666666666666666
2016-02-25,test,0.0,0.0
2016-02-26,test,0.0,0.0
2016-02-27,test,0.0,0.0
2016-02-28,test,0.0,0.0
2016-02-29,test,0.0,0.0
2016-03-01,train,0.0,0.0
2016-03-02,train,0.0,0.0
2016-03-03,train,0.0,0.0
2016-03-04,train,0.0,0.0
2016-03-05,train,0.0,0.0
2016-03-06,train,0.0,0.0
2016-03-07,train,0.0,0.0
2016-03-08,train,0.0,0.0
2016-03-09,train,0.0,0.0
2016-03-10,train,0.0,0.0
2016-03-11,train,0.0,0.0
2016-03-12,train,0.0,0.0
2016-03-13,train,0.0,0.0
2016-03-14,train,0.0,0.0
2016-03-15,train,0.0,0.0
2016-03-16,train,0.0,0.0
2016-03-17,train,0.0,0.0
2016-03-18,train,0.0,0.0
2016-03-19,cal,0.0,0.0
2016-03-20,cal,0.0,0.0
2016-03-21,cal,0.0,0.0
2016-03-22,cal,0.0,0.0
2016-03-23,cal,0.0,0.0
2016-03-24,cal,0.0,0.0
2016-03-25,test,0.0,0.0
2016-03-26,test,0.0,0.0
2016-03-27,test,0.0,0.0
2016-03-28,test,0.0,0.0
2016-03-29,test,0.0,0.0
2016-03-30,test,0.0,0.0
2016-03-31,test,0.0,0.0
2016-04-01,train,0.0,0.0
2016-04-02,train,0.0,0.0
2016-04-03,train,0.0,0.0
2016-04-04,train,0.0,0.0
2016-04-05,train,0.0,0.0
2016-04-06,train,0.0,0.0
2016-04-07,train,0.0,0.0
2016-04-08,train,0.0,0.0
2016-04-09,train,0.0,0.0
2016-04-10,train,0.0,0.0
2016-04-11,train,0.0,0.0
2016-04-12,train,0.0,0.0
2016-04-13,train,0.0,0.0
2016-04-14,train,0.0,0.0
2016-04-15,train,0.0,0.0
2016-04-16,train,0.0,0.0
2016-04-17,train,0.0,0.0
2016-04-18,train,0.0,0.0
2016-04-19,cal,0.0,0.0
2016-04-20,cal,0.0,0.0
2016-04-21,cal,0.0,0.0
2016-04-22,cal,0.0,0.0
2016-04-23,cal,0.0,0.0
2016-04-24,cal,0.0,0.0
2016-04-25,test,0.0,0.0
2016-04-26,test,0.0,0.0
2016-04-27,test,0.0,0.0
2016-04-28,test,0.0,0.0
2016-04-29,test,0.0,0.0
2016-04-30,test,0.0,0.0
2016-05-01,train,0.0,0.0
2016-05-02,train,0.0,0.0
2016-05-03,train,0.0,0.0
2016-05-04,train,0.0,0.0
2016-05-05,train,0.0,0.0
2016-05-06,train,0.0,0.0
2016-05-07,train,0.0,0.0
2016-05-08,train,0.0,0.0
2016-05-09,train,0.0,0.0
2016-05-10,train,0.0,0.0
2016-05-11,train,0.0,0.0
2016-05-12,train,0.0,0.0
2016-05-13,train,0.0,0.0
2016-05-14,train,0.0,0.0
2016-05-15,train,0.0,0.0
2016-05-16,train,0.0,0.0
2016-05-17,train,0.0,0.0
2016-05-18,train,0.0,0.0
2016-05-19,cal,0.0,0.0
2016-05-20,cal,0.0,0.0
2016-05-21,cal,0.0,0.0
2016-05-22,cal,0.0,0.0
2016-05-23,cal,0.0,0.0
2016-05-24,cal,0.0,0.0
2016-05-25,test,0.0,0.0
2016-05-26,test,0.0,0.0
2016-05-27,test,0.0,0.0
2016-05-28,test,0.0,0.0
2016-05-29,test,0.0,0.0
2016-05-30,test,0.0,0.0
2016-05-31,test,0.0,0.0
2016-06-01,train,0.0,0.0
2016-06-02,train,0.0,0.0
2016-06-03,train,0.0,0.0
2016-06-04,train,0.0,0.0
2016-06-05,train,0.0,0.0
2016-06-06,train,0.0,0.0
2016-06-07,train,0.0,0.0
2016-06-08,train,0.0,0.0
2016-06-09,train,0.0,0.0
2016-06-10,train,0.0,0.0
2016-06-11,train,0.0,0.0
2016-06-12,train,0.0,0.0
2016-06-13,train,0.0,0.0
2016-06-14,train,0.0,0.0
2016-06-15,train,0.0,0.0
2016-06-16,train,0.0,0.0
2016-06-17,train,0.0,0.0
2016-06-18,train,0.0,0.0
2016-06-19,cal,0.0,0.0
2016-06-20,cal,0.0,0.0
2016-06-21,cal,0.0,0.0
2016-06-22,cal,0.0,0.0
2016-06-23,cal,0.0,0.0
2016-06-24,cal,0.0,0.0
2016-06-25,test,0.0,0.0
2016-06-26,test,0.0,0.0
2016-06-27,test,0.0,0.0
2016-06-28,test,0.0,0.0
2016-06-29,test,0.0,0.0
2016-06-30,test,0.0,0.0
2016-07-01,train,0.0,0.0
2016-07-02,train,0.0,0.0
2016-07-03,train,0.0,0.0
2016-07-04,train,0.0,0.0
2016-07-05,train,0.0,0.0
2016-07-06,train,0.0,0.0
2016-07-07,train,0.0,0.0
2016-07-08,train,0.0,0.0
2016-07-09,train,0.0,0.0
2016-07-10,train,0.0,0.0
2016-07-11,train,0.0,0.0
2016-07-12,train,0.0,0.0
2016-07-13,train,0.0,0.0
2016-07-14,train,0.0,0.0
2016-07-15,train,0.0,0.0
2016-07-16,train,0.0,0.0
2016-07-17,train,0.0,0.0
2016-07-18,train,0.0,0.0
2016-07-19,cal,0.0,0.0
2016-07-20,cal,0.0,0.0
2016-07-21,cal,0.0,0.0
2016-07-22,cal,0.0,0.0
2016-07-23,cal,0.0,0.0
2016-07-24,cal,0.0,0.0
2016-07-25,test,0.0,0.0
2016-07-26,test,0.0,0.0
2016-07-27,test,0.0,0.0
2016-07-28,test,0.0,0.0
2016-07-29,test,0.0,0.0
2016-07-30,test,0.0,0.0
2016-07-31,test,0.0,0.0
2016-08-01,train,0.0,0.0
2016-08-02,train,0.0,0.0
2016-08-03,train,0.0,0.0
2016-08-04,train,0.0,0.0
2016-08-05,train,0.0,0.0
2016-08-06,train,0.0,0.0
2016-08-07,train,0.0,0.0
2016-08-08,train,0.0,0.0
2016-08-09,train,0.0,0.0
2016-08-10,train,0.65625,0.65625
2016-08-11,train,1.0,1.0
2016-08-12,train,1.0,1.0
2016-08-13,train,1.0,1.0
2016-08-14,train,1.0,1.0
2016-08-15,train,1.0,1.0
2016-08-16,train,0.3125,0.3125
2016-08-17,train,0.0,0.0
2016-08-18,train,0.0,0.0
2016-08-19,cal,0.0,0.0
2016-08-20,cal,0.0,0.0
2016-08-21,cal,0.0,0.0
2016-08-22,cal,0.0,0.0
2016-08-23,cal,0.0,0.0
2016-08-24,cal,0.0,0.0
2016-08-25,test,0.0,0.0
2016-08-26,test,0.0,0.0
2016-08-27,test,0.0,0.0
2016-08-28,test,0.0,0.0
2016-08-29,test,0.0,0.0
2016-08-30,test,0.020833333333333332,0.020833333333333332
2016-08-31,test,0.0,0.0
2016-09-01,train,0.0,0.0
2016-09-02,train,0.0,0.0
2016-09-03,train,0.0,0.0
2016-09-04,train,0.0,0.0
2016-09-05,train,0.0,0.0
2016-09-06,train,0.0,0.0
2016-09-07,train,0.0,0.0
2016-09-08,train,0.0,0.0
2016-09-09,train,0.0,0.0
2016-09-10,train,0.0,0.0
2016-09-11,train,0.0,0.0
2016-09-12,train,0.0,0.0
2016-09-13,train,0.0,0.0
2016-09-14,train,0.0,0.0
2016-09-15,train,0.0,0.0
2016-09-16,train,0.0,0.0
2016-09-17,train,0.0,0.0
2016-09-18,train,0.0,0.0
2016-09-19,cal,0.0,0.0
2016-09-20,cal,0.0,0.0
2016-09-21,cal,0.0,0.0
2016-09-22,cal,0.0,0.0
2016-09-23,cal,0.0,0.0
2016-09-24,cal,0.0,0.0
2016-09-25,test,0.0,0.0
2016-09-26,test,0.0,0.0
2016-09-27,test,0.0,0.0
2016-09-28,test,0.0,0.0
2016-09-29,test,0.0,0.0
2016-09-30,test,0.0,0.0
2016-10-01,train,0.0,0.0
2016-10-02,train,0.0,0.0
2016-10-03,train,0.0,0.0
2016-10-04,train,0.0,0.0
2016-10-05,train,0.0,0.0
2016-10-06,train,0.0,0.0
2016-10-07,train,0.0,0.0
2016-10-08,train,0.0,0.0
2016-10-09,train,0.0,0.0
2016-10-10,train,0.0,0.0
2016-10-11,train,0.0,0.0
2016-10-12,train,0.0,0.0
2016-10-13,train,0.0,0.0
2016-10-14,train,0.0,0.0
2016-10-15,train,0.0,0.0
2016-10-16,train,0.0,0.0
2016-10-17,train,0.0,0.0
2016-10-18,train,0.0,0.0
2016-10-19,cal,0.0,0.0
2016-10-20,cal,0.0,0.0
2016-10-21,cal,0.0,0.0
2016-10-22,cal,0.0,0.0
2016-10-23,cal,0.0,0.0
2016-10-24,cal,0.0,0.0
2016-10-25,test,0.0,0.0
2016-10-26,test,0.0,0.0
2016-10-27,test,0.0,0.0
2016-10-28,test,0.0,0.0
2016-10-29,test,0.0,0.0
2016-10-30,test,0.0,0.0
2016-10-31,test,0.0,0.0
2016-11-01,train,0.0,0.0
2016-11-02,train,0.0,0.0
2016-11-03,train,0.0,0.0
2016-11-04,train,0.0,0.0
2016-11-05,train,0.0,0.0
2016-11-06,train,0.0,0.0
2016-11-07,train,0.0,0.0
2016-11-08,train,0.0,0.0
2016-11-09,train,0.0,0.0
2016-11-10,train,0.0,0.0
2016-11-11,train,0.0,0.0
2016-11-12,train,0.0,0.0
2016-11-13,train,0.0,0.0
2016-11-14,train,0.0,0.0
2016-11-15,train,0.0,0.0
2016-11-16,train,0.0,0.0
2016-11-17,train,0.0,0.0
2016-11-18,train,0.0,0.0
2016-11-19,cal,0.0,0.0
2016-11-20,cal,0.0,0.0
2016-11-21,cal,0.0,0.0
2016-11-22,cal,0.0,0.0
2016-11-23,cal,0.0,0.0
2016-11-24,cal,0.0,0.0
2016-11-25,test,0.0,0.0
2016-11-26,test,0.0,0.0
2016-11-27,test,0.0,0.0
2016-11-28,test,0.0,0.0
2016-11-29,test,0.0,0.0
2016-11-30,test,0.0,0.0
2016-12-01,train,0.0,0.0
2016-12-02,train,0.0,0.0
2016-12-03,train,0.0,0.0
2016-12-04,train,0.0,0.0
2016-12-05,train,0.0,0.0
2016-12-06,train,0.0,0.0
2016-12-07,train,0.0,0.0
2016-12-08,train,0.0,0.0
2016-12-09,train,0.0,0.0
2016-12-10,train,0.0,0.0
2016-12-11,train,0.0,0.0
2016-12-12,train,0.0,0.0
2016-12-13,train,0.0,0.0
2016-12-14,train,0.0,0.0
2016-12-15,train,0.0,0.0
2016-12-16,train,0.0,0.0
2016-12-17,train,0.0,0.0
2016-12-18,train,0.0,0.0
2016-12-19,cal,0.0,0.0
2016-12-20,cal,0.0,0.0
2016-12-21,cal,0.0,0.0
2016-12-22,cal,0.0,0.0
2016-12-23,cal,0.0,0.0
2016-12-24,cal,0.0,0.0
2016-12-25,test,0.0,0.0
2016-12-26,test,0.0,0.0
2016-12-27,test,0.0,0.0
2016-12-28,test,0.0,0.0
2016-12-29,test,0.0,0.0
2016-12-30,test,0.0,0.0
2016-12-31,test,0.0,0.0
2017-01-01,train,0.0,0.0
2017-01-02,train,0.0,0.0
2017-01-03,train,0.0,0.0
2017-01-04,train,0.0,0.0
2017-01-05,train,0.0,0.0
2017-01-06,train,0.0,0.0
2017-01-07,train,0.0,0.0
2017-01-08,train,0.0,0.0
2017-01-09,train,0.0,0.0
2017-01-10,train,0.0,0.0
2017-01-11,train,0.0,0.0
2017-01-12,train,0.0,0.0
2017-01-13,train,0.0,0.0
2017-01-14,train,0.0,0.0
2017-01-15,train,0.0,0.0
2017-01-16,train,0.0,0.0
2017-01-17,train,0.0,0.0
2017-01-18,train,0.0,0.0
2017-01-19,cal,0.0,0.0
2017-01-20,cal,0.0,0.0
2017-01-21,cal,0.0,0.0
2017-01-22,cal,0.0,0.0
2017-01-23,cal,0.0,0.0
2017-01-24,cal,0.0,0.0
2017-01-25,test,0.0,0.0
2017-01-26,test,0.0,0.0
2017-01-27,test,0.0,0.0
2017-01-28,test,0.0,0.0
2017-01-29,test,0.0,0.0
2017-01-30,test,0.0,0.0
2017-01-31,test,0.0,0.0
2017-02-01,train,0.0,0.0
2017-02-02,train,0.0,0.0
2017-02-03,train,0.0,0.0
2017-02-04,train,0.0,0.0
2017-02-05,train,0.0,0.0
2017-02-06,train,0.0,0.0
2017-02-07,train,0.0,0.0
2017-02-08,train,0.0,0.0
2017-02-09,train,0.0,0.0
2017-02-10,train,0.0,0.0
2017-02-11,train,0.0,0.0
2017-02-12,train,0.0,0.0
2017-02-13,train,0.0,0.0
2017-02-14,train,0.020833333333333332,0.020833333333333332
2017-02-15,train,0.0,0.0
2017-02-16,train,0.0,0.0
2017-02-17,cal,0.0,0.0
2017-02-18,cal,0.0,0.0
2017-02-19,cal,0.0,0.0
2017-02-20,cal,0.0,0.0
2017-02-21,cal,0.0,0.0
2017-02-22,test,0.0,0.0
2017-02-23,test,0.0,0.0
2017-02-24,test,0.0,0.0
2017-02-25,test,0.0,0.0
2017-02-26,test,0.0,0.0
2017-02-27,test,0.0,0.0
2017-02-28,test,0.0,0.0
2017-03-01,train,0.0,0.0
2017-03-02,train,0.0,0.0
2017-03-03,train,0.0,0.0
2017-03-04,train,0.0,0.0
2017-03-05,train,0.0,0.0
2017-03-06,train,0.0,0.0
2017-03-07,cal,0.0,0.0
2017-03-08,cal,0.0,0.0
2017-03-09,test,0.0,0.0
2017-03-10,test,0.0,0.0
2017-03-11,test,0.0,0.0
