site,margin,energy_kwh,method,estimate,ci_low,ci_high,n_units,n_dates
611.3,0.0,2000.0,energy_only,231.2810359589041,227.8670073487443,234.36567405108448,2188,219
611.3,0.0,2000.0,fixed_recovery,128.36783929477423,125.86012954936422,130.7037186707255,2188,219
611.3,0.0,2000.0,myopic_recovery,128.52565718543886,125.96477339389905,130.8534695467085,2188,219
611.3,0.0,2000.0,network_lp,128.52565718543886,125.96477339389905,130.8534695467085,2188,219
611.3,0.05,2000.0,energy_only,219.7169841609589,216.47365698130707,222.64739034853022,2188,219
611.3,0.05,2000.0,fixed_recovery,121.94944733003553,119.56712307189599,124.16853273718925,2188,219
611.3,0.05,2000.0,myopic_recovery,122.09937432616692,119.66653472420411,124.31079606937308,2188,219
611.3,0.05,2000.0,network_lp,122.09937432616692,119.66653472420411,124.31079606937308,2188,219
611.3,0.1,2000.0,energy_only,208.1529323630137,205.08030661386988,210.92910664597602,2188,219
611.3,0.1,2000.0,fixed_recovery,115.53105536529681,113.2741165944278,117.63334680365297,2188,219
611.3,0.1,2000.0,myopic_recovery,115.67309146689497,113.36829605450914,117.76812259203768,2188,219
611.3,0.1,2000.0,network_lp,115.67309146689497,113.36829605450914,117.76812259203768,2188,219
611.3,0.2,2000.0,energy_only,185.0248287671233,182.2936058789954,187.4925392408676,2188,219
611.3,0.2,2000.0,fixed_recovery,102.69427143581937,100.68810363949139,104.5629749365804,2188,219
611.3,0.2,2000.0,myopic_recovery,102.8205257483511,100.77181871511922,104.68277563736683,2188,219
611.3,0.2,2000.0,network_lp,102.8205257483511,100.77181871511922,104.68277563736683,2188,219
634.1,0.0,2000.0,energy_only,247.16380089421614,245.88343698471587,248.37013561881662,2188,219
634.1,0.0,2000.0,fixed_recovery,138.18665751046424,134.59397245112729,141.5059922647926,2188,219
634.1,0.0,2000.0,myopic_recovery,136.07760626162445,132.6982251223594,139.19414320705624,2188,219
634.1,0.0,2000.0,network_lp,138.5105395421106,134.8529345430619,141.94436645817478,2188,219
634.1,0.05,2000.0,energy_only,234.8056108495053,233.5892651354801,235.9516288378758,2188,219
634.1,0.05,2000.0,fixed_recovery,131.27732463494104,127.86427382857092,134.43069265155302,2188,219
634.1,0.05,2000.0,myopic_recovery,129.27372594856212,126.06331386625494,132.23443604672664,2188,219
634.1,0.05,2000.0,network_lp,131.5850125650051,128.11028781590883,134.84714813526602,2188,219
634.1,0.1,2000.0,energy_only,222.44742080479452,221.2950932862443,223.53312205693493,2188,219
634.1,0.1,2000.0,fixed_recovery,124.3679917594178,121.13457520601455,127.35539303831335,2188,219
634.1,0.1,2000.0,myopic_recovery,122.46984563549977,119.42840261015048,125.27472888639706,2188,219
634.1,0.1,2000.0,network_lp,124.65948558789954,121.36764108875572,127.74992981235731,2188,219
634.1,0.2,2000.0,energy_only,197.7310407153729,196.7067495877727,198.69610849505327,2188,219
634.1,0.2,2000.0,fixed_recovery,110.54932600837138,107.67517796090182,113.2047938118341,2188,219
634.1,0.2,2000.0,myopic_recovery,108.86208500937505,106.15858009794161,111.35531456573784,2188,219
634.1,0.2,2000.0,network_lp,110.80843163368847,107.88234763444952,113.55549316653985,2188,219
