interval,method,charge_kw,discharge_kw,soc,grid_import_kw,charge_limit_kw,export_limit_kw
0,network_lp,0.0,0.0,0.8,0.4234961647153186,158.59375,127.34375
1,network_lp,0.0,0.0,0.8,0.42058942268874255,154.21875,122.34375
2,network_lp,0.0,0.0,0.8,0.42240613645543523,156.953125,125.46875
3,network_lp,0.0,0.0,0.8,0.4249495357287168,160.78125,129.765625
4,network_lp,0.0,0.0,0.8,0.4241017359708828,159.53125,128.359375
5,network_lp,0.0,0.0,0.8,0.4237383932175883,158.984375,127.734375
6,network_lp,0.0,0.0,0.8,0.42361727896656365,158.75,127.5
7,network_lp,0.0,0.0,0.8,0.4278562777552928,165.15625,134.6875
8,network_lp,0.0,102.96875,0.8,-102.54222597900686,163.125,132.421875
9,network_lp,0.0,102.96875,0.7729029605263158,-102.54089372224459,165.15625,134.6875
10,network_lp,0.0,102.96875,0.7458059210526317,-102.53847143722246,168.75,138.828125
11,network_lp,0.0,102.96875,0.7187088815789475,-102.5360491522003,172.421875,142.96875
12,network_lp,0.0,0.0,0.6916118421052634,0.425555106984281,161.25,130.546875
13,network_lp,0.0,0.0,0.6916118421052634,0.4320952765441321,165.46875,138.515625
14,network_lp,0.0,0.0,0.6916118421052634,0.4284618490109672,149.0625,126.25
15,network_lp,0.0,0.0,0.6916118421052634,0.42058942268874255,107.734375,96.171875
16,network_lp,0.0,0.0,0.6916118421052634,0.4931368591036607,209.21875,216.328125
17,network_lp,48.91425727146653,0.0,0.6916118421052634,49.3639141144218,155.78125,147.96875
18,network_lp,142.265625,0.0,0.7032289782072366,142.69711470528856,142.265625,124.921875
19,network_lp,136.484375,0.0,0.7370170641447367,136.90859785022212,136.484375,115.46875
20,network_lp,139.765625,0.0,0.7694321032072367,140.19227013524417,139.765625,119.375
21,network_lp,217.109375,0.0,0.8026264391447366,217.59730394630608,217.109375,216.484375
22,network_lp,26.171875,0.0,0.8541899157072367,26.869210486475527,26.171875,300.0
23,network_lp,202.03125,0.0,0.8604057360197367,202.609287949132,202.03125,300.0
24,network_lp,0.0,102.96875,0.9083881578947367,-102.51436970125157,139.453125,142.5
25,network_lp,0.0,102.96875,0.8812911184210525,-102.52623889786037,123.359375,123.28125
26,network_lp,0.0,102.96875,0.8541940789473683,-102.545738292289,116.25,102.96875
27,network_lp,0.0,102.96875,0.8270970394736842,-102.54707054905127,122.421875,105.390625
28,network_lp,0.0,0.0,0.8,0.42361727896645346,148.515625,121.71875
29,network_lp,0.0,0.0,0.8,0.4225272507064599,153.4375,123.59375
30,network_lp,0.0,0.0,0.8,0.42361727896656365,156.171875,126.015625
31,network_lp,0.0,0.0,0.8,0.4290674202664212,166.25,136.40625
32,network_lp,0.0,0.0,0.8,0.5143318530479675,290.546875,173.28125
33,network_lp,0.0,0.0,0.8,0.532014533710134,266.015625,177.5
34,network_lp,0.0,0.0,0.8,0.4308841340331139,169.6875,139.84375
35,network_lp,0.0,0.0,0.8,0.44178441663304935,185.9375,156.25
36,network_lp,0.0,0.0,0.8,0.4387565603552283,181.40625,153.28125
37,network_lp,0.0,0.0,0.8,0.4558336697618306,206.875,159.53125
38,network_lp,0.0,0.0,0.8,0.4375454178440999,179.609375,151.25
39,network_lp,0.0,0.0,0.8,0.4314897052886781,170.546875,140.859375
40,network_lp,0.0,0.0,0.8,0.4253128784820112,161.328125,130.390625
41,network_lp,0.0,0.0,0.8,0.4327008477998065,172.421875,142.96875
42,network_lp,0.0,0.0,0.8,0.42664513524427455,163.28125,132.65625
43,network_lp,0.0,0.0,0.8,0.42737182075086344,164.375,133.90625
44,network_lp,0.0,0.0,0.8,0.4241017359708828,159.53125,128.359375
45,network_lp,0.0,0.0,0.8,0.42119499394430676,155.15625,123.359375
46,network_lp,0.0,0.0,0.8,0.42058942268874255,154.21875,122.34375
47,network_lp,0.0,0.0,0.8,0.421800565199871,156.015625,124.453125
0,fixed_recovery,0.0,0.0,0.8,0.4234961647153186,158.59375,127.34375
1,fixed_recovery,0.0,0.0,0.8,0.42058942268874255,154.21875,122.34375
2,fixed_recovery,0.0,0.0,0.8,0.42240613645543523,156.953125,125.46875
3,fixed_recovery,0.0,0.0,0.8,0.4249495357287168,160.78125,129.765625
4,fixed_recovery,0.0,0.0,0.8,0.4241017359708828,159.53125,128.359375
5,fixed_recovery,0.0,0.0,0.8,0.4237383932175883,158.984375,127.734375
6,fixed_recovery,0.0,0.0,0.8,0.42361727896656365,158.75,127.5
7,fixed_recovery,0.0,0.0,0.8,0.4278562777552928,165.15625,134.6875
8,fixed_recovery,0.0,94.48046875,0.8,-94.05394472900686,163.125,132.421875
9,fixed_recovery,0.0,94.48046875,0.77513671875,-94.05261247224459,165.15625,134.6875
10,fixed_recovery,0.0,94.48046875,0.7502734375,-94.05019018722246,168.75,138.828125
11,fixed_recovery,0.0,94.48046875,0.72541015625,-94.0477679022003,172.421875,142.96875
12,fixed_recovery,26.171875,0.0,0.700546875,26.59743010698428,161.25,130.546875
13,fixed_recovery,26.171875,0.0,0.7067626953125,26.603970276544132,165.46875,138.515625
14,fixed_recovery,26.171875,0.0,0.712978515625,26.60033684901097,149.0625,126.25
15,fixed_recovery,26.171875,0.0,0.7191943359375,26.592464422688742,107.734375,96.171875
16,fixed_recovery,26.171875,0.0,0.72541015625,26.66501185910366,209.21875,216.328125
17,fixed_recovery,26.171875,0.0,0.7316259765625,26.621531842955275,155.78125,147.96875
18,fixed_recovery,26.171875,0.0,0.737841796875,26.603364705288566,142.265625,124.921875
19,fixed_recovery,26.171875,0.0,0.7440576171875,26.59609785022213,136.484375,115.46875
20,fixed_recovery,26.171875,0.0,0.7502734375,26.598520135244165,139.765625,119.375
21,fixed_recovery,26.171875,0.0,0.7564892578125,26.659803946306074,217.109375,216.484375
22,fixed_recovery,26.171875,0.0,0.762705078125,26.869210486475527,26.171875,300.0
23,fixed_recovery,26.171875,0.0,0.7689208984375,26.74991294913202,202.03125,300.0
24,fixed_recovery,0.0,94.48046875,0.77513671875,-94.02608845125157,139.453125,142.5
25,fixed_recovery,0.0,94.48046875,0.7502734375,-94.03795764786037,123.359375,123.28125
26,fixed_recovery,0.0,94.48046875,0.72541015625,-94.057457042289,116.25,102.96875
27,fixed_recovery,0.0,94.48046875,0.700546875,-94.05878929905127,122.421875,105.390625
28,fixed_recovery,26.171875,0.0,0.67568359375,26.595492278966454,148.515625,121.71875
29,fixed_recovery,26.171875,0.0,0.6818994140625,26.59440225070646,153.4375,123.59375
30,fixed_recovery,26.171875,0.0,0.688115234375,26.595492278966564,156.171875,126.015625
31,fixed_recovery,26.171875,0.0,0.6943310546875,26.60094242026642,166.25,136.40625
32,fixed_recovery,26.171875,0.0,0.700546875,26.686206853047967,290.546875,173.28125
33,fixed_recovery,26.171875,0.0,0.7067626953125,26.703889533710132,266.015625,177.5
34,fixed_recovery,26.171875,0.0,0.712978515625,26.602759134033114,169.6875,139.84375
35,fixed_recovery,26.171875,0.0,0.7191943359375,26.61365941663305,185.9375,156.25
36,fixed_recovery,26.171875,0.0,0.72541015625,26.610631560355227,181.40625,153.28125
37,fixed_recovery,26.171875,0.0,0.7316259765625,26.62770866976183,206.875,159.53125
38,fixed_recovery,26.171875,0.0,0.737841796875,26.6094204178441,179.609375,151.25
39,fixed_recovery,26.171875,0.0,0.7440576171875,26.603364705288676,170.546875,140.859375
40,fixed_recovery,26.171875,0.0,0.7502734375,26.59718787848201,161.328125,130.390625
41,fixed_recovery,26.171875,0.0,0.7564892578125,26.604575847799808,172.421875,142.96875
42,fixed_recovery,26.171875,0.0,0.762705078125,26.598520135244275,163.28125,132.65625
43,fixed_recovery,26.171875,0.0,0.7689208984375,26.599246820750864,164.375,133.90625
44,fixed_recovery,26.171875,0.0,0.77513671875,26.595976735970883,159.53125,128.359375
45,fixed_recovery,26.171875,0.0,0.7813525390625,26.593069993944308,155.15625,123.359375
46,fixed_recovery,26.171875,0.0,0.787568359375,26.592464422688742,154.21875,122.34375
47,fixed_recovery,26.171875,0.0,0.7937841796875,26.59367556519987,156.015625,124.453125
0,myopic_recovery,0.0,0.0,0.8,0.4234961647153186,158.59375,127.34375
1,myopic_recovery,0.0,0.0,0.8,0.42058942268874255,154.21875,122.34375
2,myopic_recovery,0.0,0.0,0.8,0.42240613645543523,156.953125,125.46875
3,myopic_recovery,0.0,0.0,0.8,0.4249495357287168,160.78125,129.765625
4,myopic_recovery,0.0,0.0,0.8,0.4241017359708828,159.53125,128.359375
5,myopic_recovery,0.0,0.0,0.8,0.4237383932175883,158.984375,127.734375
6,myopic_recovery,0.0,0.0,0.8,0.42361727896656365,158.75,127.5
7,myopic_recovery,0.0,0.0,0.8,0.4278562777552928,165.15625,134.6875
8,myopic_recovery,0.0,102.96875,0.8,-102.54222597900686,163.125,132.421875
9,myopic_recovery,0.0,102.96875,0.7729029605263158,-102.54089372224459,165.15625,134.6875
10,myopic_recovery,0.0,102.96875,0.7458059210526317,-102.53847143722246,168.75,138.828125
11,myopic_recovery,0.0,102.96875,0.7187088815789475,-102.5360491522003,172.421875,142.96875
12,myopic_recovery,0.0,0.0,0.6916118421052634,0.425555106984281,161.25,130.546875
13,myopic_recovery,0.0,0.0,0.6916118421052634,0.4320952765441321,165.46875,138.515625
14,myopic_recovery,0.0,0.0,0.6916118421052634,0.4284618490109672,149.0625,126.25
15,myopic_recovery,0.0,0.0,0.6916118421052634,0.42058942268874255,107.734375,96.171875
16,myopic_recovery,0.0,0.0,0.6916118421052634,0.4931368591036607,209.21875,216.328125
17,myopic_recovery,0.0,0.0,0.6916118421052634,0.4496568429552739,155.78125,147.96875
18,myopic_recovery,0.0,0.0,0.6916118421052634,0.4314897052885679,142.265625,124.921875
19,myopic_recovery,0.0,0.0,0.6916118421052634,0.42422285022212786,136.484375,115.46875
20,myopic_recovery,0.0,0.0,0.6916118421052634,0.42664513524416436,139.765625,119.375
21,myopic_recovery,0.0,0.0,0.6916118421052634,0.48792894630607286,217.109375,216.484375
22,myopic_recovery,0.0,0.0,0.6916118421052634,0.6973354864755286,26.171875,300.0
23,myopic_recovery,0.0,0.0,0.6916118421052634,0.5780379491320227,202.03125,300.0
24,myopic_recovery,0.0,102.96875,0.6916118421052634,-102.51436970125157,139.453125,142.5
25,myopic_recovery,0.0,102.96875,0.6645148026315791,-102.52623889786037,123.359375,123.28125
26,myopic_recovery,0.0,102.96875,0.637417763157895,-102.545738292289,116.25,102.96875
27,myopic_recovery,0.0,102.96875,0.6103207236842109,-102.54707054905127,122.421875,105.390625
28,myopic_recovery,148.515625,0.0,0.5832236842105267,148.93924227896645,148.515625,121.71875
29,myopic_recovery,153.4375,0.0,0.6184961451480266,153.86002725070645,153.4375,123.59375
30,myopic_recovery,156.171875,0.0,0.6549375513980267,156.59549227896656,156.171875,126.015625
31,myopic_recovery,166.25,0.0,0.6920283717105267,166.67906742026642,166.25,136.40625
32,myopic_recovery,288.36738227146657,0.0,0.7315127467105267,288.88171412451453,290.546875,173.28125
33,myopic_recovery,0.0,0.0,0.8,0.532014533710134,266.015625,177.5
34,myopic_recovery,0.0,0.0,0.8,0.4308841340331139,169.6875,139.84375
35,myopic_recovery,0.0,0.0,0.8,0.44178441663304935,185.9375,156.25
36,myopic_recovery,0.0,0.0,0.8,0.4387565603552283,181.40625,153.28125
37,myopic_recovery,0.0,0.0,0.8,0.4558336697618306,206.875,159.53125
38,myopic_recovery,0.0,0.0,0.8,0.4375454178440999,179.609375,151.25
39,myopic_recovery,0.0,0.0,0.8,0.4314897052886781,170.546875,140.859375
40,myopic_recovery,0.0,0.0,0.8,0.4253128784820112,161.328125,130.390625
41,myopic_recovery,0.0,0.0,0.8,0.4327008477998065,172.421875,142.96875
42,myopic_recovery,0.0,0.0,0.8,0.42664513524427455,163.28125,132.65625
43,myopic_recovery,0.0,0.0,0.8,0.42737182075086344,164.375,133.90625
44,myopic_recovery,0.0,0.0,0.8,0.4241017359708828,159.53125,128.359375
45,myopic_recovery,0.0,0.0,0.8,0.42119499394430676,155.15625,123.359375
46,myopic_recovery,0.0,0.0,0.8,0.42058942268874255,154.21875,122.34375
47,myopic_recovery,0.0,0.0,0.8,0.421800565199871,156.015625,124.453125
0,energy_only,0.0,0.0,0.8,0.4234961647153186,158.59375,127.34375
1,energy_only,0.0,0.0,0.8,0.42058942268874255,154.21875,122.34375
2,energy_only,0.0,0.0,0.8,0.42240613645543523,156.953125,125.46875
3,energy_only,0.0,0.0,0.8,0.4249495357287168,160.78125,129.765625
4,energy_only,0.0,0.0,0.8,0.4241017359708828,159.53125,128.359375
5,energy_only,0.0,0.0,0.8,0.4237383932175883,158.984375,127.734375
6,energy_only,0.0,0.0,0.8,0.42361727896656365,158.75,127.5
7,energy_only,0.0,0.0,0.8,0.4278562777552928,165.15625,134.6875
8,energy_only,0.0,300.0,0.8,-299.57347597900684,163.125,132.421875
9,energy_only,0.0,300.0,0.7210526315789474,-299.5721437222446,165.15625,134.6875
10,energy_only,0.0,300.0,0.6421052631578948,-299.5697214372224,168.75,138.828125
11,energy_only,0.0,300.0,0.5631578947368422,-299.5672991522003,172.421875,142.96875
12,energy_only,0.0,0.0,0.4842105263157896,0.425555106984281,161.25,130.546875
13,energy_only,0.0,0.0,0.4842105263157896,0.4320952765441321,165.46875,138.515625
14,energy_only,0.0,0.0,0.4842105263157896,0.4284618490109672,149.0625,126.25
15,energy_only,0.0,0.0,0.4842105263157896,0.42058942268874255,107.734375,96.171875
16,energy_only,0.0,0.0,0.4842105263157896,0.4931368591036607,209.21875,216.328125
17,energy_only,0.0,0.0,0.4842105263157896,0.4496568429552739,155.78125,147.96875
18,energy_only,0.0,0.0,0.4842105263157896,0.4314897052885679,142.265625,124.921875
19,energy_only,0.0,0.0,0.4842105263157896,0.42422285022212786,136.484375,115.46875
20,energy_only,0.0,0.0,0.4842105263157896,0.42664513524416436,139.765625,119.375
21,energy_only,0.0,0.0,0.4842105263157896,0.48792894630607286,217.109375,216.484375
22,energy_only,0.0,0.0,0.4842105263157896,0.6973354864755286,26.171875,300.0
23,energy_only,132.96398891966658,0.0,0.4842105263157896,133.5420268687986,202.03125,300.0
24,energy_only,0.0,300.0,0.5157894736842104,-299.54561970125155,139.453125,142.5
25,energy_only,0.0,300.0,0.4368421052631578,-299.55748889786037,123.359375,123.28125
26,energy_only,0.0,300.0,0.3578947368421052,-299.576988292289,116.25,102.96875
27,energy_only,0.0,300.0,0.2789473684210526,-299.5783205490513,122.421875,105.390625
28,energy_only,0.0,0.0,0.2,0.42361727896645346,148.515625,121.71875
29,energy_only,0.0,0.0,0.2,0.4225272507064599,153.4375,123.59375
30,energy_only,0.0,0.0,0.2,0.42361727896656365,156.171875,126.015625
31,energy_only,0.0,0.0,0.2,0.4290674202664212,166.25,136.40625
32,energy_only,0.0,0.0,0.2,0.5143318530479675,290.546875,173.28125
33,energy_only,0.0,0.0,0.2,0.532014533710134,266.015625,177.5
34,energy_only,0.0,0.0,0.2,0.4308841340331139,169.6875,139.84375
35,energy_only,0.0,0.0,0.2,0.44178441663304935,185.9375,156.25
36,energy_only,0.0,0.0,0.2,0.4387565603552283,181.40625,153.28125
37,energy_only,0.0,0.0,0.2,0.4558336697618306,206.875,159.53125
38,energy_only,0.0,0.0,0.2,0.4375454178440999,179.609375,151.25
39,energy_only,201.94078947368422,0.0,0.2,202.3722791789729,170.546875,140.859375
40,energy_only,290.546875,0.0,0.2479609375,290.97218787848203,161.328125,130.390625
41,energy_only,290.546875,0.0,0.3169658203125,290.9795758477998,172.421875,142.96875
42,energy_only,290.546875,0.0,0.385970703125,290.97352013524426,163.28125,132.65625
43,energy_only,290.546875,0.0,0.4549755859375,290.97424682075086,164.375,133.90625
44,energy_only,290.546875,0.0,0.52398046875,290.9709767359709,159.53125,128.359375
45,energy_only,290.546875,0.0,0.5929853515625,290.9680699939443,155.15625,123.359375
46,energy_only,290.546875,0.0,0.661990234375,290.96746442268875,154.21875,122.34375
47,energy_only,290.546875,0.0,0.7309951171875,290.9686755651999,156.015625,124.453125
