site,capacity_kwh,second_start,second_gap_h,n_units,n_dates,estimand,lp_mean_kw,lp_ci_low_kw,lp_ci_high_kw,lp_unit_mean_kw,relaxed_bound_mean_kw,relaxed_bound_unit_mean_kw,contraction_mean_kw,contraction_ci_low_kw,contraction_ci_high_kw,contraction_unit_mean_kw,contraction_fraction,fixed_lp_gap_mean_kw,fixed_lp_gap_unit_mean_kw,greedy_match_fraction,certificate_witness_counts
611.3,250.0,14,1.0,2188,219,date_weighted_mean_of_date_means,71.25,71.25,71.25,71.25,71.25000000000001,71.25000000000001,1.4210854715202004e-14,1.4210854715202004e-14,1.4210854715202004e-14,1.4210854715202004e-14,0.0,31.350000000000005,31.349999999999994,1.0,{}
611.3,250.0,16,2.0,2188,219,date_weighted_mean_of_date_means,71.25,71.25,71.25,71.25,71.25000000000001,71.25000000000001,1.4210854715202004e-14,1.4210854715202004e-14,1.4210854715202004e-14,1.4210854715202004e-14,0.0,25.90909090909092,25.90909090909091,1.0,{}
611.3,250.0,20,4.0,2188,219,date_weighted_mean_of_date_means,71.23583761415524,71.22352935930365,71.24536244292237,71.23582466864717,71.23583761415527,71.23582466864717,1.4158942917155603e-14,1.4120009068620805e-14,1.4191387790934603e-14,1.4158895465786274e-14,0.0,15.819170947488564,15.819158001980478,1.0,{}
611.3,250.0,24,6.0,2188,219,date_weighted_mean_of_date_means,71.23844631804724,71.2279565206728,71.24671803652969,71.2384357570948,71.23847745433791,71.23846692184644,3.113629068195937e-05,1.4120009068620804e-14,9.340887201759917e-05,3.116475164235037e-05,0.0004570383912248629,15.821779651380545,15.82176909042812,1.0,"{""reachability_lower"": 1}"
611.3,500.0,14,1.0,2188,219,date_weighted_mean_of_date_means,123.26974944061944,122.60747498205797,123.9297350950662,123.26973481954126,123.26974944061944,123.26973481954126,1.1874823803114006e-15,9.928131376374001e-16,1.4016185472528001e-15,1.1885678303848112e-15,0.0,43.502248040103645,43.49998936255046,1.0,{}
611.3,500.0,16,2.0,2188,219,date_weighted_mean_of_date_means,137.22575786402842,136.30443600171233,138.08647508006723,137.22109946297988,137.22575786402842,137.22109946297988,1.8128753473315027e-14,1.690879016936487e-14,1.9361658676917028e-14,1.8120788233735646e-14,0.0,46.669982937369326,46.661508183951895,1.0,{}
611.3,500.0,20,4.0,2188,219,date_weighted_mean_of_date_means,126.18839183789954,124.15457066923516,128.13875481592464,126.17348177559415,126.18839183789954,126.17348177559415,1.0654896549023603e-14,9.292211850305602e-15,1.1991625348718404e-14,1.0638656317870604e-14,0.0,18.50272410234861,18.482527951944288,1.0,{}
611.3,500.0,24,6.0,2188,219,date_weighted_mean_of_date_means,124.52960008006723,122.50707585997947,126.51078703431196,124.51331405500171,124.54787385844749,124.53146423674589,0.018273778380273494,8.889895415446003e-15,0.05341961369546949,0.01815018174418241,0.0018281535648994515,17.09665060697824,17.07530949771002,1.0,"{""reachability_lower"": 4}"
611.3,1000.0,14,1.0,2188,219,date_weighted_mean_of_date_means,150.0417776509386,149.1062390006659,150.94298074026509,150.0360631855576,150.0417776509386,150.0360631855576,0.0,0.0,0.0,0.0,0.0,2.5185677248488485,2.4974720361536393,1.0,{}
611.3,1000.0,16,2.0,2188,219,date_weighted_mean_of_date_means,144.9298817224759,143.41116313498858,146.4800965563166,144.9209109346435,144.9298817224759,144.9209109346435,0.0,0.0,0.0,0.0,0.0,1.2084626068884248,1.1871953374942879,1.0,{}
611.3,1000.0,20,4.0,2188,219,date_weighted_mean_of_date_means,130.46301449137493,127.91009570411593,132.92860193509006,130.4393281535649,130.46301449137493,130.4393281535649,0.0,0.0,0.0,0.0,0.0,0.4498839983140961,0.427312358365707,1.0,{}
611.3,1000.0,24,6.0,2188,219,date_weighted_mean_of_date_means,128.5066075279046,125.98292397973745,131.1514007800609,128.48059729204752,128.5066075279046,128.48059729204752,0.0,0.0,0.0,0.0,0.0,0.4387004105096821,0.4161185479033365,1.0,{}
611.3,2000.0,14,1.0,2188,219,date_weighted_mean_of_date_means,150.0417776509386,149.10048248430368,150.9789522291984,150.0360631855576,150.0417776509386,150.0360631855576,0.0,0.0,0.0,0.0,0.0,2.19476159851704,2.1743958821317046,1.0,{}
611.3,2000.0,16,2.0,2188,219,date_weighted_mean_of_date_means,144.9298817224759,143.41769535213723,146.39136433361872,144.9209109346435,144.9298817224759,144.9209109346435,0.0,0.0,0.0,0.0,0.0,1.2084626068884248,1.1871953374942879,1.0,{}
611.3,2000.0,20,4.0,2188,219,date_weighted_mean_of_date_means,130.46301449137493,127.90438853611745,132.9693427749239,130.4393281535649,130.46301449137493,130.4393281535649,0.0,0.0,0.0,0.0,0.0,0.4498839983140961,0.427312358365707,1.0,{}
611.3,2000.0,24,6.0,2188,219,date_weighted_mean_of_date_means,128.5066075279046,125.9109308607623,131.05177178462708,128.48059729204752,128.5066075279046,128.48059729204752,0.0,0.0,0.0,0.0,0.0,0.4387004105096821,0.4161185479033365,1.0,{}
634.1,250.0,14,1.0,2188,219,date_weighted_mean_of_date_means,54.96350165535024,54.848679282487936,55.07373121646937,54.96366481188229,54.96350165535024,54.96366481188229,1.4971506756020781e-15,1.379610107872712e-15,1.6236856833401784e-15,1.4970758737907046e-15,0.0,15.063501655350231,15.06366481188228,1.0,{}
634.1,250.0,16,2.0,2188,219,date_weighted_mean_of_date_means,71.0580199625527,71.00108600126022,71.11092505316346,71.05835861401323,71.05801996255272,71.05835861401323,1.2038490166399182e-14,1.1559009006735192e-14,1.2510040356917192e-14,1.2041556052095299e-14,0.0,25.717110871643634,25.717449523104136,1.0,{}
634.1,250.0,20,4.0,2188,219,date_weighted_mean_of_date_means,71.09132420091325,71.0085919663242,71.16135577197488,71.09117915904936,71.09132420091326,71.09117915904936,1.3957784699725805e-14,1.3840983154121404e-14,1.4055119321062806e-14,1.3957553374300322e-14,0.0,15.688498858447467,15.688366468616675,1.0,{}
634.1,250.0,24,6.0,2188,219,date_weighted_mean_of_date_means,71.07856393164757,70.98597571643073,71.15513989595348,71.07848307663606,71.08329765981736,71.08314528107861,0.004733728169804016,1.3899383926923603e-14,0.013443370027522205,0.004662204442569921,0.002742230347349177,15.681803086898682,15.681740427336827,1.0,"{""reachability_lower"": 6}"
634.1,500.0,14,1.0,2188,219,date_weighted_mean_of_date_means,90.58850165535024,90.47486380300614,90.70313190694391,90.5886648118823,90.58850165535024,90.5886648118823,2.9943013512041563e-15,2.742673330118134e-15,3.242360436174488e-15,2.9941517475814093e-15,0.0,10.78850165535023,10.788664811882278,1.0,{}
634.1,500.0,16,2.0,2188,219,date_weighted_mean_of_date_means,109.21201043549436,108.93106601433682,109.48574582796373,109.21230306956625,109.21201043549436,109.21230306956625,2.8227040187730014e-15,2.5696340032968008e-15,3.0822630090050006e-15,2.8252841869802886e-15,0.0,18.601161687178358,18.599644650689704,1.0,{}
634.1,500.0,20,4.0,2188,219,date_weighted_mean_of_date_means,127.82941349147602,125.60136523579946,130.00393831671292,127.81848459191468,127.82941349147603,127.81848459191468,1.0937527449498449e-14,9.583494717121513e-15,1.2333486168769798e-14,1.0937422002011048e-14,0.0,20.770304037862125,20.75290687277429,1.0,{}
634.1,500.0,24,6.0,2188,219,date_weighted_mean_of_date_means,122.613676262347,120.69042936451842,124.43407671264463,122.61023626519297,126.90205846674567,126.8888710779798,4.288382204398685,3.783633248385781,4.834026218599469,4.278634812786847,0.5214808043875686,15.726007899867058,15.716256347507446,1.0,"{""reachability_lower"": 1141}"
634.1,1000.0,14,1.0,2188,219,date_weighted_mean_of_date_means,159.93427827728956,159.43835428439132,160.38440151467108,159.94455491274613,159.93427827728956,159.94455491274613,4.934504803188357e-15,4.4442267105279134e-15,5.4118770460567096e-15,4.936128694494298e-15,0.0,15.418375486299402,15.394210080850582,1.0,{}
634.1,1000.0,16,2.0,2188,219,date_weighted_mean_of_date_means,158.28738104533974,156.4935501047744,159.9688711230857,158.29620719133246,158.28738104533974,158.29620719133246,0.0,0.0,0.0,0.0,0.0,17.013789154986913,16.99113698119003,1.0,{}
634.1,1000.0,20,4.0,2188,219,date_weighted_mean_of_date_means,137.18599665032292,133.95061639818218,140.35822399586485,137.17499565575488,137.18599665032292,137.17499565575488,1.2977949511600005e-17,0.0,3.8933848534800017e-17,1.2989812353932362e-17,0.0,10.482530955032884,10.453369854747498,1.0,{}
634.1,1000.0,24,6.0,2188,219,date_weighted_mean_of_date_means,135.40759318137077,132.1890476098992,138.64485318692493,135.3935519053978,135.40759318137077,135.3935519053978,0.0,0.0,0.0,0.0,0.0,10.27780732816597,10.247044410682332,1.0,{}
634.1,2000.0,14,1.0,2188,219,date_weighted_mean_of_date_means,166.7184434563211,165.89663846607104,167.53112285360217,166.73434499197802,166.71844345632107,166.73434499197802,0.0,0.0,0.0,0.0,0.0,20.743933894497587,20.72406011066521,1.0,{}
634.1,2000.0,16,2.0,2188,219,date_weighted_mean_of_date_means,158.28738104533974,156.51971016343836,159.99848663485946,158.29620719133248,158.28738104533974,158.29620719133246,0.0,0.0,0.0,0.0,0.0,17.013789154986917,16.99113698119004,1.0,{}
634.1,2000.0,20,4.0,2188,219,date_weighted_mean_of_date_means,137.18599665032292,133.92676860817716,140.35982308270957,137.17499565575488,137.18599665032292,137.17499565575488,0.0,0.0,0.0,0.0,0.0,10.482530955032885,10.4533698547475,1.0,{}
634.1,2000.0,24,6.0,2188,219,date_weighted_mean_of_date_means,135.40759318137077,132.23587919260842,138.7206317195444,135.3935519053978,135.40759318137077,135.3935519053978,0.0,0.0,0.0,0.0,0.0,10.277807328165975,10.247044410682335,1.0,{}
