site,method,target_empirical_coverage,offer_kw,frontier_coverage,frontier_replay_coverage,mean_shortfall_kwh,n_units
611.3,energy_only,0.9,194.4296875,0.899908592321755,0.0,2.916947554844607,2188
611.3,energy_only,0.95,188.17968750000003,0.9497257769652651,0.0,1.0697554844607002,2188
611.3,energy_only,0.99,179.490625,0.9899451553930531,0.0,0.13447783363802537,2188
611.3,fixed_recovery,0.9,96.64843749999999,0.899908592321755,0.899908592321755,3.5971363688299762,2188
611.3,fixed_recovery,0.95,89.24609375000001,0.9497257769652651,0.9497257769652651,1.408525194241319,2188
611.3,fixed_recovery,0.99,78.4953125,0.9899451553930531,0.9899451553930531,0.24475976919561232,2188
611.3,myopic_recovery,0.9,96.7734375,0.899908592321755,0.899908592321755,3.5920789533820843,2188
611.3,myopic_recovery,0.95,89.296875,0.95018281535649,0.95018281535649,1.377685100548446,2188
611.3,myopic_recovery,0.99,78.58359375,0.9899451553930531,0.9899451553930531,0.2269681215722123,2188
611.3,network_lp,0.9,96.7734375,0.899908592321755,0.899908592321755,3.5920789533820843,2188
611.3,network_lp,0.95,89.296875,0.95018281535649,0.95018281535649,1.377685100548446,2188
611.3,network_lp,0.99,78.58359375,0.9899451553930531,0.9899451553930531,0.2269681215722123,2188
634.1,energy_only,0.9,226.1015625,0.899908592321755,0.0,2.6095321069469835,2188
634.1,energy_only,0.95,220.73046875,0.9497257769652651,0.0,1.0201239716636197,2188
634.1,energy_only,0.99,212.109375,0.9904021937842779,0.0,0.14782335466179158,2188
634.1,fixed_recovery,0.9,96.515625,0.899908592321755,0.899908592321755,6.202096663619744,2188
634.1,fixed_recovery,0.95,83.203125,0.95018281535649,0.95018281535649,2.2462008683729433,2188
634.1,fixed_recovery,0.99,66.52187500000001,0.9899451553930531,0.9899451553930531,0.3908478062157224,2188
634.1,myopic_recovery,0.9,96.515625,0.899908592321755,0.8994515539305301,6.202096663619744,2188
634.1,myopic_recovery,0.95,83.203125,0.95018281535649,0.9497257769652651,2.2462008683729433,2188
634.1,myopic_recovery,0.99,66.52187500000001,0.9899451553930531,0.9894881170018281,0.3908478062157224,2188
634.1,network_lp,0.9,96.515625,0.899908592321755,0.899908592321755,6.202096663619744,2188
634.1,network_lp,0.95,83.203125,0.95018281535649,0.95018281535649,2.2462008683729433,2188
634.1,network_lp,0.99,66.52187500000001,0.9899451553930531,0.9899451553930531,0.3908478062157224,2188
