site,energy_kwh,method,estimate,ci_low,ci_high,n_units,n_dates
611.3,250.0,causal_h12,71.23847750164089,71.22805905117045,71.24682510451073,2188,219
611.3,250.0,causal_h24,71.23847750164089,71.22805905117045,71.24682510451073,2188,219
611.3,250.0,causal_h4,71.04337940970896,70.95463664941268,71.12201878256947,2188,219
611.3,250.0,causal_h8,71.23847750164089,71.22805905117045,71.24682510451073,2188,219
611.3,250.0,fixed_recovery,56.99999999999999,56.99999999999999,56.99999999999999,2188,219
611.3,250.0,myopic_recovery,71.23847750164268,71.22805905117224,71.24682510451254,2188,219
611.3,250.0,network_lp,71.2384774543379,71.22805900399544,71.24682505707763,2188,219
611.3,500.0,causal_h12,124.55850458238749,122.51843073581108,126.53704518079049,2188,219
611.3,500.0,causal_h24,124.55850458238749,122.51843073581108,126.53704518079049,2188,219
611.3,500.0,causal_h4,122.81112353366305,120.73217930065931,124.76195988784461,2188,219
611.3,500.0,causal_h8,124.55850458238749,122.51843073581108,126.53704518079049,2188,219
611.3,500.0,fixed_recovery,109.85678248668187,109.0538442048373,110.60434423753804,2188,219
611.3,500.0,myopic_recovery,124.55850458239038,122.51843073581401,126.53704518079334,2188,219
611.3,500.0,network_lp,124.55850456621005,122.51843072203197,126.53704516267123,2188,219
611.3,1000.0,causal_h12,128.5160318391169,125.9278739259517,130.99363590822696,2188,219
611.3,1000.0,causal_h24,128.52565718543522,125.93740635701698,130.9999843432865,2188,219
611.3,1000.0,causal_h4,125.27110443262224,123.06626722545957,127.38203740047184,2188,219
611.3,1000.0,causal_h8,128.4836376854357,125.89819931892765,130.96213904102922,2188,219
611.3,1000.0,fixed_recovery,128.36783929477423,125.80139135135244,130.82984530477074,2188,219
611.3,1000.0,myopic_recovery,128.52565718543886,125.93740635702055,130.9999843432902,2188,219
611.3,1000.0,network_lp,128.52565718543886,125.93740635702055,130.9999843432902,2188,219
611.3,2000.0,causal_h12,128.5160318391169,125.9278739259517,130.99363590822696,2188,219
611.3,2000.0,causal_h24,128.52565718543522,125.93740635701698,130.9999843432865,2188,219
611.3,2000.0,causal_h4,124.26234903669733,122.18883861393842,126.25140736022138,2188,219
611.3,2000.0,causal_h8,128.4722661824553,125.88912564026475,130.95317856328188,2188,219
611.3,2000.0,fixed_recovery,128.36783929477423,125.80139135135244,130.82984530477074,2188,219
611.3,2000.0,myopic_recovery,128.52565718543886,125.93740635702055,130.9999843432902,2188,219
611.3,2000.0,network_lp,128.52565718543886,125.93740635702055,130.9999843432902,2188,219
634.1,250.0,causal_h12,71.08329770644785,70.99135635323312,71.16335175225834,2188,219
634.1,250.0,causal_h24,71.08329770644785,70.99135635323312,71.16335175225834,2188,219
634.1,250.0,causal_h4,70.80816788591983,70.59495851184263,70.9882060295721,2188,219
634.1,250.0,causal_h8,71.08329770644785,70.99135635323312,71.16335175225834,2188,219
634.1,250.0,fixed_recovery,56.97356592465753,56.952596853595885,56.99065496575342,2188,219
634.1,250.0,myopic_recovery,71.08329770644976,70.99135635323503,71.16335175226025,2188,219
634.1,250.0,network_lp,71.08329765981735,70.99135630707762,71.16335170519406,2188,219
634.1,500.0,causal_h12,126.97185629271002,124.69195220771097,129.1538805438463,2188,219
634.1,500.0,causal_h24,127.00884705328143,124.71792150152828,129.20233307160072,2188,219
634.1,500.0,causal_h4,45.04432078884492,44.74257498388954,45.35179585598877,2188,219
634.1,500.0,causal_h8,122.04573616340741,119.83953198482587,124.29814964606705,2188,219
634.1,500.0,fixed_recovery,109.75873287671232,108.72028324771689,110.75373644406392,2188,219
634.1,500.0,myopic_recovery,127.00884705328421,124.71792150153114,129.20233307160353,2188,219
634.1,500.0,network_lp,127.00884703196347,124.71792148259132,129.20233304794522,2188,219
634.1,1000.0,causal_h12,108.38920402603365,107.15953666327775,109.68767518788667,2188,219
634.1,1000.0,causal_h24,138.06696087674783,134.35047481389236,141.62371522805404,2188,219
634.1,1000.0,causal_h4,45.04432078884497,44.74257498388959,45.35179585598882,2188,219
634.1,1000.0,causal_h8,79.48344484552433,78.85480035445113,80.13140502162524,2188,219
634.1,1000.0,fixed_recovery,138.18665751046424,134.51344764911528,141.78431448879851,2188,219
634.1,1000.0,myopic_recovery,138.06696087657716,134.3504748138523,141.62371522782374,2188,219
634.1,1000.0,network_lp,138.5105395421106,134.75319367151826,142.14154478215372,2188,219
634.1,2000.0,causal_h12,108.3892040260336,107.1595366632777,109.68767518788658,2188,219
634.1,2000.0,causal_h24,136.0776062650175,132.7000138737706,139.35222886323317,2188,219
634.1,2000.0,causal_h4,45.04432078884486,44.742574983889476,45.351795855988705,2188,219
634.1,2000.0,causal_h8,79.48344484552423,78.85480035445103,80.13140502162516,2188,219
634.1,2000.0,fixed_recovery,138.18665751046424,134.51344764911528,141.78431448879851,2188,219
634.1,2000.0,myopic_recovery,136.07760626162445,132.70001387090628,139.35222885915715,2188,219
634.1,2000.0,network_lp,138.5105395421106,134.75319367151826,142.14154478215372,2188,219
