site,power_cap_kw,n,mean_endpoint_kw,p05_endpoint_kw,p95_endpoint_kw
611.3,80.0,2190,79.9251926369863,80.0,80.0
611.3,100.0,2190,98.74521974885845,89.296875,100.0
611.3,150.0,2190,126.75970319634703,89.296875,150.0
611.3,200.0,2190,128.53017979452054,89.296875,159.53125
611.3,300.0,2190,128.53017979452054,89.296875,159.53125
634.1,80.0,2190,79.5787314497717,80.0,80.0
634.1,100.0,2190,98.06763698630137,83.203125,100.0
634.1,150.0,2190,130.13145690639269,83.203125,150.0
634.1,200.0,2190,138.50735106307076,83.203125,182.38671874999997
634.1,300.0,2190,138.50977686215754,83.203125,182.38671874999997
