variant,site,n,mean_endpoint_kw,p05_endpoint_kw,p95_endpoint_kw
base,611.3,12,140.67057291666666,118.1875,158.08203125
base,634.1,12,155.76171875,127.9453125,180.140625
higher_load_gain,611.3,12,159.04296875,154.64453125,163.8203125
higher_load_gain,634.1,12,183.29427083333334,168.0,200.9140625
higher_pv_rating,611.3,12,119.55078125,84.01953125,159.90234375
higher_pv_rating,634.1,12,106.77734375,40.3125,170.3515625
lower_pv_rating,611.3,12,121.93359375,120.58984375,124.7578125
lower_pv_rating,634.1,12,175.8984375,169.34375,186.234375
pv_at_634.1,611.3,12,120.390625,119.02734375,123.23828125
pv_at_634.1,634.1,12,74.01041666666667,24.109375,131.10546875
