variant,load_gain,pv_gain,pv_rated_kw,pv_site,site,date,group,service_endpoint_kw,planner_feasible
base,0.3,0.6,300.0,675.1,611.3,2012-07-01,0,154.53125,1
base,0.3,0.6,300.0,675.1,611.3,2012-07-01,5,141.09375,1
base,0.3,0.6,300.0,675.1,611.3,2012-10-11,0,145.234375,1
base,0.3,0.6,300.0,675.1,611.3,2012-10-11,5,120.859375,1
base,0.3,0.6,300.0,675.1,611.3,2013-01-01,0,156.953125,1
base,0.3,0.6,300.0,675.1,611.3,2013-01-01,5,140.390625,1
base,0.3,0.6,300.0,675.1,611.3,2013-01-25,0,158.046875,1
base,0.3,0.6,300.0,675.1,611.3,2013-01-25,5,131.25,1
base,0.3,0.6,300.0,675.1,611.3,2013-04-01,0,124.765625,1
base,0.3,0.6,300.0,675.1,611.3,2013-04-01,5,114.921875,1
base,0.3,0.6,300.0,675.1,611.3,2013-06-30,0,158.125,1
base,0.3,0.6,300.0,675.1,611.3,2013-06-30,5,141.875,1
base,0.3,0.6,300.0,675.1,634.1,2012-07-01,0,174.375,1
base,0.3,0.6,300.0,675.1,634.1,2012-07-01,5,168.359375,1
base,0.3,0.6,300.0,675.1,634.1,2012-10-11,0,168.28125,1
base,0.3,0.6,300.0,675.1,634.1,2012-10-11,5,138.203125,1
base,0.3,0.6,300.0,675.1,634.1,2013-01-01,0,178.59375,1
base,0.3,0.6,300.0,675.1,634.1,2013-01-01,5,145.78125,1
base,0.3,0.6,300.0,675.1,634.1,2013-01-25,0,150.15625,1
base,0.3,0.6,300.0,675.1,634.1,2013-01-25,5,123.046875,1
base,0.3,0.6,300.0,675.1,634.1,2013-04-01,0,139.6875,1
base,0.3,0.6,300.0,675.1,634.1,2013-04-01,5,131.953125,1
base,0.3,0.6,300.0,675.1,634.1,2013-06-30,0,182.03125,1
base,0.3,0.6,300.0,675.1,634.1,2013-06-30,5,168.671875,1
higher_load_gain,0.45,0.6,300.0,675.1,611.3,2012-07-01,0,160.46875,1
higher_load_gain,0.45,0.6,300.0,675.1,611.3,2012-07-01,5,157.578125,1
higher_load_gain,0.45,0.6,300.0,675.1,611.3,2012-10-11,0,158.4375,1
higher_load_gain,0.45,0.6,300.0,675.1,611.3,2012-10-11,5,158.671875,1
higher_load_gain,0.45,0.6,300.0,675.1,611.3,2013-01-01,0,162.265625,1
higher_load_gain,0.45,0.6,300.0,675.1,611.3,2013-01-01,5,157.421875,1
higher_load_gain,0.45,0.6,300.0,675.1,611.3,2013-01-25,0,163.75,1
higher_load_gain,0.45,0.6,300.0,675.1,611.3,2013-01-25,5,157.8125,1
higher_load_gain,0.45,0.6,300.0,675.1,611.3,2013-04-01,0,159.0625,1
higher_load_gain,0.45,0.6,300.0,675.1,611.3,2013-04-01,5,151.25,1
higher_load_gain,0.45,0.6,300.0,675.1,611.3,2013-06-30,0,163.90625,1
higher_load_gain,0.45,0.6,300.0,675.1,611.3,2013-06-30,5,157.890625,1
higher_load_gain,0.45,0.6,300.0,675.1,634.1,2012-07-01,0,189.765625,1
higher_load_gain,0.45,0.6,300.0,675.1,634.1,2012-07-01,5,180.546875,1
higher_load_gain,0.45,0.6,300.0,675.1,634.1,2012-10-11,0,183.4375,1
higher_load_gain,0.45,0.6,300.0,675.1,634.1,2012-10-11,5,171.09375,1
higher_load_gain,0.45,0.6,300.0,675.1,634.1,2013-01-01,0,196.09375,1
higher_load_gain,0.45,0.6,300.0,675.1,634.1,2013-01-01,5,180.078125,1
higher_load_gain,0.45,0.6,300.0,675.1,634.1,2013-01-25,0,200.703125,1
higher_load_gain,0.45,0.6,300.0,675.1,634.1,2013-01-25,5,177.265625,1
higher_load_gain,0.45,0.6,300.0,675.1,634.1,2013-04-01,0,174.0625,1
higher_load_gain,0.45,0.6,300.0,675.1,634.1,2013-04-01,5,164.21875,1
higher_load_gain,0.45,0.6,300.0,675.1,634.1,2013-06-30,0,201.171875,1
higher_load_gain,0.45,0.6,300.0,675.1,634.1,2013-06-30,5,181.09375,1
lower_pv_rating,0.3,0.6,150.0,675.1,611.3,2012-07-01,0,122.5,1
lower_pv_rating,0.3,0.6,150.0,675.1,611.3,2012-07-01,5,120.625,1
lower_pv_rating,0.3,0.6,150.0,675.1,611.3,2012-10-11,0,121.171875,1
lower_pv_rating,0.3,0.6,150.0,675.1,611.3,2012-10-11,5,121.328125,1
lower_pv_rating,0.3,0.6,150.0,675.1,611.3,2013-01-01,0,123.75,1
lower_pv_rating,0.3,0.6,150.0,675.1,611.3,2013-01-01,5,120.546875,1
lower_pv_rating,0.3,0.6,150.0,675.1,611.3,2013-01-25,0,124.6875,1
lower_pv_rating,0.3,0.6,150.0,675.1,611.3,2013-01-25,5,120.78125,1
lower_pv_rating,0.3,0.6,150.0,675.1,611.3,2013-04-01,0,121.5625,1
lower_pv_rating,0.3,0.6,150.0,675.1,611.3,2013-04-01,5,120.625,1
lower_pv_rating,0.3,0.6,150.0,675.1,611.3,2013-06-30,0,124.84375,1
lower_pv_rating,0.3,0.6,150.0,675.1,611.3,2013-06-30,5,120.78125,1
lower_pv_rating,0.3,0.6,150.0,675.1,634.1,2012-07-01,0,178.75,1
lower_pv_rating,0.3,0.6,150.0,675.1,634.1,2012-07-01,5,172.65625,1
lower_pv_rating,0.3,0.6,150.0,675.1,634.1,2012-10-11,0,174.53125,1
lower_pv_rating,0.3,0.6,150.0,675.1,634.1,2012-10-11,5,170.46875,1
lower_pv_rating,0.3,0.6,150.0,675.1,634.1,2013-01-01,0,182.96875,1
lower_pv_rating,0.3,0.6,150.0,675.1,634.1,2013-01-01,5,172.34375,1
lower_pv_rating,0.3,0.6,150.0,675.1,634.1,2013-01-25,0,186.09375,1
lower_pv_rating,0.3,0.6,150.0,675.1,634.1,2013-01-25,5,172.890625,1
lower_pv_rating,0.3,0.6,150.0,675.1,634.1,2013-04-01,0,172.65625,1
lower_pv_rating,0.3,0.6,150.0,675.1,634.1,2013-04-01,5,167.96875,1
lower_pv_rating,0.3,0.6,150.0,675.1,634.1,2013-06-30,0,186.40625,1
lower_pv_rating,0.3,0.6,150.0,675.1,634.1,2013-06-30,5,173.046875,1
higher_pv_rating,0.3,0.6,450.0,675.1,611.3,2012-07-01,0,147.265625,1
higher_pv_rating,0.3,0.6,450.0,675.1,611.3,2012-07-01,5,130.703125,1
higher_pv_rating,0.3,0.6,450.0,675.1,611.3,2012-10-11,0,125.546875,1
higher_pv_rating,0.3,0.6,450.0,675.1,611.3,2012-10-11,5,91.328125,1
higher_pv_rating,0.3,0.6,450.0,675.1,611.3,2013-01-01,0,156.5625,1
higher_pv_rating,0.3,0.6,450.0,675.1,611.3,2013-01-01,5,109.140625,1
higher_pv_rating,0.3,0.6,450.0,675.1,611.3,2013-01-25,0,113.671875,1
higher_pv_rating,0.3,0.6,450.0,675.1,611.3,2013-01-25,5,83.203125,1
higher_pv_rating,0.3,0.6,450.0,675.1,611.3,2013-04-01,0,93.828125,1
higher_pv_rating,0.3,0.6,450.0,675.1,611.3,2013-04-01,5,84.6875,1
higher_pv_rating,0.3,0.6,450.0,675.1,611.3,2013-06-30,0,163.984375,1
higher_pv_rating,0.3,0.6,450.0,675.1,611.3,2013-06-30,5,134.6875,1
higher_pv_rating,0.3,0.6,450.0,675.1,634.1,2012-07-01,0,163.984375,1
higher_pv_rating,0.3,0.6,450.0,675.1,634.1,2012-07-01,5,131.5625,1
higher_pv_rating,0.3,0.6,450.0,675.1,634.1,2012-10-11,0,129.296875,1
higher_pv_rating,0.3,0.6,450.0,675.1,634.1,2012-10-11,5,84.765625,1
higher_pv_rating,0.3,0.6,450.0,675.1,634.1,2013-01-01,0,145.0,1
higher_pv_rating,0.3,0.6,450.0,675.1,634.1,2013-01-01,5,53.671875,1
higher_pv_rating,0.3,0.6,450.0,675.1,634.1,2013-01-25,0,61.875,1
higher_pv_rating,0.3,0.6,450.0,675.1,634.1,2013-01-25,5,23.984375,1
higher_pv_rating,0.3,0.6,450.0,675.1,634.1,2013-04-01,0,70.703125,1
higher_pv_rating,0.3,0.6,450.0,675.1,634.1,2013-04-01,5,74.453125,1
higher_pv_rating,0.3,0.6,450.0,675.1,634.1,2013-06-30,0,177.65625,1
higher_pv_rating,0.3,0.6,450.0,675.1,634.1,2013-06-30,5,164.375,1
pv_at_634.1,0.3,0.6,300.0,634.1,611.3,2012-07-01,0,120.9375,1
pv_at_634.1,0.3,0.6,300.0,634.1,611.3,2012-07-01,5,119.0625,1
pv_at_634.1,0.3,0.6,300.0,634.1,611.3,2012-10-11,0,119.609375,1
pv_at_634.1,0.3,0.6,300.0,634.1,611.3,2012-10-11,5,119.84375,1
pv_at_634.1,0.3,0.6,300.0,634.1,611.3,2013-01-01,0,122.1875,1
pv_at_634.1,0.3,0.6,300.0,634.1,611.3,2013-01-01,5,118.984375,1
pv_at_634.1,0.3,0.6,300.0,634.1,611.3,2013-01-25,0,123.203125,1
pv_at_634.1,0.3,0.6,300.0,634.1,611.3,2013-01-25,5,119.21875,1
pv_at_634.1,0.3,0.6,300.0,634.1,611.3,2013-04-01,0,120.078125,1
pv_at_634.1,0.3,0.6,300.0,634.1,611.3,2013-04-01,5,119.0625,1
pv_at_634.1,0.3,0.6,300.0,634.1,611.3,2013-06-30,0,123.28125,1
pv_at_634.1,0.3,0.6,300.0,634.1,611.3,2013-06-30,5,119.21875,1
pv_at_634.1,0.3,0.6,300.0,634.1,634.1,2012-07-01,0,116.09375,1
pv_at_634.1,0.3,0.6,300.0,634.1,634.1,2012-07-01,5,92.96875,1
pv_at_634.1,0.3,0.6,300.0,634.1,634.1,2012-10-11,0,93.59375,1
pv_at_634.1,0.3,0.6,300.0,634.1,634.1,2012-10-11,5,68.125,1
pv_at_634.1,0.3,0.6,300.0,634.1,634.1,2013-01-01,0,57.5,1
pv_at_634.1,0.3,0.6,300.0,634.1,634.1,2013-01-01,5,29.453125,1
pv_at_634.1,0.3,0.6,300.0,634.1,634.1,2013-01-25,0,34.296875,1
pv_at_634.1,0.3,0.6,300.0,634.1,634.1,2013-01-25,5,17.578125,1
pv_at_634.1,0.3,0.6,300.0,634.1,634.1,2013-04-01,0,52.34375,1
pv_at_634.1,0.3,0.6,300.0,634.1,634.1,2013-04-01,5,63.125,1
pv_at_634.1,0.3,0.6,300.0,634.1,634.1,2013-06-30,0,135.703125,1
pv_at_634.1,0.3,0.6,300.0,634.1,634.1,2013-06-30,5,127.34375,1
