site,day_index,group,constraint_tolerance,command_tolerance_kw,relative_command_tolerance,grid_step_kw,service_endpoint_kw
611.3,0,0,0.0,0.0,0.005,10.0,154.53125
611.3,0,0,0.0,0.0,0.005,20.0,154.53125
611.3,0,0,0.0,0.0,0.005,40.0,154.53125
611.3,0,1,0.0,0.0,0.005,10.0,150.15625
611.3,0,1,0.0,0.0,0.005,20.0,150.15625
611.3,0,1,0.0,0.0,0.005,40.0,150.15625
611.3,0,2,0.0,0.0,0.005,10.0,156.7578125
611.3,0,2,0.0,0.0,0.005,20.0,156.71875
611.3,0,2,0.0,0.0,0.005,40.0,156.71875
611.3,0,3,0.0,0.0,0.005,10.0,153.3984375
611.3,0,3,0.0,0.0,0.005,20.0,153.359375
611.3,0,3,0.0,0.0,0.005,40.0,153.28125
611.3,0,4,0.0,0.0,0.005,10.0,156.484375
611.3,0,4,0.0,0.0,0.005,20.0,156.484375
611.3,0,4,0.0,0.0,0.005,40.0,156.40625
611.3,0,5,0.0,0.0,0.005,10.0,141.09375
611.3,0,5,0.0,0.0,0.005,20.0,141.09375
611.3,0,5,0.0,0.0,0.005,40.0,141.09375
611.3,0,6,0.0,0.0,0.005,10.0,159.296875
611.3,0,6,0.0,0.0,0.005,20.0,159.296875
611.3,0,6,0.0,0.0,0.005,40.0,159.21875
611.3,0,7,0.0,0.0,0.005,10.0,157.8125
611.3,0,7,0.0,0.0,0.005,20.0,157.8125
611.3,0,7,0.0,0.0,0.005,40.0,157.8125
611.3,0,8,0.0,0.0,0.005,10.0,158.671875
611.3,0,8,0.0,0.0,0.005,20.0,158.671875
611.3,0,8,0.0,0.0,0.005,40.0,158.59375
611.3,0,9,0.0,0.0,0.005,10.0,159.6875
611.3,0,9,0.0,0.0,0.005,20.0,159.6875
611.3,0,9,0.0,0.0,0.005,40.0,159.6875
611.3,218,0,0.0,0.0,0.005,10.0,158.125
611.3,218,0,0.0,0.0,0.005,20.0,158.125
611.3,218,0,0.0,0.0,0.005,40.0,158.125
611.3,218,1,0.0,0.0,0.005,10.0,151.0546875
611.3,218,1,0.0,0.0,0.005,20.0,151.015625
611.3,218,1,0.0,0.0,0.005,40.0,150.9375
611.3,218,2,0.0,0.0,0.005,10.0,155.9375
611.3,218,2,0.0,0.0,0.005,20.0,155.9375
611.3,218,2,0.0,0.0,0.005,40.0,155.9375
611.3,218,3,0.0,0.0,0.005,10.0,160.390625
611.3,218,3,0.0,0.0,0.005,20.0,160.390625
611.3,218,3,0.0,0.0,0.005,40.0,160.3125
611.3,218,4,0.0,0.0,0.005,10.0,156.015625
611.3,218,4,0.0,0.0,0.005,20.0,156.015625
611.3,218,4,0.0,0.0,0.005,40.0,155.9375
611.3,218,5,0.0,0.0,0.005,10.0,141.9140625
611.3,218,5,0.0,0.0,0.005,20.0,141.875
611.3,218,5,0.0,0.0,0.005,40.0,141.875
611.3,218,6,0.0,0.0,0.005,10.0,157.6953125
611.3,218,6,0.0,0.0,0.005,20.0,157.65625
611.3,218,6,0.0,0.0,0.005,40.0,157.65625
611.3,218,7,0.0,0.0,0.005,10.0,162.2265625
611.3,218,7,0.0,0.0,0.005,20.0,162.1875
611.3,218,7,0.0,0.0,0.005,40.0,162.1875
611.3,218,8,0.0,0.0,0.005,10.0,156.640625
611.3,218,8,0.0,0.0,0.005,20.0,156.640625
611.3,218,8,0.0,0.0,0.005,40.0,156.5625
611.3,218,9,0.0,0.0,0.005,10.0,158.90625
611.3,218,9,0.0,0.0,0.005,20.0,158.90625
611.3,218,9,0.0,0.0,0.005,40.0,158.90625
611.3,0,0,0.0,0.0,0.01,10.0,154.53125
611.3,0,0,0.0,0.0,0.01,20.0,154.53125
611.3,0,0,0.0,0.0,0.01,40.0,154.53125
611.3,0,1,0.0,0.0,0.01,10.0,150.15625
611.3,0,1,0.0,0.0,0.01,20.0,150.15625
611.3,0,1,0.0,0.0,0.01,40.0,150.15625
611.3,0,2,0.0,0.0,0.01,10.0,156.7578125
611.3,0,2,0.0,0.0,0.01,20.0,156.71875
611.3,0,2,0.0,0.0,0.01,40.0,156.71875
611.3,0,3,0.0,0.0,0.01,10.0,153.3984375
611.3,0,3,0.0,0.0,0.01,20.0,153.359375
611.3,0,3,0.0,0.0,0.01,40.0,153.28125
611.3,0,4,0.0,0.0,0.01,10.0,156.484375
611.3,0,4,0.0,0.0,0.01,20.0,156.484375
611.3,0,4,0.0,0.0,0.01,40.0,156.40625
611.3,0,5,0.0,0.0,0.01,10.0,141.09375
611.3,0,5,0.0,0.0,0.01,20.0,141.09375
611.3,0,5,0.0,0.0,0.01,40.0,141.09375
611.3,0,6,0.0,0.0,0.01,10.0,159.296875
611.3,0,6,0.0,0.0,0.01,20.0,159.296875
611.3,0,6,0.0,0.0,0.01,40.0,159.21875
611.3,0,7,0.0,0.0,0.01,10.0,157.8125
611.3,0,7,0.0,0.0,0.01,20.0,157.8125
611.3,0,7,0.0,0.0,0.01,40.0,157.8125
611.3,0,8,0.0,0.0,0.01,10.0,158.671875
611.3,0,8,0.0,0.0,0.01,20.0,158.671875
611.3,0,8,0.0,0.0,0.01,40.0,158.59375
611.3,0,9,0.0,0.0,0.01,10.0,159.6875
611.3,0,9,0.0,0.0,0.01,20.0,159.6875
611.3,0,9,0.0,0.0,0.01,40.0,159.6875
611.3,218,0,0.0,0.0,0.01,10.0,158.125
611.3,218,0,0.0,0.0,0.01,20.0,158.125
611.3,218,0,0.0,0.0,0.01,40.0,158.125
611.3,218,1,0.0,0.0,0.01,10.0,151.0546875
611.3,218,1,0.0,0.0,0.01,20.0,151.015625
611.3,218,1,0.0,0.0,0.01,40.0,150.9375
611.3,218,2,0.0,0.0,0.01,10.0,155.9375
611.3,218,2,0.0,0.0,0.01,20.0,155.9375
611.3,218,2,0.0,0.0,0.01,40.0,155.9375
611.3,218,3,0.0,0.0,0.01,10.0,160.390625
611.3,218,3,0.0,0.0,0.01,20.0,160.390625
611.3,218,3,0.0,0.0,0.01,40.0,160.3125
611.3,218,4,0.0,0.0,0.01,10.0,156.015625
611.3,218,4,0.0,0.0,0.01,20.0,156.015625
611.3,218,4,0.0,0.0,0.01,40.0,155.9375
611.3,218,5,0.0,0.0,0.01,10.0,141.9140625
611.3,218,5,0.0,0.0,0.01,20.0,141.875
611.3,218,5,0.0,0.0,0.01,40.0,141.875
611.3,218,6,0.0,0.0,0.01,10.0,157.6953125
611.3,218,6,0.0,0.0,0.01,20.0,157.65625
611.3,218,6,0.0,0.0,0.01,40.0,157.65625
611.3,218,7,0.0,0.0,0.01,10.0,162.2265625
611.3,218,7,0.0,0.0,0.01,20.0,162.1875
611.3,218,7,0.0,0.0,0.01,40.0,162.1875
611.3,218,8,0.0,0.0,0.01,10.0,156.640625
611.3,218,8,0.0,0.0,0.01,20.0,156.640625
611.3,218,8,0.0,0.0,0.01,40.0,156.5625
611.3,218,9,0.0,0.0,0.01,10.0,158.90625
611.3,218,9,0.0,0.0,0.01,20.0,158.90625
611.3,218,9,0.0,0.0,0.01,40.0,158.90625
611.3,0,0,0.0,0.0,0.02,10.0,154.53125
611.3,0,0,0.0,0.0,0.02,20.0,154.53125
611.3,0,0,0.0,0.0,0.02,40.0,154.53125
611.3,0,1,0.0,0.0,0.02,10.0,150.15625
611.3,0,1,0.0,0.0,0.02,20.0,150.15625
611.3,0,1,0.0,0.0,0.02,40.0,150.15625
611.3,0,2,0.0,0.0,0.02,10.0,156.7578125
611.3,0,2,0.0,0.0,0.02,20.0,156.71875
611.3,0,2,0.0,0.0,0.02,40.0,156.71875
611.3,0,3,0.0,0.0,0.02,10.0,153.3984375
611.3,0,3,0.0,0.0,0.02,20.0,153.359375
611.3,0,3,0.0,0.0,0.02,40.0,153.28125
611.3,0,4,0.0,0.0,0.02,10.0,156.484375
611.3,0,4,0.0,0.0,0.02,20.0,156.484375
611.3,0,4,0.0,0.0,0.02,40.0,156.40625
611.3,0,5,0.0,0.0,0.02,10.0,141.09375
611.3,0,5,0.0,0.0,0.02,20.0,141.09375
611.3,0,5,0.0,0.0,0.02,40.0,141.09375
611.3,0,6,0.0,0.0,0.02,10.0,159.296875
611.3,0,6,0.0,0.0,0.02,20.0,159.296875
611.3,0,6,0.0,0.0,0.02,40.0,159.21875
611.3,0,7,0.0,0.0,0.02,10.0,157.8125
611.3,0,7,0.0,0.0,0.02,20.0,157.8125
611.3,0,7,0.0,0.0,0.02,40.0,157.8125
611.3,0,8,0.0,0.0,0.02,10.0,158.671875
611.3,0,8,0.0,0.0,0.02,20.0,158.671875
611.3,0,8,0.0,0.0,0.02,40.0,158.59375
611.3,0,9,0.0,0.0,0.02,10.0,159.6875
611.3,0,9,0.0,0.0,0.02,20.0,159.6875
611.3,0,9,0.0,0.0,0.02,40.0,159.6875
611.3,218,0,0.0,0.0,0.02,10.0,158.125
611.3,218,0,0.0,0.0,0.02,20.0,158.125
611.3,218,0,0.0,0.0,0.02,40.0,158.125
611.3,218,1,0.0,0.0,0.02,10.0,151.0546875
611.3,218,1,0.0,0.0,0.02,20.0,151.015625
611.3,218,1,0.0,0.0,0.02,40.0,150.9375
611.3,218,2,0.0,0.0,0.02,10.0,155.9375
611.3,218,2,0.0,0.0,0.02,20.0,155.9375
611.3,218,2,0.0,0.0,0.02,40.0,155.9375
611.3,218,3,0.0,0.0,0.02,10.0,160.390625
611.3,218,3,0.0,0.0,0.02,20.0,160.390625
611.3,218,3,0.0,0.0,0.02,40.0,160.3125
611.3,218,4,0.0,0.0,0.02,10.0,156.015625
611.3,218,4,0.0,0.0,0.02,20.0,156.015625
611.3,218,4,0.0,0.0,0.02,40.0,155.9375
611.3,218,5,0.0,0.0,0.02,10.0,141.9140625
611.3,218,5,0.0,0.0,0.02,20.0,141.875
611.3,218,5,0.0,0.0,0.02,40.0,141.875
611.3,218,6,0.0,0.0,0.02,10.0,157.6953125
611.3,218,6,0.0,0.0,0.02,20.0,157.65625
611.3,218,6,0.0,0.0,0.02,40.0,157.65625
611.3,218,7,0.0,0.0,0.02,10.0,162.2265625
611.3,218,7,0.0,0.0,0.02,20.0,162.1875
611.3,218,7,0.0,0.0,0.02,40.0,162.1875
611.3,218,8,0.0,0.0,0.02,10.0,156.640625
611.3,218,8,0.0,0.0,0.02,20.0,156.640625
611.3,218,8,0.0,0.0,0.02,40.0,156.5625
611.3,218,9,0.0,0.0,0.02,10.0,158.90625
611.3,218,9,0.0,0.0,0.02,20.0,158.90625
611.3,218,9,0.0,0.0,0.02,40.0,158.90625
611.3,0,0,0.0,0.01,0.005,10.0,154.53125
611.3,0,0,0.0,0.01,0.005,20.0,154.53125
611.3,0,0,0.0,0.01,0.005,40.0,154.53125
611.3,0,1,0.0,0.01,0.005,10.0,150.15625
611.3,0,1,0.0,0.01,0.005,20.0,150.15625
611.3,0,1,0.0,0.01,0.005,40.0,150.15625
611.3,0,2,0.0,0.01,0.005,10.0,156.7578125
611.3,0,2,0.0,0.01,0.005,20.0,156.71875
611.3,0,2,0.0,0.01,0.005,40.0,156.71875
611.3,0,3,0.0,0.01,0.005,10.0,153.3984375
611.3,0,3,0.0,0.01,0.005,20.0,153.359375
611.3,0,3,0.0,0.01,0.005,40.0,153.28125
611.3,0,4,0.0,0.01,0.005,10.0,156.484375
611.3,0,4,0.0,0.01,0.005,20.0,156.484375
611.3,0,4,0.0,0.01,0.005,40.0,156.40625
611.3,0,5,0.0,0.01,0.005,10.0,141.09375
611.3,0,5,0.0,0.01,0.005,20.0,141.09375
611.3,0,5,0.0,0.01,0.005,40.0,141.09375
611.3,0,6,0.0,0.01,0.005,10.0,159.296875
611.3,0,6,0.0,0.01,0.005,20.0,159.296875
611.3,0,6,0.0,0.01,0.005,40.0,159.21875
611.3,0,7,0.0,0.01,0.005,10.0,157.8125
611.3,0,7,0.0,0.01,0.005,20.0,157.8125
611.3,0,7,0.0,0.01,0.005,40.0,157.8125
611.3,0,8,0.0,0.01,0.005,10.0,158.671875
611.3,0,8,0.0,0.01,0.005,20.0,158.671875
611.3,0,8,0.0,0.01,0.005,40.0,158.59375
611.3,0,9,0.0,0.01,0.005,10.0,159.6875
611.3,0,9,0.0,0.01,0.005,20.0,159.6875
611.3,0,9,0.0,0.01,0.005,40.0,159.6875
611.3,218,0,0.0,0.01,0.005,10.0,158.125
611.3,218,0,0.0,0.01,0.005,20.0,158.125
611.3,218,0,0.0,0.01,0.005,40.0,158.125
611.3,218,1,0.0,0.01,0.005,10.0,151.0546875
611.3,218,1,0.0,0.01,0.005,20.0,151.015625
611.3,218,1,0.0,0.01,0.005,40.0,150.9375
611.3,218,2,0.0,0.01,0.005,10.0,155.9375
611.3,218,2,0.0,0.01,0.005,20.0,155.9375
611.3,218,2,0.0,0.01,0.005,40.0,155.9375
611.3,218,3,0.0,0.01,0.005,10.0,160.390625
611.3,218,3,0.0,0.01,0.005,20.0,160.390625
611.3,218,3,0.0,0.01,0.005,40.0,160.3125
611.3,218,4,0.0,0.01,0.005,10.0,156.015625
611.3,218,4,0.0,0.01,0.005,20.0,156.015625
611.3,218,4,0.0,0.01,0.005,40.0,155.9375
611.3,218,5,0.0,0.01,0.005,10.0,141.9140625
611.3,218,5,0.0,0.01,0.005,20.0,141.875
611.3,218,5,0.0,0.01,0.005,40.0,141.875
611.3,218,6,0.0,0.01,0.005,10.0,157.6953125
611.3,218,6,0.0,0.01,0.005,20.0,157.65625
611.3,218,6,0.0,0.01,0.005,40.0,157.65625
611.3,218,7,0.0,0.01,0.005,10.0,162.2265625
611.3,218,7,0.0,0.01,0.005,20.0,162.1875
611.3,218,7,0.0,0.01,0.005,40.0,162.1875
611.3,218,8,0.0,0.01,0.005,10.0,156.640625
611.3,218,8,0.0,0.01,0.005,20.0,156.640625
611.3,218,8,0.0,0.01,0.005,40.0,156.5625
611.3,218,9,0.0,0.01,0.005,10.0,158.90625
611.3,218,9,0.0,0.01,0.005,20.0,158.90625
611.3,218,9,0.0,0.01,0.005,40.0,158.90625
611.3,0,0,0.0,0.01,0.01,10.0,154.53125
611.3,0,0,0.0,0.01,0.01,20.0,154.53125
611.3,0,0,0.0,0.01,0.01,40.0,154.53125
611.3,0,1,0.0,0.01,0.01,10.0,150.15625
611.3,0,1,0.0,0.01,0.01,20.0,150.15625
611.3,0,1,0.0,0.01,0.01,40.0,150.15625
611.3,0,2,0.0,0.01,0.01,10.0,156.7578125
611.3,0,2,0.0,0.01,0.01,20.0,156.71875
611.3,0,2,0.0,0.01,0.01,40.0,156.71875
611.3,0,3,0.0,0.01,0.01,10.0,153.3984375
611.3,0,3,0.0,0.01,0.01,20.0,153.359375
611.3,0,3,0.0,0.01,0.01,40.0,153.28125
611.3,0,4,0.0,0.01,0.01,10.0,156.484375
611.3,0,4,0.0,0.01,0.01,20.0,156.484375
611.3,0,4,0.0,0.01,0.01,40.0,156.40625
611.3,0,5,0.0,0.01,0.01,10.0,141.09375
611.3,0,5,0.0,0.01,0.01,20.0,141.09375
611.3,0,5,0.0,0.01,0.01,40.0,141.09375
611.3,0,6,0.0,0.01,0.01,10.0,159.296875
611.3,0,6,0.0,0.01,0.01,20.0,159.296875
611.3,0,6,0.0,0.01,0.01,40.0,159.21875
611.3,0,7,0.0,0.01,0.01,10.0,157.8125
611.3,0,7,0.0,0.01,0.01,20.0,157.8125
611.3,0,7,0.0,0.01,0.01,40.0,157.8125
611.3,0,8,0.0,0.01,0.01,10.0,158.671875
611.3,0,8,0.0,0.01,0.01,20.0,158.671875
611.3,0,8,0.0,0.01,0.01,40.0,158.59375
611.3,0,9,0.0,0.01,0.01,10.0,159.6875
611.3,0,9,0.0,0.01,0.01,20.0,159.6875
611.3,0,9,0.0,0.01,0.01,40.0,159.6875
611.3,218,0,0.0,0.01,0.01,10.0,158.125
611.3,218,0,0.0,0.01,0.01,20.0,158.125
611.3,218,0,0.0,0.01,0.01,40.0,158.125
611.3,218,1,0.0,0.01,0.01,10.0,151.0546875
611.3,218,1,0.0,0.01,0.01,20.0,151.015625
611.3,218,1,0.0,0.01,0.01,40.0,150.9375
611.3,218,2,0.0,0.01,0.01,10.0,155.9375
611.3,218,2,0.0,0.01,0.01,20.0,155.9375
611.3,218,2,0.0,0.01,0.01,40.0,155.9375
611.3,218,3,0.0,0.01,0.01,10.0,160.390625
611.3,218,3,0.0,0.01,0.01,20.0,160.390625
611.3,218,3,0.0,0.01,0.01,40.0,160.3125
611.3,218,4,0.0,0.01,0.01,10.0,156.015625
611.3,218,4,0.0,0.01,0.01,20.0,156.015625
611.3,218,4,0.0,0.01,0.01,40.0,155.9375
611.3,218,5,0.0,0.01,0.01,10.0,141.9140625
611.3,218,5,0.0,0.01,0.01,20.0,141.875
611.3,218,5,0.0,0.01,0.01,40.0,141.875
611.3,218,6,0.0,0.01,0.01,10.0,157.6953125
611.3,218,6,0.0,0.01,0.01,20.0,157.65625
611.3,218,6,0.0,0.01,0.01,40.0,157.65625
611.3,218,7,0.0,0.01,0.01,10.0,162.2265625
611.3,218,7,0.0,0.01,0.01,20.0,162.1875
611.3,218,7,0.0,0.01,0.01,40.0,162.1875
611.3,218,8,0.0,0.01,0.01,10.0,156.640625
611.3,218,8,0.0,0.01,0.01,20.0,156.640625
611.3,218,8,0.0,0.01,0.01,40.0,156.5625
611.3,218,9,0.0,0.01,0.01,10.0,158.90625
611.3,218,9,0.0,0.01,0.01,20.0,158.90625
611.3,218,9,0.0,0.01,0.01,40.0,158.90625
611.3,0,0,0.0,0.01,0.02,10.0,154.53125
611.3,0,0,0.0,0.01,0.02,20.0,154.53125
611.3,0,0,0.0,0.01,0.02,40.0,154.53125
611.3,0,1,0.0,0.01,0.02,10.0,150.15625
611.3,0,1,0.0,0.01,0.02,20.0,150.15625
611.3,0,1,0.0,0.01,0.02,40.0,150.15625
611.3,0,2,0.0,0.01,0.02,10.0,156.7578125
611.3,0,2,0.0,0.01,0.02,20.0,156.71875
611.3,0,2,0.0,0.01,0.02,40.0,156.71875
611.3,0,3,0.0,0.01,0.02,10.0,153.3984375
611.3,0,3,0.0,0.01,0.02,20.0,153.359375
611.3,0,3,0.0,0.01,0.02,40.0,153.28125
611.3,0,4,0.0,0.01,0.02,10.0,156.484375
611.3,0,4,0.0,0.01,0.02,20.0,156.484375
611.3,0,4,0.0,0.01,0.02,40.0,156.40625
611.3,0,5,0.0,0.01,0.02,10.0,141.09375
611.3,0,5,0.0,0.01,0.02,20.0,141.09375
611.3,0,5,0.0,0.01,0.02,40.0,141.09375
611.3,0,6,0.0,0.01,0.02,10.0,159.296875
611.3,0,6,0.0,0.01,0.02,20.0,159.296875
611.3,0,6,0.0,0.01,0.02,40.0,159.21875
611.3,0,7,0.0,0.01,0.02,10.0,157.8125
611.3,0,7,0.0,0.01,0.02,20.0,157.8125
611.3,0,7,0.0,0.01,0.02,40.0,157.8125
611.3,0,8,0.0,0.01,0.02,10.0,158.671875
611.3,0,8,0.0,0.01,0.02,20.0,158.671875
611.3,0,8,0.0,0.01,0.02,40.0,158.59375
611.3,0,9,0.0,0.01,0.02,10.0,159.6875
611.3,0,9,0.0,0.01,0.02,20.0,159.6875
611.3,0,9,0.0,0.01,0.02,40.0,159.6875
611.3,218,0,0.0,0.01,0.02,10.0,158.125
611.3,218,0,0.0,0.01,0.02,20.0,158.125
611.3,218,0,0.0,0.01,0.02,40.0,158.125
611.3,218,1,0.0,0.01,0.02,10.0,151.0546875
611.3,218,1,0.0,0.01,0.02,20.0,151.015625
611.3,218,1,0.0,0.01,0.02,40.0,150.9375
611.3,218,2,0.0,0.01,0.02,10.0,155.9375
611.3,218,2,0.0,0.01,0.02,20.0,155.9375
611.3,218,2,0.0,0.01,0.02,40.0,155.9375
611.3,218,3,0.0,0.01,0.02,10.0,160.390625
611.3,218,3,0.0,0.01,0.02,20.0,160.390625
611.3,218,3,0.0,0.01,0.02,40.0,160.3125
611.3,218,4,0.0,0.01,0.02,10.0,156.015625
611.3,218,4,0.0,0.01,0.02,20.0,156.015625
611.3,218,4,0.0,0.01,0.02,40.0,155.9375
611.3,218,5,0.0,0.01,0.02,10.0,141.9140625
611.3,218,5,0.0,0.01,0.02,20.0,141.875
611.3,218,5,0.0,0.01,0.02,40.0,141.875
611.3,218,6,0.0,0.01,0.02,10.0,157.6953125
611.3,218,6,0.0,0.01,0.02,20.0,157.65625
611.3,218,6,0.0,0.01,0.02,40.0,157.65625
611.3,218,7,0.0,0.01,0.02,10.0,162.2265625
611.3,218,7,0.0,0.01,0.02,20.0,162.1875
611.3,218,7,0.0,0.01,0.02,40.0,162.1875
611.3,218,8,0.0,0.01,0.02,10.0,156.640625
611.3,218,8,0.0,0.01,0.02,20.0,156.640625
611.3,218,8,0.0,0.01,0.02,40.0,156.5625
611.3,218,9,0.0,0.01,0.02,10.0,158.90625
611.3,218,9,0.0,0.01,0.02,20.0,158.90625
611.3,218,9,0.0,0.01,0.02,40.0,158.90625
611.3,0,0,1e-06,0.0,0.005,10.0,154.53125
611.3,0,0,1e-06,0.0,0.005,20.0,154.53125
611.3,0,0,1e-06,0.0,0.005,40.0,154.53125
611.3,0,1,1e-06,0.0,0.005,10.0,150.15625
611.3,0,1,1e-06,0.0,0.005,20.0,150.15625
611.3,0,1,1e-06,0.0,0.005,40.0,150.15625
611.3,0,2,1e-06,0.0,0.005,10.0,156.796875
611.3,0,2,1e-06,0.0,0.005,20.0,156.796875
611.3,0,2,1e-06,0.0,0.005,40.0,156.71875
611.3,0,3,1e-06,0.0,0.005,10.0,153.4375
611.3,0,3,1e-06,0.0,0.005,20.0,153.4375
611.3,0,3,1e-06,0.0,0.005,40.0,153.4375
611.3,0,4,1e-06,0.0,0.005,10.0,156.5234375
611.3,0,4,1e-06,0.0,0.005,20.0,156.484375
611.3,0,4,1e-06,0.0,0.005,40.0,156.40625
611.3,0,5,1e-06,0.0,0.005,10.0,141.09375
611.3,0,5,1e-06,0.0,0.005,20.0,141.09375
611.3,0,5,1e-06,0.0,0.005,40.0,141.09375
611.3,0,6,1e-06,0.0,0.005,10.0,159.3359375
611.3,0,6,1e-06,0.0,0.005,20.0,159.296875
611.3,0,6,1e-06,0.0,0.005,40.0,159.21875
611.3,0,7,1e-06,0.0,0.005,10.0,157.8125
611.3,0,7,1e-06,0.0,0.005,20.0,157.8125
611.3,0,7,1e-06,0.0,0.005,40.0,157.8125
611.3,0,8,1e-06,0.0,0.005,10.0,158.671875
611.3,0,8,1e-06,0.0,0.005,20.0,158.671875
611.3,0,8,1e-06,0.0,0.005,40.0,158.59375
611.3,0,9,1e-06,0.0,0.005,10.0,159.7265625
611.3,0,9,1e-06,0.0,0.005,20.0,159.6875
611.3,0,9,1e-06,0.0,0.005,40.0,159.6875
611.3,218,0,1e-06,0.0,0.005,10.0,158.1640625
611.3,218,0,1e-06,0.0,0.005,20.0,158.125
611.3,218,0,1e-06,0.0,0.005,40.0,158.125
611.3,218,1,1e-06,0.0,0.005,10.0,151.0546875
611.3,218,1,1e-06,0.0,0.005,20.0,151.015625
611.3,218,1,1e-06,0.0,0.005,40.0,150.9375
611.3,218,2,1e-06,0.0,0.005,10.0,155.9765625
611.3,218,2,1e-06,0.0,0.005,20.0,155.9375
611.3,218,2,1e-06,0.0,0.005,40.0,155.9375
611.3,218,3,1e-06,0.0,0.005,10.0,160.390625
611.3,218,3,1e-06,0.0,0.005,20.0,160.390625
611.3,218,3,1e-06,0.0,0.005,40.0,160.3125
611.3,218,4,1e-06,0.0,0.005,10.0,156.0546875
611.3,218,4,1e-06,0.0,0.005,20.0,156.015625
611.3,218,4,1e-06,0.0,0.005,40.0,155.9375
611.3,218,5,1e-06,0.0,0.005,10.0,141.9140625
611.3,218,5,1e-06,0.0,0.005,20.0,141.875
611.3,218,5,1e-06,0.0,0.005,40.0,141.875
611.3,218,6,1e-06,0.0,0.005,10.0,157.734375
611.3,218,6,1e-06,0.0,0.005,20.0,157.734375
611.3,218,6,1e-06,0.0,0.005,40.0,157.65625
611.3,218,7,1e-06,0.0,0.005,10.0,162.265625
611.3,218,7,1e-06,0.0,0.005,20.0,162.265625
611.3,218,7,1e-06,0.0,0.005,40.0,162.1875
611.3,218,8,1e-06,0.0,0.005,10.0,156.6796875
611.3,218,8,1e-06,0.0,0.005,20.0,156.640625
611.3,218,8,1e-06,0.0,0.005,40.0,156.5625
611.3,218,9,1e-06,0.0,0.005,10.0,158.9453125
611.3,218,9,1e-06,0.0,0.005,20.0,158.90625
611.3,218,9,1e-06,0.0,0.005,40.0,158.90625
611.3,0,0,1e-06,0.0,0.01,10.0,154.53125
611.3,0,0,1e-06,0.0,0.01,20.0,154.53125
611.3,0,0,1e-06,0.0,0.01,40.0,154.53125
611.3,0,1,1e-06,0.0,0.01,10.0,150.15625
611.3,0,1,1e-06,0.0,0.01,20.0,150.15625
611.3,0,1,1e-06,0.0,0.01,40.0,150.15625
611.3,0,2,1e-06,0.0,0.01,10.0,156.796875
611.3,0,2,1e-06,0.0,0.01,20.0,156.796875
611.3,0,2,1e-06,0.0,0.01,40.0,156.71875
611.3,0,3,1e-06,0.0,0.01,10.0,153.4375
611.3,0,3,1e-06,0.0,0.01,20.0,153.4375
611.3,0,3,1e-06,0.0,0.01,40.0,153.4375
611.3,0,4,1e-06,0.0,0.01,10.0,156.5234375
611.3,0,4,1e-06,0.0,0.01,20.0,156.484375
611.3,0,4,1e-06,0.0,0.01,40.0,156.40625
611.3,0,5,1e-06,0.0,0.01,10.0,141.09375
611.3,0,5,1e-06,0.0,0.01,20.0,141.09375
611.3,0,5,1e-06,0.0,0.01,40.0,141.09375
611.3,0,6,1e-06,0.0,0.01,10.0,159.3359375
611.3,0,6,1e-06,0.0,0.01,20.0,159.296875
611.3,0,6,1e-06,0.0,0.01,40.0,159.21875
611.3,0,7,1e-06,0.0,0.01,10.0,157.8125
611.3,0,7,1e-06,0.0,0.01,20.0,157.8125
611.3,0,7,1e-06,0.0,0.01,40.0,157.8125
611.3,0,8,1e-06,0.0,0.01,10.0,158.671875
611.3,0,8,1e-06,0.0,0.01,20.0,158.671875
611.3,0,8,1e-06,0.0,0.01,40.0,158.59375
611.3,0,9,1e-06,0.0,0.01,10.0,159.7265625
611.3,0,9,1e-06,0.0,0.01,20.0,159.6875
611.3,0,9,1e-06,0.0,0.01,40.0,159.6875
611.3,218,0,1e-06,0.0,0.01,10.0,158.1640625
611.3,218,0,1e-06,0.0,0.01,20.0,158.125
611.3,218,0,1e-06,0.0,0.01,40.0,158.125
611.3,218,1,1e-06,0.0,0.01,10.0,151.0546875
611.3,218,1,1e-06,0.0,0.01,20.0,151.015625
611.3,218,1,1e-06,0.0,0.01,40.0,150.9375
611.3,218,2,1e-06,0.0,0.01,10.0,155.9765625
611.3,218,2,1e-06,0.0,0.01,20.0,155.9375
611.3,218,2,1e-06,0.0,0.01,40.0,155.9375
611.3,218,3,1e-06,0.0,0.01,10.0,160.390625
611.3,218,3,1e-06,0.0,0.01,20.0,160.390625
611.3,218,3,1e-06,0.0,0.01,40.0,160.3125
611.3,218,4,1e-06,0.0,0.01,10.0,156.0546875
611.3,218,4,1e-06,0.0,0.01,20.0,156.015625
611.3,218,4,1e-06,0.0,0.01,40.0,155.9375
611.3,218,5,1e-06,0.0,0.01,10.0,141.9140625
611.3,218,5,1e-06,0.0,0.01,20.0,141.875
611.3,218,5,1e-06,0.0,0.01,40.0,141.875
611.3,218,6,1e-06,0.0,0.01,10.0,157.734375
611.3,218,6,1e-06,0.0,0.01,20.0,157.734375
611.3,218,6,1e-06,0.0,0.01,40.0,157.65625
611.3,218,7,1e-06,0.0,0.01,10.0,162.265625
611.3,218,7,1e-06,0.0,0.01,20.0,162.265625
611.3,218,7,1e-06,0.0,0.01,40.0,162.1875
611.3,218,8,1e-06,0.0,0.01,10.0,156.6796875
611.3,218,8,1e-06,0.0,0.01,20.0,156.640625
611.3,218,8,1e-06,0.0,0.01,40.0,156.5625
611.3,218,9,1e-06,0.0,0.01,10.0,158.9453125
611.3,218,9,1e-06,0.0,0.01,20.0,158.90625
611.3,218,9,1e-06,0.0,0.01,40.0,158.90625
611.3,0,0,1e-06,0.0,0.02,10.0,154.53125
611.3,0,0,1e-06,0.0,0.02,20.0,154.53125
611.3,0,0,1e-06,0.0,0.02,40.0,154.53125
611.3,0,1,1e-06,0.0,0.02,10.0,150.15625
611.3,0,1,1e-06,0.0,0.02,20.0,150.15625
611.3,0,1,1e-06,0.0,0.02,40.0,150.15625
611.3,0,2,1e-06,0.0,0.02,10.0,156.796875
611.3,0,2,1e-06,0.0,0.02,20.0,156.796875
611.3,0,2,1e-06,0.0,0.02,40.0,156.71875
611.3,0,3,1e-06,0.0,0.02,10.0,153.4375
611.3,0,3,1e-06,0.0,0.02,20.0,153.4375
611.3,0,3,1e-06,0.0,0.02,40.0,153.4375
611.3,0,4,1e-06,0.0,0.02,10.0,156.5234375
611.3,0,4,1e-06,0.0,0.02,20.0,156.484375
611.3,0,4,1e-06,0.0,0.02,40.0,156.40625
611.3,0,5,1e-06,0.0,0.02,10.0,141.09375
611.3,0,5,1e-06,0.0,0.02,20.0,141.09375
611.3,0,5,1e-06,0.0,0.02,40.0,141.09375
611.3,0,6,1e-06,0.0,0.02,10.0,159.3359375
611.3,0,6,1e-06,0.0,0.02,20.0,159.296875
611.3,0,6,1e-06,0.0,0.02,40.0,159.21875
611.3,0,7,1e-06,0.0,0.02,10.0,157.8125
611.3,0,7,1e-06,0.0,0.02,20.0,157.8125
611.3,0,7,1e-06,0.0,0.02,40.0,157.8125
611.3,0,8,1e-06,0.0,0.02,10.0,158.671875
611.3,0,8,1e-06,0.0,0.02,20.0,158.671875
611.3,0,8,1e-06,0.0,0.02,40.0,158.59375
611.3,0,9,1e-06,0.0,0.02,10.0,159.7265625
611.3,0,9,1e-06,0.0,0.02,20.0,159.6875
611.3,0,9,1e-06,0.0,0.02,40.0,159.6875
611.3,218,0,1e-06,0.0,0.02,10.0,158.1640625
611.3,218,0,1e-06,0.0,0.02,20.0,158.125
611.3,218,0,1e-06,0.0,0.02,40.0,158.125
611.3,218,1,1e-06,0.0,0.02,10.0,151.0546875
611.3,218,1,1e-06,0.0,0.02,20.0,151.015625
611.3,218,1,1e-06,0.0,0.02,40.0,150.9375
611.3,218,2,1e-06,0.0,0.02,10.0,155.9765625
611.3,218,2,1e-06,0.0,0.02,20.0,155.9375
611.3,218,2,1e-06,0.0,0.02,40.0,155.9375
611.3,218,3,1e-06,0.0,0.02,10.0,160.390625
611.3,218,3,1e-06,0.0,0.02,20.0,160.390625
611.3,218,3,1e-06,0.0,0.02,40.0,160.3125
611.3,218,4,1e-06,0.0,0.02,10.0,156.0546875
611.3,218,4,1e-06,0.0,0.02,20.0,156.015625
611.3,218,4,1e-06,0.0,0.02,40.0,155.9375
611.3,218,5,1e-06,0.0,0.02,10.0,141.9140625
611.3,218,5,1e-06,0.0,0.02,20.0,141.875
611.3,218,5,1e-06,0.0,0.02,40.0,141.875
611.3,218,6,1e-06,0.0,0.02,10.0,157.734375
611.3,218,6,1e-06,0.0,0.02,20.0,157.734375
611.3,218,6,1e-06,0.0,0.02,40.0,157.65625
611.3,218,7,1e-06,0.0,0.02,10.0,162.265625
611.3,218,7,1e-06,0.0,0.02,20.0,162.265625
611.3,218,7,1e-06,0.0,0.02,40.0,162.1875
611.3,218,8,1e-06,0.0,0.02,10.0,156.6796875
611.3,218,8,1e-06,0.0,0.02,20.0,156.640625
611.3,218,8,1e-06,0.0,0.02,40.0,156.5625
611.3,218,9,1e-06,0.0,0.02,10.0,158.9453125
611.3,218,9,1e-06,0.0,0.02,20.0,158.90625
611.3,218,9,1e-06,0.0,0.02,40.0,158.90625
611.3,0,0,1e-06,0.01,0.005,10.0,154.53125
611.3,0,0,1e-06,0.01,0.005,20.0,154.53125
611.3,0,0,1e-06,0.01,0.005,40.0,154.53125
611.3,0,1,1e-06,0.01,0.005,10.0,150.15625
611.3,0,1,1e-06,0.01,0.005,20.0,150.15625
611.3,0,1,1e-06,0.01,0.005,40.0,150.15625
611.3,0,2,1e-06,0.01,0.005,10.0,156.796875
611.3,0,2,1e-06,0.01,0.005,20.0,156.796875
611.3,0,2,1e-06,0.01,0.005,40.0,156.71875
611.3,0,3,1e-06,0.01,0.005,10.0,153.4375
611.3,0,3,1e-06,0.01,0.005,20.0,153.4375
611.3,0,3,1e-06,0.01,0.005,40.0,153.4375
611.3,0,4,1e-06,0.01,0.005,10.0,156.5234375
611.3,0,4,1e-06,0.01,0.005,20.0,156.484375
611.3,0,4,1e-06,0.01,0.005,40.0,156.40625
611.3,0,5,1e-06,0.01,0.005,10.0,141.09375
611.3,0,5,1e-06,0.01,0.005,20.0,141.09375
611.3,0,5,1e-06,0.01,0.005,40.0,141.09375
611.3,0,6,1e-06,0.01,0.005,10.0,159.3359375
611.3,0,6,1e-06,0.01,0.005,20.0,159.296875
611.3,0,6,1e-06,0.01,0.005,40.0,159.21875
611.3,0,7,1e-06,0.01,0.005,10.0,157.8125
611.3,0,7,1e-06,0.01,0.005,20.0,157.8125
611.3,0,7,1e-06,0.01,0.005,40.0,157.8125
611.3,0,8,1e-06,0.01,0.005,10.0,158.671875
611.3,0,8,1e-06,0.01,0.005,20.0,158.671875
611.3,0,8,1e-06,0.01,0.005,40.0,158.59375
611.3,0,9,1e-06,0.01,0.005,10.0,159.7265625
611.3,0,9,1e-06,0.01,0.005,20.0,159.6875
611.3,0,9,1e-06,0.01,0.005,40.0,159.6875
611.3,218,0,1e-06,0.01,0.005,10.0,158.1640625
611.3,218,0,1e-06,0.01,0.005,20.0,158.125
611.3,218,0,1e-06,0.01,0.005,40.0,158.125
611.3,218,1,1e-06,0.01,0.005,10.0,151.0546875
611.3,218,1,1e-06,0.01,0.005,20.0,151.015625
611.3,218,1,1e-06,0.01,0.005,40.0,150.9375
611.3,218,2,1e-06,0.01,0.005,10.0,155.9765625
611.3,218,2,1e-06,0.01,0.005,20.0,155.9375
611.3,218,2,1e-06,0.01,0.005,40.0,155.9375
611.3,218,3,1e-06,0.01,0.005,10.0,160.390625
611.3,218,3,1e-06,0.01,0.005,20.0,160.390625
611.3,218,3,1e-06,0.01,0.005,40.0,160.3125
611.3,218,4,1e-06,0.01,0.005,10.0,156.0546875
611.3,218,4,1e-06,0.01,0.005,20.0,156.015625
611.3,218,4,1e-06,0.01,0.005,40.0,155.9375
611.3,218,5,1e-06,0.01,0.005,10.0,141.9140625
611.3,218,5,1e-06,0.01,0.005,20.0,141.875
611.3,218,5,1e-06,0.01,0.005,40.0,141.875
611.3,218,6,1e-06,0.01,0.005,10.0,157.734375
611.3,218,6,1e-06,0.01,0.005,20.0,157.734375
611.3,218,6,1e-06,0.01,0.005,40.0,157.65625
611.3,218,7,1e-06,0.01,0.005,10.0,162.265625
611.3,218,7,1e-06,0.01,0.005,20.0,162.265625
611.3,218,7,1e-06,0.01,0.005,40.0,162.1875
611.3,218,8,1e-06,0.01,0.005,10.0,156.6796875
611.3,218,8,1e-06,0.01,0.005,20.0,156.640625
611.3,218,8,1e-06,0.01,0.005,40.0,156.5625
611.3,218,9,1e-06,0.01,0.005,10.0,158.9453125
611.3,218,9,1e-06,0.01,0.005,20.0,158.90625
611.3,218,9,1e-06,0.01,0.005,40.0,158.90625
611.3,0,0,1e-06,0.01,0.01,10.0,154.53125
611.3,0,0,1e-06,0.01,0.01,20.0,154.53125
611.3,0,0,1e-06,0.01,0.01,40.0,154.53125
611.3,0,1,1e-06,0.01,0.01,10.0,150.15625
611.3,0,1,1e-06,0.01,0.01,20.0,150.15625
611.3,0,1,1e-06,0.01,0.01,40.0,150.15625
611.3,0,2,1e-06,0.01,0.01,10.0,156.796875
611.3,0,2,1e-06,0.01,0.01,20.0,156.796875
611.3,0,2,1e-06,0.01,0.01,40.0,156.71875
611.3,0,3,1e-06,0.01,0.01,10.0,153.4375
611.3,0,3,1e-06,0.01,0.01,20.0,153.4375
611.3,0,3,1e-06,0.01,0.01,40.0,153.4375
611.3,0,4,1e-06,0.01,0.01,10.0,156.5234375
611.3,0,4,1e-06,0.01,0.01,20.0,156.484375
611.3,0,4,1e-06,0.01,0.01,40.0,156.40625
611.3,0,5,1e-06,0.01,0.01,10.0,141.09375
611.3,0,5,1e-06,0.01,0.01,20.0,141.09375
611.3,0,5,1e-06,0.01,0.01,40.0,141.09375
611.3,0,6,1e-06,0.01,0.01,10.0,159.3359375
611.3,0,6,1e-06,0.01,0.01,20.0,159.296875
611.3,0,6,1e-06,0.01,0.01,40.0,159.21875
611.3,0,7,1e-06,0.01,0.01,10.0,157.8125
611.3,0,7,1e-06,0.01,0.01,20.0,157.8125
611.3,0,7,1e-06,0.01,0.01,40.0,157.8125
611.3,0,8,1e-06,0.01,0.01,10.0,158.671875
611.3,0,8,1e-06,0.01,0.01,20.0,158.671875
611.3,0,8,1e-06,0.01,0.01,40.0,158.59375
611.3,0,9,1e-06,0.01,0.01,10.0,159.7265625
611.3,0,9,1e-06,0.01,0.01,20.0,159.6875
611.3,0,9,1e-06,0.01,0.01,40.0,159.6875
611.3,218,0,1e-06,0.01,0.01,10.0,158.1640625
611.3,218,0,1e-06,0.01,0.01,20.0,158.125
611.3,218,0,1e-06,0.01,0.01,40.0,158.125
611.3,218,1,1e-06,0.01,0.01,10.0,151.0546875
611.3,218,1,1e-06,0.01,0.01,20.0,151.015625
611.3,218,1,1e-06,0.01,0.01,40.0,150.9375
611.3,218,2,1e-06,0.01,0.01,10.0,155.9765625
611.3,218,2,1e-06,0.01,0.01,20.0,155.9375
611.3,218,2,1e-06,0.01,0.01,40.0,155.9375
611.3,218,3,1e-06,0.01,0.01,10.0,160.390625
611.3,218,3,1e-06,0.01,0.01,20.0,160.390625
611.3,218,3,1e-06,0.01,0.01,40.0,160.3125
611.3,218,4,1e-06,0.01,0.01,10.0,156.0546875
611.3,218,4,1e-06,0.01,0.01,20.0,156.015625
611.3,218,4,1e-06,0.01,0.01,40.0,155.9375
611.3,218,5,1e-06,0.01,0.01,10.0,141.9140625
611.3,218,5,1e-06,0.01,0.01,20.0,141.875
611.3,218,5,1e-06,0.01,0.01,40.0,141.875
611.3,218,6,1e-06,0.01,0.01,10.0,157.734375
611.3,218,6,1e-06,0.01,0.01,20.0,157.734375
611.3,218,6,1e-06,0.01,0.01,40.0,157.65625
611.3,218,7,1e-06,0.01,0.01,10.0,162.265625
611.3,218,7,1e-06,0.01,0.01,20.0,162.265625
611.3,218,7,1e-06,0.01,0.01,40.0,162.1875
611.3,218,8,1e-06,0.01,0.01,10.0,156.6796875
611.3,218,8,1e-06,0.01,0.01,20.0,156.640625
611.3,218,8,1e-06,0.01,0.01,40.0,156.5625
611.3,218,9,1e-06,0.01,0.01,10.0,158.9453125
611.3,218,9,1e-06,0.01,0.01,20.0,158.90625
611.3,218,9,1e-06,0.01,0.01,40.0,158.90625
611.3,0,0,1e-06,0.01,0.02,10.0,154.53125
611.3,0,0,1e-06,0.01,0.02,20.0,154.53125
611.3,0,0,1e-06,0.01,0.02,40.0,154.53125
611.3,0,1,1e-06,0.01,0.02,10.0,150.15625
611.3,0,1,1e-06,0.01,0.02,20.0,150.15625
611.3,0,1,1e-06,0.01,0.02,40.0,150.15625
611.3,0,2,1e-06,0.01,0.02,10.0,156.796875
611.3,0,2,1e-06,0.01,0.02,20.0,156.796875
611.3,0,2,1e-06,0.01,0.02,40.0,156.71875
611.3,0,3,1e-06,0.01,0.02,10.0,153.4375
611.3,0,3,1e-06,0.01,0.02,20.0,153.4375
611.3,0,3,1e-06,0.01,0.02,40.0,153.4375
611.3,0,4,1e-06,0.01,0.02,10.0,156.5234375
611.3,0,4,1e-06,0.01,0.02,20.0,156.484375
611.3,0,4,1e-06,0.01,0.02,40.0,156.40625
611.3,0,5,1e-06,0.01,0.02,10.0,141.09375
611.3,0,5,1e-06,0.01,0.02,20.0,141.09375
611.3,0,5,1e-06,0.01,0.02,40.0,141.09375
611.3,0,6,1e-06,0.01,0.02,10.0,159.3359375
611.3,0,6,1e-06,0.01,0.02,20.0,159.296875
611.3,0,6,1e-06,0.01,0.02,40.0,159.21875
611.3,0,7,1e-06,0.01,0.02,10.0,157.8125
611.3,0,7,1e-06,0.01,0.02,20.0,157.8125
611.3,0,7,1e-06,0.01,0.02,40.0,157.8125
611.3,0,8,1e-06,0.01,0.02,10.0,158.671875
611.3,0,8,1e-06,0.01,0.02,20.0,158.671875
611.3,0,8,1e-06,0.01,0.02,40.0,158.59375
611.3,0,9,1e-06,0.01,0.02,10.0,159.7265625
611.3,0,9,1e-06,0.01,0.02,20.0,159.6875
611.3,0,9,1e-06,0.01,0.02,40.0,159.6875
611.3,218,0,1e-06,0.01,0.02,10.0,158.1640625
611.3,218,0,1e-06,0.01,0.02,20.0,158.125
611.3,218,0,1e-06,0.01,0.02,40.0,158.125
611.3,218,1,1e-06,0.01,0.02,10.0,151.0546875
611.3,218,1,1e-06,0.01,0.02,20.0,151.015625
611.3,218,1,1e-06,0.01,0.02,40.0,150.9375
611.3,218,2,1e-06,0.01,0.02,10.0,155.9765625
611.3,218,2,1e-06,0.01,0.02,20.0,155.9375
611.3,218,2,1e-06,0.01,0.02,40.0,155.9375
611.3,218,3,1e-06,0.01,0.02,10.0,160.390625
611.3,218,3,1e-06,0.01,0.02,20.0,160.390625
611.3,218,3,1e-06,0.01,0.02,40.0,160.3125
611.3,218,4,1e-06,0.01,0.02,10.0,156.0546875
611.3,218,4,1e-06,0.01,0.02,20.0,156.015625
611.3,218,4,1e-06,0.01,0.02,40.0,155.9375
611.3,218,5,1e-06,0.01,0.02,10.0,141.9140625
611.3,218,5,1e-06,0.01,0.02,20.0,141.875
611.3,218,5,1e-06,0.01,0.02,40.0,141.875
611.3,218,6,1e-06,0.01,0.02,10.0,157.734375
611.3,218,6,1e-06,0.01,0.02,20.0,157.734375
611.3,218,6,1e-06,0.01,0.02,40.0,157.65625
611.3,218,7,1e-06,0.01,0.02,10.0,162.265625
611.3,218,7,1e-06,0.01,0.02,20.0,162.265625
611.3,218,7,1e-06,0.01,0.02,40.0,162.1875
611.3,218,8,1e-06,0.01,0.02,10.0,156.6796875
611.3,218,8,1e-06,0.01,0.02,20.0,156.640625
611.3,218,8,1e-06,0.01,0.02,40.0,156.5625
611.3,218,9,1e-06,0.01,0.02,10.0,158.9453125
611.3,218,9,1e-06,0.01,0.02,20.0,158.90625
611.3,218,9,1e-06,0.01,0.02,40.0,158.90625
611.3,0,0,1e-05,0.0,0.005,10.0,154.6484375
611.3,0,0,1e-05,0.0,0.005,20.0,154.609375
611.3,0,0,1e-05,0.0,0.005,40.0,154.53125
611.3,0,1,1e-05,0.0,0.005,10.0,150.2734375
611.3,0,1,1e-05,0.0,0.005,20.0,150.234375
611.3,0,1,1e-05,0.0,0.005,40.0,150.15625
611.3,0,2,1e-05,0.0,0.005,10.0,157.0703125
611.3,0,2,1e-05,0.0,0.005,20.0,157.03125
611.3,0,2,1e-05,0.0,0.005,40.0,157.03125
611.3,0,3,1e-05,0.0,0.005,10.0,153.5546875
611.3,0,3,1e-05,0.0,0.005,20.0,153.515625
611.3,0,3,1e-05,0.0,0.005,40.0,153.4375
611.3,0,4,1e-05,0.0,0.005,10.0,156.796875
611.3,0,4,1e-05,0.0,0.005,20.0,156.796875
611.3,0,4,1e-05,0.0,0.005,40.0,156.71875
611.3,0,5,1e-05,0.0,0.005,10.0,141.2109375
611.3,0,5,1e-05,0.0,0.005,20.0,141.171875
611.3,0,5,1e-05,0.0,0.005,40.0,141.09375
611.3,0,6,1e-05,0.0,0.005,10.0,159.609375
611.3,0,6,1e-05,0.0,0.005,20.0,159.609375
611.3,0,6,1e-05,0.0,0.005,40.0,159.53125
611.3,0,7,1e-05,0.0,0.005,10.0,158.0859375
611.3,0,7,1e-05,0.0,0.005,20.0,158.046875
611.3,0,7,1e-05,0.0,0.005,40.0,157.96875
611.3,0,8,1e-05,0.0,0.005,10.0,158.9453125
611.3,0,8,1e-05,0.0,0.005,20.0,158.90625
611.3,0,8,1e-05,0.0,0.005,40.0,158.90625
611.3,0,9,1e-05,0.0,0.005,10.0,160.0
611.3,0,9,1e-05,0.0,0.005,20.0,160.0
611.3,0,9,1e-05,0.0,0.005,40.0,160.0
611.3,218,0,1e-05,0.0,0.005,10.0,158.3984375
611.3,218,0,1e-05,0.0,0.005,20.0,158.359375
611.3,218,0,1e-05,0.0,0.005,40.0,158.28125
611.3,218,1,1e-05,0.0,0.005,10.0,151.171875
611.3,218,1,1e-05,0.0,0.005,20.0,151.171875
611.3,218,1,1e-05,0.0,0.005,40.0,151.09375
611.3,218,2,1e-05,0.0,0.005,10.0,156.25
611.3,218,2,1e-05,0.0,0.005,20.0,156.25
611.3,218,2,1e-05,0.0,0.005,40.0,156.25
611.3,218,3,1e-05,0.0,0.005,10.0,160.6640625
611.3,218,3,1e-05,0.0,0.005,20.0,160.625
611.3,218,3,1e-05,0.0,0.005,40.0,160.625
611.3,218,4,1e-05,0.0,0.005,10.0,156.328125
611.3,218,4,1e-05,0.0,0.005,20.0,156.328125
611.3,218,4,1e-05,0.0,0.005,40.0,156.25
611.3,218,5,1e-05,0.0,0.005,10.0,142.0703125
611.3,218,5,1e-05,0.0,0.005,20.0,142.03125
611.3,218,5,1e-05,0.0,0.005,40.0,142.03125
611.3,218,6,1e-05,0.0,0.005,10.0,158.0078125
611.3,218,6,1e-05,0.0,0.005,20.0,157.96875
611.3,218,6,1e-05,0.0,0.005,40.0,157.96875
611.3,218,7,1e-05,0.0,0.005,10.0,162.5390625
611.3,218,7,1e-05,0.0,0.005,20.0,162.5
611.3,218,7,1e-05,0.0,0.005,40.0,162.5
611.3,218,8,1e-05,0.0,0.005,10.0,156.953125
611.3,218,8,1e-05,0.0,0.005,20.0,156.953125
611.3,218,8,1e-05,0.0,0.005,40.0,156.875
611.3,218,9,1e-05,0.0,0.005,10.0,159.21875
611.3,218,9,1e-05,0.0,0.005,20.0,159.21875
611.3,218,9,1e-05,0.0,0.005,40.0,159.21875
611.3,0,0,1e-05,0.0,0.01,10.0,154.6484375
611.3,0,0,1e-05,0.0,0.01,20.0,154.609375
611.3,0,0,1e-05,0.0,0.01,40.0,154.53125
611.3,0,1,1e-05,0.0,0.01,10.0,150.2734375
611.3,0,1,1e-05,0.0,0.01,20.0,150.234375
611.3,0,1,1e-05,0.0,0.01,40.0,150.15625
611.3,0,2,1e-05,0.0,0.01,10.0,157.0703125
611.3,0,2,1e-05,0.0,0.01,20.0,157.03125
611.3,0,2,1e-05,0.0,0.01,40.0,157.03125
611.3,0,3,1e-05,0.0,0.01,10.0,153.5546875
611.3,0,3,1e-05,0.0,0.01,20.0,153.515625
611.3,0,3,1e-05,0.0,0.01,40.0,153.4375
611.3,0,4,1e-05,0.0,0.01,10.0,156.796875
611.3,0,4,1e-05,0.0,0.01,20.0,156.796875
611.3,0,4,1e-05,0.0,0.01,40.0,156.71875
611.3,0,5,1e-05,0.0,0.01,10.0,141.2109375
611.3,0,5,1e-05,0.0,0.01,20.0,141.171875
611.3,0,5,1e-05,0.0,0.01,40.0,141.09375
611.3,0,6,1e-05,0.0,0.01,10.0,159.609375
611.3,0,6,1e-05,0.0,0.01,20.0,159.609375
611.3,0,6,1e-05,0.0,0.01,40.0,159.53125
611.3,0,7,1e-05,0.0,0.01,10.0,158.0859375
611.3,0,7,1e-05,0.0,0.01,20.0,158.046875
611.3,0,7,1e-05,0.0,0.01,40.0,157.96875
611.3,0,8,1e-05,0.0,0.01,10.0,158.9453125
611.3,0,8,1e-05,0.0,0.01,20.0,158.90625
611.3,0,8,1e-05,0.0,0.01,40.0,158.90625
611.3,0,9,1e-05,0.0,0.01,10.0,160.0
611.3,0,9,1e-05,0.0,0.01,20.0,160.0
611.3,0,9,1e-05,0.0,0.01,40.0,160.0
611.3,218,0,1e-05,0.0,0.01,10.0,158.3984375
611.3,218,0,1e-05,0.0,0.01,20.0,158.359375
611.3,218,0,1e-05,0.0,0.01,40.0,158.28125
611.3,218,1,1e-05,0.0,0.01,10.0,151.171875
611.3,218,1,1e-05,0.0,0.01,20.0,151.171875
611.3,218,1,1e-05,0.0,0.01,40.0,151.09375
611.3,218,2,1e-05,0.0,0.01,10.0,156.25
611.3,218,2,1e-05,0.0,0.01,20.0,156.25
611.3,218,2,1e-05,0.0,0.01,40.0,156.25
611.3,218,3,1e-05,0.0,0.01,10.0,160.6640625
611.3,218,3,1e-05,0.0,0.01,20.0,160.625
611.3,218,3,1e-05,0.0,0.01,40.0,160.625
611.3,218,4,1e-05,0.0,0.01,10.0,156.328125
611.3,218,4,1e-05,0.0,0.01,20.0,156.328125
611.3,218,4,1e-05,0.0,0.01,40.0,156.25
611.3,218,5,1e-05,0.0,0.01,10.0,142.0703125
611.3,218,5,1e-05,0.0,0.01,20.0,142.03125
611.3,218,5,1e-05,0.0,0.01,40.0,142.03125
611.3,218,6,1e-05,0.0,0.01,10.0,158.0078125
611.3,218,6,1e-05,0.0,0.01,20.0,157.96875
611.3,218,6,1e-05,0.0,0.01,40.0,157.96875
611.3,218,7,1e-05,0.0,0.01,10.0,162.5390625
611.3,218,7,1e-05,0.0,0.01,20.0,162.5
611.3,218,7,1e-05,0.0,0.01,40.0,162.5
611.3,218,8,1e-05,0.0,0.01,10.0,156.953125
611.3,218,8,1e-05,0.0,0.01,20.0,156.953125
611.3,218,8,1e-05,0.0,0.01,40.0,156.875
611.3,218,9,1e-05,0.0,0.01,10.0,159.21875
611.3,218,9,1e-05,0.0,0.01,20.0,159.21875
611.3,218,9,1e-05,0.0,0.01,40.0,159.21875
611.3,0,0,1e-05,0.0,0.02,10.0,154.6484375
611.3,0,0,1e-05,0.0,0.02,20.0,154.609375
611.3,0,0,1e-05,0.0,0.02,40.0,154.53125
611.3,0,1,1e-05,0.0,0.02,10.0,150.2734375
611.3,0,1,1e-05,0.0,0.02,20.0,150.234375
611.3,0,1,1e-05,0.0,0.02,40.0,150.15625
611.3,0,2,1e-05,0.0,0.02,10.0,157.0703125
611.3,0,2,1e-05,0.0,0.02,20.0,157.03125
611.3,0,2,1e-05,0.0,0.02,40.0,157.03125
611.3,0,3,1e-05,0.0,0.02,10.0,153.5546875
611.3,0,3,1e-05,0.0,0.02,20.0,153.515625
611.3,0,3,1e-05,0.0,0.02,40.0,153.4375
611.3,0,4,1e-05,0.0,0.02,10.0,156.796875
611.3,0,4,1e-05,0.0,0.02,20.0,156.796875
611.3,0,4,1e-05,0.0,0.02,40.0,156.71875
611.3,0,5,1e-05,0.0,0.02,10.0,141.2109375
611.3,0,5,1e-05,0.0,0.02,20.0,141.171875
611.3,0,5,1e-05,0.0,0.02,40.0,141.09375
611.3,0,6,1e-05,0.0,0.02,10.0,159.609375
611.3,0,6,1e-05,0.0,0.02,20.0,159.609375
611.3,0,6,1e-05,0.0,0.02,40.0,159.53125
611.3,0,7,1e-05,0.0,0.02,10.0,158.0859375
611.3,0,7,1e-05,0.0,0.02,20.0,158.046875
611.3,0,7,1e-05,0.0,0.02,40.0,157.96875
611.3,0,8,1e-05,0.0,0.02,10.0,158.9453125
611.3,0,8,1e-05,0.0,0.02,20.0,158.90625
611.3,0,8,1e-05,0.0,0.02,40.0,158.90625
611.3,0,9,1e-05,0.0,0.02,10.0,160.0
611.3,0,9,1e-05,0.0,0.02,20.0,160.0
611.3,0,9,1e-05,0.0,0.02,40.0,160.0
611.3,218,0,1e-05,0.0,0.02,10.0,158.3984375
611.3,218,0,1e-05,0.0,0.02,20.0,158.359375
611.3,218,0,1e-05,0.0,0.02,40.0,158.28125
611.3,218,1,1e-05,0.0,0.02,10.0,151.171875
611.3,218,1,1e-05,0.0,0.02,20.0,151.171875
611.3,218,1,1e-05,0.0,0.02,40.0,151.09375
611.3,218,2,1e-05,0.0,0.02,10.0,156.25
611.3,218,2,1e-05,0.0,0.02,20.0,156.25
611.3,218,2,1e-05,0.0,0.02,40.0,156.25
611.3,218,3,1e-05,0.0,0.02,10.0,160.6640625
611.3,218,3,1e-05,0.0,0.02,20.0,160.625
611.3,218,3,1e-05,0.0,0.02,40.0,160.625
611.3,218,4,1e-05,0.0,0.02,10.0,156.328125
611.3,218,4,1e-05,0.0,0.02,20.0,156.328125
611.3,218,4,1e-05,0.0,0.02,40.0,156.25
611.3,218,5,1e-05,0.0,0.02,10.0,142.0703125
611.3,218,5,1e-05,0.0,0.02,20.0,142.03125
611.3,218,5,1e-05,0.0,0.02,40.0,142.03125
611.3,218,6,1e-05,0.0,0.02,10.0,158.0078125
611.3,218,6,1e-05,0.0,0.02,20.0,157.96875
611.3,218,6,1e-05,0.0,0.02,40.0,157.96875
611.3,218,7,1e-05,0.0,0.02,10.0,162.5390625
611.3,218,7,1e-05,0.0,0.02,20.0,162.5
611.3,218,7,1e-05,0.0,0.02,40.0,162.5
611.3,218,8,1e-05,0.0,0.02,10.0,156.953125
611.3,218,8,1e-05,0.0,0.02,20.0,156.953125
611.3,218,8,1e-05,0.0,0.02,40.0,156.875
611.3,218,9,1e-05,0.0,0.02,10.0,159.21875
611.3,218,9,1e-05,0.0,0.02,20.0,159.21875
611.3,218,9,1e-05,0.0,0.02,40.0,159.21875
611.3,0,0,1e-05,0.01,0.005,10.0,154.6484375
611.3,0,0,1e-05,0.01,0.005,20.0,154.609375
611.3,0,0,1e-05,0.01,0.005,40.0,154.53125
611.3,0,1,1e-05,0.01,0.005,10.0,150.2734375
611.3,0,1,1e-05,0.01,0.005,20.0,150.234375
611.3,0,1,1e-05,0.01,0.005,40.0,150.15625
611.3,0,2,1e-05,0.01,0.005,10.0,157.0703125
611.3,0,2,1e-05,0.01,0.005,20.0,157.03125
611.3,0,2,1e-05,0.01,0.005,40.0,157.03125
611.3,0,3,1e-05,0.01,0.005,10.0,153.5546875
611.3,0,3,1e-05,0.01,0.005,20.0,153.515625
611.3,0,3,1e-05,0.01,0.005,40.0,153.4375
611.3,0,4,1e-05,0.01,0.005,10.0,156.796875
611.3,0,4,1e-05,0.01,0.005,20.0,156.796875
611.3,0,4,1e-05,0.01,0.005,40.0,156.71875
611.3,0,5,1e-05,0.01,0.005,10.0,141.2109375
611.3,0,5,1e-05,0.01,0.005,20.0,141.171875
611.3,0,5,1e-05,0.01,0.005,40.0,141.09375
611.3,0,6,1e-05,0.01,0.005,10.0,159.609375
611.3,0,6,1e-05,0.01,0.005,20.0,159.609375
611.3,0,6,1e-05,0.01,0.005,40.0,159.53125
611.3,0,7,1e-05,0.01,0.005,10.0,158.0859375
611.3,0,7,1e-05,0.01,0.005,20.0,158.046875
611.3,0,7,1e-05,0.01,0.005,40.0,157.96875
611.3,0,8,1e-05,0.01,0.005,10.0,158.9453125
611.3,0,8,1e-05,0.01,0.005,20.0,158.90625
611.3,0,8,1e-05,0.01,0.005,40.0,158.90625
611.3,0,9,1e-05,0.01,0.005,10.0,160.0
611.3,0,9,1e-05,0.01,0.005,20.0,160.0
611.3,0,9,1e-05,0.01,0.005,40.0,160.0
611.3,218,0,1e-05,0.01,0.005,10.0,158.3984375
611.3,218,0,1e-05,0.01,0.005,20.0,158.359375
611.3,218,0,1e-05,0.01,0.005,40.0,158.28125
611.3,218,1,1e-05,0.01,0.005,10.0,151.171875
611.3,218,1,1e-05,0.01,0.005,20.0,151.171875
611.3,218,1,1e-05,0.01,0.005,40.0,151.09375
611.3,218,2,1e-05,0.01,0.005,10.0,156.25
611.3,218,2,1e-05,0.01,0.005,20.0,156.25
611.3,218,2,1e-05,0.01,0.005,40.0,156.25
611.3,218,3,1e-05,0.01,0.005,10.0,160.6640625
611.3,218,3,1e-05,0.01,0.005,20.0,160.625
611.3,218,3,1e-05,0.01,0.005,40.0,160.625
611.3,218,4,1e-05,0.01,0.005,10.0,156.328125
611.3,218,4,1e-05,0.01,0.005,20.0,156.328125
611.3,218,4,1e-05,0.01,0.005,40.0,156.25
611.3,218,5,1e-05,0.01,0.005,10.0,142.0703125
611.3,218,5,1e-05,0.01,0.005,20.0,142.03125
611.3,218,5,1e-05,0.01,0.005,40.0,142.03125
611.3,218,6,1e-05,0.01,0.005,10.0,158.0078125
611.3,218,6,1e-05,0.01,0.005,20.0,157.96875
611.3,218,6,1e-05,0.01,0.005,40.0,157.96875
611.3,218,7,1e-05,0.01,0.005,10.0,162.5390625
611.3,218,7,1e-05,0.01,0.005,20.0,162.5
611.3,218,7,1e-05,0.01,0.005,40.0,162.5
611.3,218,8,1e-05,0.01,0.005,10.0,156.953125
611.3,218,8,1e-05,0.01,0.005,20.0,156.953125
611.3,218,8,1e-05,0.01,0.005,40.0,156.875
611.3,218,9,1e-05,0.01,0.005,10.0,159.21875
611.3,218,9,1e-05,0.01,0.005,20.0,159.21875
611.3,218,9,1e-05,0.01,0.005,40.0,159.21875
611.3,0,0,1e-05,0.01,0.01,10.0,154.6484375
611.3,0,0,1e-05,0.01,0.01,20.0,154.609375
611.3,0,0,1e-05,0.01,0.01,40.0,154.53125
611.3,0,1,1e-05,0.01,0.01,10.0,150.2734375
611.3,0,1,1e-05,0.01,0.01,20.0,150.234375
611.3,0,1,1e-05,0.01,0.01,40.0,150.15625
611.3,0,2,1e-05,0.01,0.01,10.0,157.0703125
611.3,0,2,1e-05,0.01,0.01,20.0,157.03125
611.3,0,2,1e-05,0.01,0.01,40.0,157.03125
611.3,0,3,1e-05,0.01,0.01,10.0,153.5546875
611.3,0,3,1e-05,0.01,0.01,20.0,153.515625
611.3,0,3,1e-05,0.01,0.01,40.0,153.4375
611.3,0,4,1e-05,0.01,0.01,10.0,156.796875
611.3,0,4,1e-05,0.01,0.01,20.0,156.796875
611.3,0,4,1e-05,0.01,0.01,40.0,156.71875
611.3,0,5,1e-05,0.01,0.01,10.0,141.2109375
611.3,0,5,1e-05,0.01,0.01,20.0,141.171875
611.3,0,5,1e-05,0.01,0.01,40.0,141.09375
611.3,0,6,1e-05,0.01,0.01,10.0,159.609375
611.3,0,6,1e-05,0.01,0.01,20.0,159.609375
611.3,0,6,1e-05,0.01,0.01,40.0,159.53125
611.3,0,7,1e-05,0.01,0.01,10.0,158.0859375
611.3,0,7,1e-05,0.01,0.01,20.0,158.046875
611.3,0,7,1e-05,0.01,0.01,40.0,157.96875
611.3,0,8,1e-05,0.01,0.01,10.0,158.9453125
611.3,0,8,1e-05,0.01,0.01,20.0,158.90625
611.3,0,8,1e-05,0.01,0.01,40.0,158.90625
611.3,0,9,1e-05,0.01,0.01,10.0,160.0
611.3,0,9,1e-05,0.01,0.01,20.0,160.0
611.3,0,9,1e-05,0.01,0.01,40.0,160.0
611.3,218,0,1e-05,0.01,0.01,10.0,158.3984375
611.3,218,0,1e-05,0.01,0.01,20.0,158.359375
611.3,218,0,1e-05,0.01,0.01,40.0,158.28125
611.3,218,1,1e-05,0.01,0.01,10.0,151.171875
611.3,218,1,1e-05,0.01,0.01,20.0,151.171875
611.3,218,1,1e-05,0.01,0.01,40.0,151.09375
611.3,218,2,1e-05,0.01,0.01,10.0,156.25
611.3,218,2,1e-05,0.01,0.01,20.0,156.25
611.3,218,2,1e-05,0.01,0.01,40.0,156.25
611.3,218,3,1e-05,0.01,0.01,10.0,160.6640625
611.3,218,3,1e-05,0.01,0.01,20.0,160.625
611.3,218,3,1e-05,0.01,0.01,40.0,160.625
611.3,218,4,1e-05,0.01,0.01,10.0,156.328125
611.3,218,4,1e-05,0.01,0.01,20.0,156.328125
611.3,218,4,1e-05,0.01,0.01,40.0,156.25
611.3,218,5,1e-05,0.01,0.01,10.0,142.0703125
611.3,218,5,1e-05,0.01,0.01,20.0,142.03125
611.3,218,5,1e-05,0.01,0.01,40.0,142.03125
611.3,218,6,1e-05,0.01,0.01,10.0,158.0078125
611.3,218,6,1e-05,0.01,0.01,20.0,157.96875
611.3,218,6,1e-05,0.01,0.01,40.0,157.96875
611.3,218,7,1e-05,0.01,0.01,10.0,162.5390625
611.3,218,7,1e-05,0.01,0.01,20.0,162.5
611.3,218,7,1e-05,0.01,0.01,40.0,162.5
611.3,218,8,1e-05,0.01,0.01,10.0,156.953125
611.3,218,8,1e-05,0.01,0.01,20.0,156.953125
611.3,218,8,1e-05,0.01,0.01,40.0,156.875
611.3,218,9,1e-05,0.01,0.01,10.0,159.21875
611.3,218,9,1e-05,0.01,0.01,20.0,159.21875
611.3,218,9,1e-05,0.01,0.01,40.0,159.21875
611.3,0,0,1e-05,0.01,0.02,10.0,154.6484375
611.3,0,0,1e-05,0.01,0.02,20.0,154.609375
611.3,0,0,1e-05,0.01,0.02,40.0,154.53125
611.3,0,1,1e-05,0.01,0.02,10.0,150.2734375
611.3,0,1,1e-05,0.01,0.02,20.0,150.234375
611.3,0,1,1e-05,0.01,0.02,40.0,150.15625
611.3,0,2,1e-05,0.01,0.02,10.0,157.0703125
611.3,0,2,1e-05,0.01,0.02,20.0,157.03125
611.3,0,2,1e-05,0.01,0.02,40.0,157.03125
611.3,0,3,1e-05,0.01,0.02,10.0,153.5546875
611.3,0,3,1e-05,0.01,0.02,20.0,153.515625
611.3,0,3,1e-05,0.01,0.02,40.0,153.4375
611.3,0,4,1e-05,0.01,0.02,10.0,156.796875
611.3,0,4,1e-05,0.01,0.02,20.0,156.796875
611.3,0,4,1e-05,0.01,0.02,40.0,156.71875
611.3,0,5,1e-05,0.01,0.02,10.0,141.2109375
611.3,0,5,1e-05,0.01,0.02,20.0,141.171875
611.3,0,5,1e-05,0.01,0.02,40.0,141.09375
611.3,0,6,1e-05,0.01,0.02,10.0,159.609375
611.3,0,6,1e-05,0.01,0.02,20.0,159.609375
611.3,0,6,1e-05,0.01,0.02,40.0,159.53125
611.3,0,7,1e-05,0.01,0.02,10.0,158.0859375
611.3,0,7,1e-05,0.01,0.02,20.0,158.046875
611.3,0,7,1e-05,0.01,0.02,40.0,157.96875
611.3,0,8,1e-05,0.01,0.02,10.0,158.9453125
611.3,0,8,1e-05,0.01,0.02,20.0,158.90625
611.3,0,8,1e-05,0.01,0.02,40.0,158.90625
611.3,0,9,1e-05,0.01,0.02,10.0,160.0
611.3,0,9,1e-05,0.01,0.02,20.0,160.0
611.3,0,9,1e-05,0.01,0.02,40.0,160.0
611.3,218,0,1e-05,0.01,0.02,10.0,158.3984375
611.3,218,0,1e-05,0.01,0.02,20.0,158.359375
611.3,218,0,1e-05,0.01,0.02,40.0,158.28125
611.3,218,1,1e-05,0.01,0.02,10.0,151.171875
611.3,218,1,1e-05,0.01,0.02,20.0,151.171875
611.3,218,1,1e-05,0.01,0.02,40.0,151.09375
611.3,218,2,1e-05,0.01,0.02,10.0,156.25
611.3,218,2,1e-05,0.01,0.02,20.0,156.25
611.3,218,2,1e-05,0.01,0.02,40.0,156.25
611.3,218,3,1e-05,0.01,0.02,10.0,160.6640625
611.3,218,3,1e-05,0.01,0.02,20.0,160.625
611.3,218,3,1e-05,0.01,0.02,40.0,160.625
611.3,218,4,1e-05,0.01,0.02,10.0,156.328125
611.3,218,4,1e-05,0.01,0.02,20.0,156.328125
611.3,218,4,1e-05,0.01,0.02,40.0,156.25
611.3,218,5,1e-05,0.01,0.02,10.0,142.0703125
611.3,218,5,1e-05,0.01,0.02,20.0,142.03125
611.3,218,5,1e-05,0.01,0.02,40.0,142.03125
611.3,218,6,1e-05,0.01,0.02,10.0,158.0078125
611.3,218,6,1e-05,0.01,0.02,20.0,157.96875
611.3,218,6,1e-05,0.01,0.02,40.0,157.96875
611.3,218,7,1e-05,0.01,0.02,10.0,162.5390625
611.3,218,7,1e-05,0.01,0.02,20.0,162.5
611.3,218,7,1e-05,0.01,0.02,40.0,162.5
611.3,218,8,1e-05,0.01,0.02,10.0,156.953125
611.3,218,8,1e-05,0.01,0.02,20.0,156.953125
611.3,218,8,1e-05,0.01,0.02,40.0,156.875
611.3,218,9,1e-05,0.01,0.02,10.0,159.21875
611.3,218,9,1e-05,0.01,0.02,20.0,159.21875
611.3,218,9,1e-05,0.01,0.02,40.0,159.21875
634.1,0,0,0.0,0.0,0.005,10.0,174.4140625
634.1,0,0,0.0,0.0,0.005,20.0,174.375
634.1,0,0,0.0,0.0,0.005,40.0,174.375
634.1,0,1,0.0,0.0,0.005,10.0,172.3828125
634.1,0,1,0.0,0.0,0.005,20.0,172.34375
634.1,0,1,0.0,0.0,0.005,40.0,172.34375
634.1,0,2,0.0,0.0,0.005,10.0,177.9296875
634.1,0,2,0.0,0.0,0.005,20.0,177.890625
634.1,0,2,0.0,0.0,0.005,40.0,177.8125
634.1,0,3,0.0,0.0,0.005,10.0,173.90625
634.1,0,3,0.0,0.0,0.005,20.0,173.90625
634.1,0,3,0.0,0.0,0.005,40.0,173.90625
634.1,0,4,0.0,0.0,0.005,10.0,177.03125
634.1,0,4,0.0,0.0,0.005,20.0,177.03125
634.1,0,4,0.0,0.0,0.005,40.0,177.03125
634.1,0,5,0.0,0.0,0.005,10.0,168.3203125
634.1,0,5,0.0,0.0,0.005,20.0,168.28125
634.1,0,5,0.0,0.0,0.005,40.0,168.28125
634.1,0,6,0.0,0.0,0.005,10.0,184.921875
634.1,0,6,0.0,0.0,0.005,20.0,184.921875
634.1,0,6,0.0,0.0,0.005,40.0,184.84375
634.1,0,7,0.0,0.0,0.005,10.0,181.328125
634.1,0,7,0.0,0.0,0.005,20.0,181.328125
634.1,0,7,0.0,0.0,0.005,40.0,181.25
634.1,0,8,0.0,0.0,0.005,10.0,175.390625
634.1,0,8,0.0,0.0,0.005,20.0,175.390625
634.1,0,8,0.0,0.0,0.005,40.0,175.3125
634.1,0,9,0.0,0.0,0.005,10.0,187.578125
634.1,0,9,0.0,0.0,0.005,20.0,187.578125
634.1,0,9,0.0,0.0,0.005,40.0,187.5
634.1,218,0,0.0,0.0,0.005,10.0,182.03125
634.1,218,0,0.0,0.0,0.005,20.0,182.03125
634.1,218,0,0.0,0.0,0.005,40.0,182.03125
634.1,218,1,0.0,0.0,0.005,10.0,172.8515625
634.1,218,1,0.0,0.0,0.005,20.0,172.8125
634.1,218,1,0.0,0.0,0.005,40.0,172.8125
634.1,218,2,0.0,0.0,0.005,10.0,175.1953125
634.1,218,2,0.0,0.0,0.005,20.0,175.15625
634.1,218,2,0.0,0.0,0.005,40.0,175.15625
634.1,218,3,0.0,0.0,0.005,10.0,189.8828125
634.1,218,3,0.0,0.0,0.005,20.0,189.84375
634.1,218,3,0.0,0.0,0.005,40.0,189.84375
634.1,218,4,0.0,0.0,0.005,10.0,171.6796875
634.1,218,4,0.0,0.0,0.005,20.0,171.640625
634.1,218,4,0.0,0.0,0.005,40.0,171.5625
634.1,218,5,0.0,0.0,0.005,10.0,168.7109375
634.1,218,5,0.0,0.0,0.005,20.0,168.671875
634.1,218,5,0.0,0.0,0.005,40.0,168.59375
634.1,218,6,0.0,0.0,0.005,10.0,181.015625
634.1,218,6,0.0,0.0,0.005,20.0,181.015625
634.1,218,6,0.0,0.0,0.005,40.0,180.9375
634.1,218,7,0.0,0.0,0.005,10.0,195.9765625
634.1,218,7,0.0,0.0,0.005,20.0,195.9375
634.1,218,7,0.0,0.0,0.005,40.0,195.9375
634.1,218,8,0.0,0.0,0.005,10.0,177.5390625
634.1,218,8,0.0,0.0,0.005,20.0,177.5
634.1,218,8,0.0,0.0,0.005,40.0,177.5
634.1,218,9,0.0,0.0,0.005,10.0,185.0
634.1,218,9,0.0,0.0,0.005,20.0,185.0
634.1,218,9,0.0,0.0,0.005,40.0,185.0
634.1,0,0,0.0,0.0,0.01,10.0,174.4140625
634.1,0,0,0.0,0.0,0.01,20.0,174.375
634.1,0,0,0.0,0.0,0.01,40.0,174.375
634.1,0,1,0.0,0.0,0.01,10.0,172.3828125
634.1,0,1,0.0,0.0,0.01,20.0,172.34375
634.1,0,1,0.0,0.0,0.01,40.0,172.34375
634.1,0,2,0.0,0.0,0.01,10.0,177.9296875
634.1,0,2,0.0,0.0,0.01,20.0,177.890625
634.1,0,2,0.0,0.0,0.01,40.0,177.8125
634.1,0,3,0.0,0.0,0.01,10.0,173.90625
634.1,0,3,0.0,0.0,0.01,20.0,173.90625
634.1,0,3,0.0,0.0,0.01,40.0,173.90625
634.1,0,4,0.0,0.0,0.01,10.0,177.03125
634.1,0,4,0.0,0.0,0.01,20.0,177.03125
634.1,0,4,0.0,0.0,0.01,40.0,177.03125
634.1,0,5,0.0,0.0,0.01,10.0,168.3203125
634.1,0,5,0.0,0.0,0.01,20.0,168.28125
634.1,0,5,0.0,0.0,0.01,40.0,168.28125
634.1,0,6,0.0,0.0,0.01,10.0,184.921875
634.1,0,6,0.0,0.0,0.01,20.0,184.921875
634.1,0,6,0.0,0.0,0.01,40.0,184.84375
634.1,0,7,0.0,0.0,0.01,10.0,181.328125
634.1,0,7,0.0,0.0,0.01,20.0,181.328125
634.1,0,7,0.0,0.0,0.01,40.0,181.25
634.1,0,8,0.0,0.0,0.01,10.0,175.390625
634.1,0,8,0.0,0.0,0.01,20.0,175.390625
634.1,0,8,0.0,0.0,0.01,40.0,175.3125
634.1,0,9,0.0,0.0,0.01,10.0,187.578125
634.1,0,9,0.0,0.0,0.01,20.0,187.578125
634.1,0,9,0.0,0.0,0.01,40.0,187.5
634.1,218,0,0.0,0.0,0.01,10.0,182.03125
634.1,218,0,0.0,0.0,0.01,20.0,182.03125
634.1,218,0,0.0,0.0,0.01,40.0,182.03125
634.1,218,1,0.0,0.0,0.01,10.0,172.8515625
634.1,218,1,0.0,0.0,0.01,20.0,172.8125
634.1,218,1,0.0,0.0,0.01,40.0,172.8125
634.1,218,2,0.0,0.0,0.01,10.0,175.1953125
634.1,218,2,0.0,0.0,0.01,20.0,175.15625
634.1,218,2,0.0,0.0,0.01,40.0,175.15625
634.1,218,3,0.0,0.0,0.01,10.0,189.8828125
634.1,218,3,0.0,0.0,0.01,20.0,189.84375
634.1,218,3,0.0,0.0,0.01,40.0,189.84375
634.1,218,4,0.0,0.0,0.01,10.0,171.6796875
634.1,218,4,0.0,0.0,0.01,20.0,171.640625
634.1,218,4,0.0,0.0,0.01,40.0,171.5625
634.1,218,5,0.0,0.0,0.01,10.0,168.7109375
634.1,218,5,0.0,0.0,0.01,20.0,168.671875
634.1,218,5,0.0,0.0,0.01,40.0,168.59375
634.1,218,6,0.0,0.0,0.01,10.0,181.015625
634.1,218,6,0.0,0.0,0.01,20.0,181.015625
634.1,218,6,0.0,0.0,0.01,40.0,180.9375
634.1,218,7,0.0,0.0,0.01,10.0,195.9765625
634.1,218,7,0.0,0.0,0.01,20.0,195.9375
634.1,218,7,0.0,0.0,0.01,40.0,195.9375
634.1,218,8,0.0,0.0,0.01,10.0,177.5390625
634.1,218,8,0.0,0.0,0.01,20.0,177.5
634.1,218,8,0.0,0.0,0.01,40.0,177.5
634.1,218,9,0.0,0.0,0.01,10.0,185.0
634.1,218,9,0.0,0.0,0.01,20.0,185.0
634.1,218,9,0.0,0.0,0.01,40.0,185.0
634.1,0,0,0.0,0.0,0.02,10.0,174.4140625
634.1,0,0,0.0,0.0,0.02,20.0,174.375
634.1,0,0,0.0,0.0,0.02,40.0,174.375
634.1,0,1,0.0,0.0,0.02,10.0,172.3828125
634.1,0,1,0.0,0.0,0.02,20.0,172.34375
634.1,0,1,0.0,0.0,0.02,40.0,172.34375
634.1,0,2,0.0,0.0,0.02,10.0,177.9296875
634.1,0,2,0.0,0.0,0.02,20.0,177.890625
634.1,0,2,0.0,0.0,0.02,40.0,177.8125
634.1,0,3,0.0,0.0,0.02,10.0,173.90625
634.1,0,3,0.0,0.0,0.02,20.0,173.90625
634.1,0,3,0.0,0.0,0.02,40.0,173.90625
634.1,0,4,0.0,0.0,0.02,10.0,177.03125
634.1,0,4,0.0,0.0,0.02,20.0,177.03125
634.1,0,4,0.0,0.0,0.02,40.0,177.03125
634.1,0,5,0.0,0.0,0.02,10.0,168.3203125
634.1,0,5,0.0,0.0,0.02,20.0,168.28125
634.1,0,5,0.0,0.0,0.02,40.0,168.28125
634.1,0,6,0.0,0.0,0.02,10.0,184.921875
634.1,0,6,0.0,0.0,0.02,20.0,184.921875
634.1,0,6,0.0,0.0,0.02,40.0,184.84375
634.1,0,7,0.0,0.0,0.02,10.0,181.328125
634.1,0,7,0.0,0.0,0.02,20.0,181.328125
634.1,0,7,0.0,0.0,0.02,40.0,181.25
634.1,0,8,0.0,0.0,0.02,10.0,175.390625
634.1,0,8,0.0,0.0,0.02,20.0,175.390625
634.1,0,8,0.0,0.0,0.02,40.0,175.3125
634.1,0,9,0.0,0.0,0.02,10.0,187.578125
634.1,0,9,0.0,0.0,0.02,20.0,187.578125
634.1,0,9,0.0,0.0,0.02,40.0,187.5
634.1,218,0,0.0,0.0,0.02,10.0,182.03125
634.1,218,0,0.0,0.0,0.02,20.0,182.03125
634.1,218,0,0.0,0.0,0.02,40.0,182.03125
634.1,218,1,0.0,0.0,0.02,10.0,172.8515625
634.1,218,1,0.0,0.0,0.02,20.0,172.8125
634.1,218,1,0.0,0.0,0.02,40.0,172.8125
634.1,218,2,0.0,0.0,0.02,10.0,175.1953125
634.1,218,2,0.0,0.0,0.02,20.0,175.15625
634.1,218,2,0.0,0.0,0.02,40.0,175.15625
634.1,218,3,0.0,0.0,0.02,10.0,189.8828125
634.1,218,3,0.0,0.0,0.02,20.0,189.84375
634.1,218,3,0.0,0.0,0.02,40.0,189.84375
634.1,218,4,0.0,0.0,0.02,10.0,171.6796875
634.1,218,4,0.0,0.0,0.02,20.0,171.640625
634.1,218,4,0.0,0.0,0.02,40.0,171.5625
634.1,218,5,0.0,0.0,0.02,10.0,168.7109375
634.1,218,5,0.0,0.0,0.02,20.0,168.671875
634.1,218,5,0.0,0.0,0.02,40.0,168.59375
634.1,218,6,0.0,0.0,0.02,10.0,181.015625
634.1,218,6,0.0,0.0,0.02,20.0,181.015625
634.1,218,6,0.0,0.0,0.02,40.0,180.9375
634.1,218,7,0.0,0.0,0.02,10.0,195.9765625
634.1,218,7,0.0,0.0,0.02,20.0,195.9375
634.1,218,7,0.0,0.0,0.02,40.0,195.9375
634.1,218,8,0.0,0.0,0.02,10.0,177.5390625
634.1,218,8,0.0,0.0,0.02,20.0,177.5
634.1,218,8,0.0,0.0,0.02,40.0,177.5
634.1,218,9,0.0,0.0,0.02,10.0,185.0
634.1,218,9,0.0,0.0,0.02,20.0,185.0
634.1,218,9,0.0,0.0,0.02,40.0,185.0
634.1,0,0,0.0,0.01,0.005,10.0,174.4140625
634.1,0,0,0.0,0.01,0.005,20.0,174.375
634.1,0,0,0.0,0.01,0.005,40.0,174.375
634.1,0,1,0.0,0.01,0.005,10.0,172.3828125
634.1,0,1,0.0,0.01,0.005,20.0,172.34375
634.1,0,1,0.0,0.01,0.005,40.0,172.34375
634.1,0,2,0.0,0.01,0.005,10.0,177.9296875
634.1,0,2,0.0,0.01,0.005,20.0,177.890625
634.1,0,2,0.0,0.01,0.005,40.0,177.8125
634.1,0,3,0.0,0.01,0.005,10.0,173.90625
634.1,0,3,0.0,0.01,0.005,20.0,173.90625
634.1,0,3,0.0,0.01,0.005,40.0,173.90625
634.1,0,4,0.0,0.01,0.005,10.0,177.03125
634.1,0,4,0.0,0.01,0.005,20.0,177.03125
634.1,0,4,0.0,0.01,0.005,40.0,177.03125
634.1,0,5,0.0,0.01,0.005,10.0,168.3203125
634.1,0,5,0.0,0.01,0.005,20.0,168.28125
634.1,0,5,0.0,0.01,0.005,40.0,168.28125
634.1,0,6,0.0,0.01,0.005,10.0,184.921875
634.1,0,6,0.0,0.01,0.005,20.0,184.921875
634.1,0,6,0.0,0.01,0.005,40.0,184.84375
634.1,0,7,0.0,0.01,0.005,10.0,181.328125
634.1,0,7,0.0,0.01,0.005,20.0,181.328125
634.1,0,7,0.0,0.01,0.005,40.0,181.25
634.1,0,8,0.0,0.01,0.005,10.0,175.390625
634.1,0,8,0.0,0.01,0.005,20.0,175.390625
634.1,0,8,0.0,0.01,0.005,40.0,175.3125
634.1,0,9,0.0,0.01,0.005,10.0,187.578125
634.1,0,9,0.0,0.01,0.005,20.0,187.578125
634.1,0,9,0.0,0.01,0.005,40.0,187.5
634.1,218,0,0.0,0.01,0.005,10.0,182.03125
634.1,218,0,0.0,0.01,0.005,20.0,182.03125
634.1,218,0,0.0,0.01,0.005,40.0,182.03125
634.1,218,1,0.0,0.01,0.005,10.0,172.8515625
634.1,218,1,0.0,0.01,0.005,20.0,172.8125
634.1,218,1,0.0,0.01,0.005,40.0,172.8125
634.1,218,2,0.0,0.01,0.005,10.0,175.1953125
634.1,218,2,0.0,0.01,0.005,20.0,175.15625
634.1,218,2,0.0,0.01,0.005,40.0,175.15625
634.1,218,3,0.0,0.01,0.005,10.0,189.8828125
634.1,218,3,0.0,0.01,0.005,20.0,189.84375
634.1,218,3,0.0,0.01,0.005,40.0,189.84375
634.1,218,4,0.0,0.01,0.005,10.0,171.6796875
634.1,218,4,0.0,0.01,0.005,20.0,171.640625
634.1,218,4,0.0,0.01,0.005,40.0,171.5625
634.1,218,5,0.0,0.01,0.005,10.0,168.7109375
634.1,218,5,0.0,0.01,0.005,20.0,168.671875
634.1,218,5,0.0,0.01,0.005,40.0,168.59375
634.1,218,6,0.0,0.01,0.005,10.0,181.015625
634.1,218,6,0.0,0.01,0.005,20.0,181.015625
634.1,218,6,0.0,0.01,0.005,40.0,180.9375
634.1,218,7,0.0,0.01,0.005,10.0,195.9765625
634.1,218,7,0.0,0.01,0.005,20.0,195.9375
634.1,218,7,0.0,0.01,0.005,40.0,195.9375
634.1,218,8,0.0,0.01,0.005,10.0,177.5390625
634.1,218,8,0.0,0.01,0.005,20.0,177.5
634.1,218,8,0.0,0.01,0.005,40.0,177.5
634.1,218,9,0.0,0.01,0.005,10.0,185.0
634.1,218,9,0.0,0.01,0.005,20.0,185.0
634.1,218,9,0.0,0.01,0.005,40.0,185.0
634.1,0,0,0.0,0.01,0.01,10.0,174.4140625
634.1,0,0,0.0,0.01,0.01,20.0,174.375
634.1,0,0,0.0,0.01,0.01,40.0,174.375
634.1,0,1,0.0,0.01,0.01,10.0,172.3828125
634.1,0,1,0.0,0.01,0.01,20.0,172.34375
634.1,0,1,0.0,0.01,0.01,40.0,172.34375
634.1,0,2,0.0,0.01,0.01,10.0,177.9296875
634.1,0,2,0.0,0.01,0.01,20.0,177.890625
634.1,0,2,0.0,0.01,0.01,40.0,177.8125
634.1,0,3,0.0,0.01,0.01,10.0,173.90625
634.1,0,3,0.0,0.01,0.01,20.0,173.90625
634.1,0,3,0.0,0.01,0.01,40.0,173.90625
634.1,0,4,0.0,0.01,0.01,10.0,177.03125
634.1,0,4,0.0,0.01,0.01,20.0,177.03125
634.1,0,4,0.0,0.01,0.01,40.0,177.03125
634.1,0,5,0.0,0.01,0.01,10.0,168.3203125
634.1,0,5,0.0,0.01,0.01,20.0,168.28125
634.1,0,5,0.0,0.01,0.01,40.0,168.28125
634.1,0,6,0.0,0.01,0.01,10.0,184.921875
634.1,0,6,0.0,0.01,0.01,20.0,184.921875
634.1,0,6,0.0,0.01,0.01,40.0,184.84375
634.1,0,7,0.0,0.01,0.01,10.0,181.328125
634.1,0,7,0.0,0.01,0.01,20.0,181.328125
634.1,0,7,0.0,0.01,0.01,40.0,181.25
634.1,0,8,0.0,0.01,0.01,10.0,175.390625
634.1,0,8,0.0,0.01,0.01,20.0,175.390625
634.1,0,8,0.0,0.01,0.01,40.0,175.3125
634.1,0,9,0.0,0.01,0.01,10.0,187.578125
634.1,0,9,0.0,0.01,0.01,20.0,187.578125
634.1,0,9,0.0,0.01,0.01,40.0,187.5
634.1,218,0,0.0,0.01,0.01,10.0,182.03125
634.1,218,0,0.0,0.01,0.01,20.0,182.03125
634.1,218,0,0.0,0.01,0.01,40.0,182.03125
634.1,218,1,0.0,0.01,0.01,10.0,172.8515625
634.1,218,1,0.0,0.01,0.01,20.0,172.8125
634.1,218,1,0.0,0.01,0.01,40.0,172.8125
634.1,218,2,0.0,0.01,0.01,10.0,175.1953125
634.1,218,2,0.0,0.01,0.01,20.0,175.15625
634.1,218,2,0.0,0.01,0.01,40.0,175.15625
634.1,218,3,0.0,0.01,0.01,10.0,189.8828125
634.1,218,3,0.0,0.01,0.01,20.0,189.84375
634.1,218,3,0.0,0.01,0.01,40.0,189.84375
634.1,218,4,0.0,0.01,0.01,10.0,171.6796875
634.1,218,4,0.0,0.01,0.01,20.0,171.640625
634.1,218,4,0.0,0.01,0.01,40.0,171.5625
634.1,218,5,0.0,0.01,0.01,10.0,168.7109375
634.1,218,5,0.0,0.01,0.01,20.0,168.671875
634.1,218,5,0.0,0.01,0.01,40.0,168.59375
634.1,218,6,0.0,0.01,0.01,10.0,181.015625
634.1,218,6,0.0,0.01,0.01,20.0,181.015625
634.1,218,6,0.0,0.01,0.01,40.0,180.9375
634.1,218,7,0.0,0.01,0.01,10.0,195.9765625
634.1,218,7,0.0,0.01,0.01,20.0,195.9375
634.1,218,7,0.0,0.01,0.01,40.0,195.9375
634.1,218,8,0.0,0.01,0.01,10.0,177.5390625
634.1,218,8,0.0,0.01,0.01,20.0,177.5
634.1,218,8,0.0,0.01,0.01,40.0,177.5
634.1,218,9,0.0,0.01,0.01,10.0,185.0
634.1,218,9,0.0,0.01,0.01,20.0,185.0
634.1,218,9,0.0,0.01,0.01,40.0,185.0
634.1,0,0,0.0,0.01,0.02,10.0,174.4140625
634.1,0,0,0.0,0.01,0.02,20.0,174.375
634.1,0,0,0.0,0.01,0.02,40.0,174.375
634.1,0,1,0.0,0.01,0.02,10.0,172.3828125
634.1,0,1,0.0,0.01,0.02,20.0,172.34375
634.1,0,1,0.0,0.01,0.02,40.0,172.34375
634.1,0,2,0.0,0.01,0.02,10.0,177.9296875
634.1,0,2,0.0,0.01,0.02,20.0,177.890625
634.1,0,2,0.0,0.01,0.02,40.0,177.8125
634.1,0,3,0.0,0.01,0.02,10.0,173.90625
634.1,0,3,0.0,0.01,0.02,20.0,173.90625
634.1,0,3,0.0,0.01,0.02,40.0,173.90625
634.1,0,4,0.0,0.01,0.02,10.0,177.03125
634.1,0,4,0.0,0.01,0.02,20.0,177.03125
634.1,0,4,0.0,0.01,0.02,40.0,177.03125
634.1,0,5,0.0,0.01,0.02,10.0,168.3203125
634.1,0,5,0.0,0.01,0.02,20.0,168.28125
634.1,0,5,0.0,0.01,0.02,40.0,168.28125
634.1,0,6,0.0,0.01,0.02,10.0,184.921875
634.1,0,6,0.0,0.01,0.02,20.0,184.921875
634.1,0,6,0.0,0.01,0.02,40.0,184.84375
634.1,0,7,0.0,0.01,0.02,10.0,181.328125
634.1,0,7,0.0,0.01,0.02,20.0,181.328125
634.1,0,7,0.0,0.01,0.02,40.0,181.25
634.1,0,8,0.0,0.01,0.02,10.0,175.390625
634.1,0,8,0.0,0.01,0.02,20.0,175.390625
634.1,0,8,0.0,0.01,0.02,40.0,175.3125
634.1,0,9,0.0,0.01,0.02,10.0,187.578125
634.1,0,9,0.0,0.01,0.02,20.0,187.578125
634.1,0,9,0.0,0.01,0.02,40.0,187.5
634.1,218,0,0.0,0.01,0.02,10.0,182.03125
634.1,218,0,0.0,0.01,0.02,20.0,182.03125
634.1,218,0,0.0,0.01,0.02,40.0,182.03125
634.1,218,1,0.0,0.01,0.02,10.0,172.8515625
634.1,218,1,0.0,0.01,0.02,20.0,172.8125
634.1,218,1,0.0,0.01,0.02,40.0,172.8125
634.1,218,2,0.0,0.01,0.02,10.0,175.1953125
634.1,218,2,0.0,0.01,0.02,20.0,175.15625
634.1,218,2,0.0,0.01,0.02,40.0,175.15625
634.1,218,3,0.0,0.01,0.02,10.0,189.8828125
634.1,218,3,0.0,0.01,0.02,20.0,189.84375
634.1,218,3,0.0,0.01,0.02,40.0,189.84375
634.1,218,4,0.0,0.01,0.02,10.0,171.6796875
634.1,218,4,0.0,0.01,0.02,20.0,171.640625
634.1,218,4,0.0,0.01,0.02,40.0,171.5625
634.1,218,5,0.0,0.01,0.02,10.0,168.7109375
634.1,218,5,0.0,0.01,0.02,20.0,168.671875
634.1,218,5,0.0,0.01,0.02,40.0,168.59375
634.1,218,6,0.0,0.01,0.02,10.0,181.015625
634.1,218,6,0.0,0.01,0.02,20.0,181.015625
634.1,218,6,0.0,0.01,0.02,40.0,180.9375
634.1,218,7,0.0,0.01,0.02,10.0,195.9765625
634.1,218,7,0.0,0.01,0.02,20.0,195.9375
634.1,218,7,0.0,0.01,0.02,40.0,195.9375
634.1,218,8,0.0,0.01,0.02,10.0,177.5390625
634.1,218,8,0.0,0.01,0.02,20.0,177.5
634.1,218,8,0.0,0.01,0.02,40.0,177.5
634.1,218,9,0.0,0.01,0.02,10.0,185.0
634.1,218,9,0.0,0.01,0.02,20.0,185.0
634.1,218,9,0.0,0.01,0.02,40.0,185.0
634.1,0,0,1e-06,0.0,0.005,10.0,174.4140625
634.1,0,0,1e-06,0.0,0.005,20.0,174.375
634.1,0,0,1e-06,0.0,0.005,40.0,174.375
634.1,0,1,1e-06,0.0,0.005,10.0,172.3828125
634.1,0,1,1e-06,0.0,0.005,20.0,172.34375
634.1,0,1,1e-06,0.0,0.005,40.0,172.34375
634.1,0,2,1e-06,0.0,0.005,10.0,177.9296875
634.1,0,2,1e-06,0.0,0.005,20.0,177.890625
634.1,0,2,1e-06,0.0,0.005,40.0,177.8125
634.1,0,3,1e-06,0.0,0.005,10.0,173.9453125
634.1,0,3,1e-06,0.0,0.005,20.0,173.90625
634.1,0,3,1e-06,0.0,0.005,40.0,173.90625
634.1,0,4,1e-06,0.0,0.005,10.0,177.03125
634.1,0,4,1e-06,0.0,0.005,20.0,177.03125
634.1,0,4,1e-06,0.0,0.005,40.0,177.03125
634.1,0,5,1e-06,0.0,0.005,10.0,168.359375
634.1,0,5,1e-06,0.0,0.005,20.0,168.359375
634.1,0,5,1e-06,0.0,0.005,40.0,168.28125
634.1,0,6,1e-06,0.0,0.005,10.0,184.9609375
634.1,0,6,1e-06,0.0,0.005,20.0,184.921875
634.1,0,6,1e-06,0.0,0.005,40.0,184.84375
634.1,0,7,1e-06,0.0,0.005,10.0,181.3671875
634.1,0,7,1e-06,0.0,0.005,20.0,181.328125
634.1,0,7,1e-06,0.0,0.005,40.0,181.25
634.1,0,8,1e-06,0.0,0.005,10.0,175.4296875
634.1,0,8,1e-06,0.0,0.005,20.0,175.390625
634.1,0,8,1e-06,0.0,0.005,40.0,175.3125
634.1,0,9,1e-06,0.0,0.005,10.0,187.578125
634.1,0,9,1e-06,0.0,0.005,20.0,187.578125
634.1,0,9,1e-06,0.0,0.005,40.0,187.5
634.1,218,0,1e-06,0.0,0.005,10.0,182.03125
634.1,218,0,1e-06,0.0,0.005,20.0,182.03125
634.1,218,0,1e-06,0.0,0.005,40.0,182.03125
634.1,218,1,1e-06,0.0,0.005,10.0,172.8515625
634.1,218,1,1e-06,0.0,0.005,20.0,172.8125
634.1,218,1,1e-06,0.0,0.005,40.0,172.8125
634.1,218,2,1e-06,0.0,0.005,10.0,175.1953125
634.1,218,2,1e-06,0.0,0.005,20.0,175.15625
634.1,218,2,1e-06,0.0,0.005,40.0,175.15625
634.1,218,3,1e-06,0.0,0.005,10.0,189.8828125
634.1,218,3,1e-06,0.0,0.005,20.0,189.84375
634.1,218,3,1e-06,0.0,0.005,40.0,189.84375
634.1,218,4,1e-06,0.0,0.005,10.0,171.71875
634.1,218,4,1e-06,0.0,0.005,20.0,171.71875
634.1,218,4,1e-06,0.0,0.005,40.0,171.71875
634.1,218,5,1e-06,0.0,0.005,10.0,168.7109375
634.1,218,5,1e-06,0.0,0.005,20.0,168.671875
634.1,218,5,1e-06,0.0,0.005,40.0,168.59375
634.1,218,6,1e-06,0.0,0.005,10.0,181.015625
634.1,218,6,1e-06,0.0,0.005,20.0,181.015625
634.1,218,6,1e-06,0.0,0.005,40.0,180.9375
634.1,218,7,1e-06,0.0,0.005,10.0,195.9765625
634.1,218,7,1e-06,0.0,0.005,20.0,195.9375
634.1,218,7,1e-06,0.0,0.005,40.0,195.9375
634.1,218,8,1e-06,0.0,0.005,10.0,177.5390625
634.1,218,8,1e-06,0.0,0.005,20.0,177.5
634.1,218,8,1e-06,0.0,0.005,40.0,177.5
634.1,218,9,1e-06,0.0,0.005,10.0,185.0
634.1,218,9,1e-06,0.0,0.005,20.0,185.0
634.1,218,9,1e-06,0.0,0.005,40.0,185.0
634.1,0,0,1e-06,0.0,0.01,10.0,174.4140625
634.1,0,0,1e-06,0.0,0.01,20.0,174.375
634.1,0,0,1e-06,0.0,0.01,40.0,174.375
634.1,0,1,1e-06,0.0,0.01,10.0,172.3828125
634.1,0,1,1e-06,0.0,0.01,20.0,172.34375
634.1,0,1,1e-06,0.0,0.01,40.0,172.34375
634.1,0,2,1e-06,0.0,0.01,10.0,177.9296875
634.1,0,2,1e-06,0.0,0.01,20.0,177.890625
634.1,0,2,1e-06,0.0,0.01,40.0,177.8125
634.1,0,3,1e-06,0.0,0.01,10.0,173.9453125
634.1,0,3,1e-06,0.0,0.01,20.0,173.90625
634.1,0,3,1e-06,0.0,0.01,40.0,173.90625
634.1,0,4,1e-06,0.0,0.01,10.0,177.03125
634.1,0,4,1e-06,0.0,0.01,20.0,177.03125
634.1,0,4,1e-06,0.0,0.01,40.0,177.03125
634.1,0,5,1e-06,0.0,0.01,10.0,168.359375
634.1,0,5,1e-06,0.0,0.01,20.0,168.359375
634.1,0,5,1e-06,0.0,0.01,40.0,168.28125
634.1,0,6,1e-06,0.0,0.01,10.0,184.9609375
634.1,0,6,1e-06,0.0,0.01,20.0,184.921875
634.1,0,6,1e-06,0.0,0.01,40.0,184.84375
634.1,0,7,1e-06,0.0,0.01,10.0,181.3671875
634.1,0,7,1e-06,0.0,0.01,20.0,181.328125
634.1,0,7,1e-06,0.0,0.01,40.0,181.25
634.1,0,8,1e-06,0.0,0.01,10.0,175.4296875
634.1,0,8,1e-06,0.0,0.01,20.0,175.390625
634.1,0,8,1e-06,0.0,0.01,40.0,175.3125
634.1,0,9,1e-06,0.0,0.01,10.0,187.578125
634.1,0,9,1e-06,0.0,0.01,20.0,187.578125
634.1,0,9,1e-06,0.0,0.01,40.0,187.5
634.1,218,0,1e-06,0.0,0.01,10.0,182.03125
634.1,218,0,1e-06,0.0,0.01,20.0,182.03125
634.1,218,0,1e-06,0.0,0.01,40.0,182.03125
634.1,218,1,1e-06,0.0,0.01,10.0,172.8515625
634.1,218,1,1e-06,0.0,0.01,20.0,172.8125
634.1,218,1,1e-06,0.0,0.01,40.0,172.8125
634.1,218,2,1e-06,0.0,0.01,10.0,175.1953125
634.1,218,2,1e-06,0.0,0.01,20.0,175.15625
634.1,218,2,1e-06,0.0,0.01,40.0,175.15625
634.1,218,3,1e-06,0.0,0.01,10.0,189.8828125
634.1,218,3,1e-06,0.0,0.01,20.0,189.84375
634.1,218,3,1e-06,0.0,0.01,40.0,189.84375
634.1,218,4,1e-06,0.0,0.01,10.0,171.71875
634.1,218,4,1e-06,0.0,0.01,20.0,171.71875
634.1,218,4,1e-06,0.0,0.01,40.0,171.71875
634.1,218,5,1e-06,0.0,0.01,10.0,168.7109375
634.1,218,5,1e-06,0.0,0.01,20.0,168.671875
634.1,218,5,1e-06,0.0,0.01,40.0,168.59375
634.1,218,6,1e-06,0.0,0.01,10.0,181.015625
634.1,218,6,1e-06,0.0,0.01,20.0,181.015625
634.1,218,6,1e-06,0.0,0.01,40.0,180.9375
634.1,218,7,1e-06,0.0,0.01,10.0,195.9765625
634.1,218,7,1e-06,0.0,0.01,20.0,195.9375
634.1,218,7,1e-06,0.0,0.01,40.0,195.9375
634.1,218,8,1e-06,0.0,0.01,10.0,177.5390625
634.1,218,8,1e-06,0.0,0.01,20.0,177.5
634.1,218,8,1e-06,0.0,0.01,40.0,177.5
634.1,218,9,1e-06,0.0,0.01,10.0,185.0
634.1,218,9,1e-06,0.0,0.01,20.0,185.0
634.1,218,9,1e-06,0.0,0.01,40.0,185.0
634.1,0,0,1e-06,0.0,0.02,10.0,174.4140625
634.1,0,0,1e-06,0.0,0.02,20.0,174.375
634.1,0,0,1e-06,0.0,0.02,40.0,174.375
634.1,0,1,1e-06,0.0,0.02,10.0,172.3828125
634.1,0,1,1e-06,0.0,0.02,20.0,172.34375
634.1,0,1,1e-06,0.0,0.02,40.0,172.34375
634.1,0,2,1e-06,0.0,0.02,10.0,177.9296875
634.1,0,2,1e-06,0.0,0.02,20.0,177.890625
634.1,0,2,1e-06,0.0,0.02,40.0,177.8125
634.1,0,3,1e-06,0.0,0.02,10.0,173.9453125
634.1,0,3,1e-06,0.0,0.02,20.0,173.90625
634.1,0,3,1e-06,0.0,0.02,40.0,173.90625
634.1,0,4,1e-06,0.0,0.02,10.0,177.03125
634.1,0,4,1e-06,0.0,0.02,20.0,177.03125
634.1,0,4,1e-06,0.0,0.02,40.0,177.03125
634.1,0,5,1e-06,0.0,0.02,10.0,168.359375
634.1,0,5,1e-06,0.0,0.02,20.0,168.359375
634.1,0,5,1e-06,0.0,0.02,40.0,168.28125
634.1,0,6,1e-06,0.0,0.02,10.0,184.9609375
634.1,0,6,1e-06,0.0,0.02,20.0,184.921875
634.1,0,6,1e-06,0.0,0.02,40.0,184.84375
634.1,0,7,1e-06,0.0,0.02,10.0,181.3671875
634.1,0,7,1e-06,0.0,0.02,20.0,181.328125
634.1,0,7,1e-06,0.0,0.02,40.0,181.25
634.1,0,8,1e-06,0.0,0.02,10.0,175.4296875
634.1,0,8,1e-06,0.0,0.02,20.0,175.390625
634.1,0,8,1e-06,0.0,0.02,40.0,175.3125
634.1,0,9,1e-06,0.0,0.02,10.0,187.578125
634.1,0,9,1e-06,0.0,0.02,20.0,187.578125
634.1,0,9,1e-06,0.0,0.02,40.0,187.5
634.1,218,0,1e-06,0.0,0.02,10.0,182.03125
634.1,218,0,1e-06,0.0,0.02,20.0,182.03125
634.1,218,0,1e-06,0.0,0.02,40.0,182.03125
634.1,218,1,1e-06,0.0,0.02,10.0,172.8515625
634.1,218,1,1e-06,0.0,0.02,20.0,172.8125
634.1,218,1,1e-06,0.0,0.02,40.0,172.8125
634.1,218,2,1e-06,0.0,0.02,10.0,175.1953125
634.1,218,2,1e-06,0.0,0.02,20.0,175.15625
634.1,218,2,1e-06,0.0,0.02,40.0,175.15625
634.1,218,3,1e-06,0.0,0.02,10.0,189.8828125
634.1,218,3,1e-06,0.0,0.02,20.0,189.84375
634.1,218,3,1e-06,0.0,0.02,40.0,189.84375
634.1,218,4,1e-06,0.0,0.02,10.0,171.71875
634.1,218,4,1e-06,0.0,0.02,20.0,171.71875
634.1,218,4,1e-06,0.0,0.02,40.0,171.71875
634.1,218,5,1e-06,0.0,0.02,10.0,168.7109375
634.1,218,5,1e-06,0.0,0.02,20.0,168.671875
634.1,218,5,1e-06,0.0,0.02,40.0,168.59375
634.1,218,6,1e-06,0.0,0.02,10.0,181.015625
634.1,218,6,1e-06,0.0,0.02,20.0,181.015625
634.1,218,6,1e-06,0.0,0.02,40.0,180.9375
634.1,218,7,1e-06,0.0,0.02,10.0,195.9765625
634.1,218,7,1e-06,0.0,0.02,20.0,195.9375
634.1,218,7,1e-06,0.0,0.02,40.0,195.9375
634.1,218,8,1e-06,0.0,0.02,10.0,177.5390625
634.1,218,8,1e-06,0.0,0.02,20.0,177.5
634.1,218,8,1e-06,0.0,0.02,40.0,177.5
634.1,218,9,1e-06,0.0,0.02,10.0,185.0
634.1,218,9,1e-06,0.0,0.02,20.0,185.0
634.1,218,9,1e-06,0.0,0.02,40.0,185.0
634.1,0,0,1e-06,0.01,0.005,10.0,174.4140625
634.1,0,0,1e-06,0.01,0.005,20.0,174.375
634.1,0,0,1e-06,0.01,0.005,40.0,174.375
634.1,0,1,1e-06,0.01,0.005,10.0,172.3828125
634.1,0,1,1e-06,0.01,0.005,20.0,172.34375
634.1,0,1,1e-06,0.01,0.005,40.0,172.34375
634.1,0,2,1e-06,0.01,0.005,10.0,177.9296875
634.1,0,2,1e-06,0.01,0.005,20.0,177.890625
634.1,0,2,1e-06,0.01,0.005,40.0,177.8125
634.1,0,3,1e-06,0.01,0.005,10.0,173.9453125
634.1,0,3,1e-06,0.01,0.005,20.0,173.90625
634.1,0,3,1e-06,0.01,0.005,40.0,173.90625
634.1,0,4,1e-06,0.01,0.005,10.0,177.03125
634.1,0,4,1e-06,0.01,0.005,20.0,177.03125
634.1,0,4,1e-06,0.01,0.005,40.0,177.03125
634.1,0,5,1e-06,0.01,0.005,10.0,168.359375
634.1,0,5,1e-06,0.01,0.005,20.0,168.359375
634.1,0,5,1e-06,0.01,0.005,40.0,168.28125
634.1,0,6,1e-06,0.01,0.005,10.0,184.9609375
634.1,0,6,1e-06,0.01,0.005,20.0,184.921875
634.1,0,6,1e-06,0.01,0.005,40.0,184.84375
634.1,0,7,1e-06,0.01,0.005,10.0,181.3671875
634.1,0,7,1e-06,0.01,0.005,20.0,181.328125
634.1,0,7,1e-06,0.01,0.005,40.0,181.25
634.1,0,8,1e-06,0.01,0.005,10.0,175.4296875
634.1,0,8,1e-06,0.01,0.005,20.0,175.390625
634.1,0,8,1e-06,0.01,0.005,40.0,175.3125
634.1,0,9,1e-06,0.01,0.005,10.0,187.578125
634.1,0,9,1e-06,0.01,0.005,20.0,187.578125
634.1,0,9,1e-06,0.01,0.005,40.0,187.5
634.1,218,0,1e-06,0.01,0.005,10.0,182.03125
634.1,218,0,1e-06,0.01,0.005,20.0,182.03125
634.1,218,0,1e-06,0.01,0.005,40.0,182.03125
634.1,218,1,1e-06,0.01,0.005,10.0,172.8515625
634.1,218,1,1e-06,0.01,0.005,20.0,172.8125
634.1,218,1,1e-06,0.01,0.005,40.0,172.8125
634.1,218,2,1e-06,0.01,0.005,10.0,175.1953125
634.1,218,2,1e-06,0.01,0.005,20.0,175.15625
634.1,218,2,1e-06,0.01,0.005,40.0,175.15625
634.1,218,3,1e-06,0.01,0.005,10.0,189.8828125
634.1,218,3,1e-06,0.01,0.005,20.0,189.84375
634.1,218,3,1e-06,0.01,0.005,40.0,189.84375
634.1,218,4,1e-06,0.01,0.005,10.0,171.71875
634.1,218,4,1e-06,0.01,0.005,20.0,171.71875
634.1,218,4,1e-06,0.01,0.005,40.0,171.71875
634.1,218,5,1e-06,0.01,0.005,10.0,168.7109375
634.1,218,5,1e-06,0.01,0.005,20.0,168.671875
634.1,218,5,1e-06,0.01,0.005,40.0,168.59375
634.1,218,6,1e-06,0.01,0.005,10.0,181.015625
634.1,218,6,1e-06,0.01,0.005,20.0,181.015625
634.1,218,6,1e-06,0.01,0.005,40.0,180.9375
634.1,218,7,1e-06,0.01,0.005,10.0,195.9765625
634.1,218,7,1e-06,0.01,0.005,20.0,195.9375
634.1,218,7,1e-06,0.01,0.005,40.0,195.9375
634.1,218,8,1e-06,0.01,0.005,10.0,177.5390625
634.1,218,8,1e-06,0.01,0.005,20.0,177.5
634.1,218,8,1e-06,0.01,0.005,40.0,177.5
634.1,218,9,1e-06,0.01,0.005,10.0,185.0
634.1,218,9,1e-06,0.01,0.005,20.0,185.0
634.1,218,9,1e-06,0.01,0.005,40.0,185.0
634.1,0,0,1e-06,0.01,0.01,10.0,174.4140625
634.1,0,0,1e-06,0.01,0.01,20.0,174.375
634.1,0,0,1e-06,0.01,0.01,40.0,174.375
634.1,0,1,1e-06,0.01,0.01,10.0,172.3828125
634.1,0,1,1e-06,0.01,0.01,20.0,172.34375
634.1,0,1,1e-06,0.01,0.01,40.0,172.34375
634.1,0,2,1e-06,0.01,0.01,10.0,177.9296875
634.1,0,2,1e-06,0.01,0.01,20.0,177.890625
634.1,0,2,1e-06,0.01,0.01,40.0,177.8125
634.1,0,3,1e-06,0.01,0.01,10.0,173.9453125
634.1,0,3,1e-06,0.01,0.01,20.0,173.90625
634.1,0,3,1e-06,0.01,0.01,40.0,173.90625
634.1,0,4,1e-06,0.01,0.01,10.0,177.03125
634.1,0,4,1e-06,0.01,0.01,20.0,177.03125
634.1,0,4,1e-06,0.01,0.01,40.0,177.03125
634.1,0,5,1e-06,0.01,0.01,10.0,168.359375
634.1,0,5,1e-06,0.01,0.01,20.0,168.359375
634.1,0,5,1e-06,0.01,0.01,40.0,168.28125
634.1,0,6,1e-06,0.01,0.01,10.0,184.9609375
634.1,0,6,1e-06,0.01,0.01,20.0,184.921875
634.1,0,6,1e-06,0.01,0.01,40.0,184.84375
634.1,0,7,1e-06,0.01,0.01,10.0,181.3671875
634.1,0,7,1e-06,0.01,0.01,20.0,181.328125
634.1,0,7,1e-06,0.01,0.01,40.0,181.25
634.1,0,8,1e-06,0.01,0.01,10.0,175.4296875
634.1,0,8,1e-06,0.01,0.01,20.0,175.390625
634.1,0,8,1e-06,0.01,0.01,40.0,175.3125
634.1,0,9,1e-06,0.01,0.01,10.0,187.578125
634.1,0,9,1e-06,0.01,0.01,20.0,187.578125
634.1,0,9,1e-06,0.01,0.01,40.0,187.5
634.1,218,0,1e-06,0.01,0.01,10.0,182.03125
634.1,218,0,1e-06,0.01,0.01,20.0,182.03125
634.1,218,0,1e-06,0.01,0.01,40.0,182.03125
634.1,218,1,1e-06,0.01,0.01,10.0,172.8515625
634.1,218,1,1e-06,0.01,0.01,20.0,172.8125
634.1,218,1,1e-06,0.01,0.01,40.0,172.8125
634.1,218,2,1e-06,0.01,0.01,10.0,175.1953125
634.1,218,2,1e-06,0.01,0.01,20.0,175.15625
634.1,218,2,1e-06,0.01,0.01,40.0,175.15625
634.1,218,3,1e-06,0.01,0.01,10.0,189.8828125
634.1,218,3,1e-06,0.01,0.01,20.0,189.84375
634.1,218,3,1e-06,0.01,0.01,40.0,189.84375
634.1,218,4,1e-06,0.01,0.01,10.0,171.71875
634.1,218,4,1e-06,0.01,0.01,20.0,171.71875
634.1,218,4,1e-06,0.01,0.01,40.0,171.71875
634.1,218,5,1e-06,0.01,0.01,10.0,168.7109375
634.1,218,5,1e-06,0.01,0.01,20.0,168.671875
634.1,218,5,1e-06,0.01,0.01,40.0,168.59375
634.1,218,6,1e-06,0.01,0.01,10.0,181.015625
634.1,218,6,1e-06,0.01,0.01,20.0,181.015625
634.1,218,6,1e-06,0.01,0.01,40.0,180.9375
634.1,218,7,1e-06,0.01,0.01,10.0,195.9765625
634.1,218,7,1e-06,0.01,0.01,20.0,195.9375
634.1,218,7,1e-06,0.01,0.01,40.0,195.9375
634.1,218,8,1e-06,0.01,0.01,10.0,177.5390625
634.1,218,8,1e-06,0.01,0.01,20.0,177.5
634.1,218,8,1e-06,0.01,0.01,40.0,177.5
634.1,218,9,1e-06,0.01,0.01,10.0,185.0
634.1,218,9,1e-06,0.01,0.01,20.0,185.0
634.1,218,9,1e-06,0.01,0.01,40.0,185.0
634.1,0,0,1e-06,0.01,0.02,10.0,174.4140625
634.1,0,0,1e-06,0.01,0.02,20.0,174.375
634.1,0,0,1e-06,0.01,0.02,40.0,174.375
634.1,0,1,1e-06,0.01,0.02,10.0,172.3828125
634.1,0,1,1e-06,0.01,0.02,20.0,172.34375
634.1,0,1,1e-06,0.01,0.02,40.0,172.34375
634.1,0,2,1e-06,0.01,0.02,10.0,177.9296875
634.1,0,2,1e-06,0.01,0.02,20.0,177.890625
634.1,0,2,1e-06,0.01,0.02,40.0,177.8125
634.1,0,3,1e-06,0.01,0.02,10.0,173.9453125
634.1,0,3,1e-06,0.01,0.02,20.0,173.90625
634.1,0,3,1e-06,0.01,0.02,40.0,173.90625
634.1,0,4,1e-06,0.01,0.02,10.0,177.03125
634.1,0,4,1e-06,0.01,0.02,20.0,177.03125
634.1,0,4,1e-06,0.01,0.02,40.0,177.03125
634.1,0,5,1e-06,0.01,0.02,10.0,168.359375
634.1,0,5,1e-06,0.01,0.02,20.0,168.359375
634.1,0,5,1e-06,0.01,0.02,40.0,168.28125
634.1,0,6,1e-06,0.01,0.02,10.0,184.9609375
634.1,0,6,1e-06,0.01,0.02,20.0,184.921875
634.1,0,6,1e-06,0.01,0.02,40.0,184.84375
634.1,0,7,1e-06,0.01,0.02,10.0,181.3671875
634.1,0,7,1e-06,0.01,0.02,20.0,181.328125
634.1,0,7,1e-06,0.01,0.02,40.0,181.25
634.1,0,8,1e-06,0.01,0.02,10.0,175.4296875
634.1,0,8,1e-06,0.01,0.02,20.0,175.390625
634.1,0,8,1e-06,0.01,0.02,40.0,175.3125
634.1,0,9,1e-06,0.01,0.02,10.0,187.578125
634.1,0,9,1e-06,0.01,0.02,20.0,187.578125
634.1,0,9,1e-06,0.01,0.02,40.0,187.5
634.1,218,0,1e-06,0.01,0.02,10.0,182.03125
634.1,218,0,1e-06,0.01,0.02,20.0,182.03125
634.1,218,0,1e-06,0.01,0.02,40.0,182.03125
634.1,218,1,1e-06,0.01,0.02,10.0,172.8515625
634.1,218,1,1e-06,0.01,0.02,20.0,172.8125
634.1,218,1,1e-06,0.01,0.02,40.0,172.8125
634.1,218,2,1e-06,0.01,0.02,10.0,175.1953125
634.1,218,2,1e-06,0.01,0.02,20.0,175.15625
634.1,218,2,1e-06,0.01,0.02,40.0,175.15625
634.1,218,3,1e-06,0.01,0.02,10.0,189.8828125
634.1,218,3,1e-06,0.01,0.02,20.0,189.84375
634.1,218,3,1e-06,0.01,0.02,40.0,189.84375
634.1,218,4,1e-06,0.01,0.02,10.0,171.71875
634.1,218,4,1e-06,0.01,0.02,20.0,171.71875
634.1,218,4,1e-06,0.01,0.02,40.0,171.71875
634.1,218,5,1e-06,0.01,0.02,10.0,168.7109375
634.1,218,5,1e-06,0.01,0.02,20.0,168.671875
634.1,218,5,1e-06,0.01,0.02,40.0,168.59375
634.1,218,6,1e-06,0.01,0.02,10.0,181.015625
634.1,218,6,1e-06,0.01,0.02,20.0,181.015625
634.1,218,6,1e-06,0.01,0.02,40.0,180.9375
634.1,218,7,1e-06,0.01,0.02,10.0,195.9765625
634.1,218,7,1e-06,0.01,0.02,20.0,195.9375
634.1,218,7,1e-06,0.01,0.02,40.0,195.9375
634.1,218,8,1e-06,0.01,0.02,10.0,177.5390625
634.1,218,8,1e-06,0.01,0.02,20.0,177.5
634.1,218,8,1e-06,0.01,0.02,40.0,177.5
634.1,218,9,1e-06,0.01,0.02,10.0,185.0
634.1,218,9,1e-06,0.01,0.02,20.0,185.0
634.1,218,9,1e-06,0.01,0.02,40.0,185.0
634.1,0,0,1e-05,0.0,0.005,10.0,174.53125
634.1,0,0,1e-05,0.0,0.005,20.0,174.53125
634.1,0,0,1e-05,0.0,0.005,40.0,174.53125
634.1,0,1,1e-05,0.0,0.005,10.0,172.5
634.1,0,1,1e-05,0.0,0.005,20.0,172.5
634.1,0,1,1e-05,0.0,0.005,40.0,172.5
634.1,0,2,1e-05,0.0,0.005,10.0,178.046875
634.1,0,2,1e-05,0.0,0.005,20.0,178.046875
634.1,0,2,1e-05,0.0,0.005,40.0,177.96875
634.1,0,3,1e-05,0.0,0.005,10.0,174.0234375
634.1,0,3,1e-05,0.0,0.005,20.0,173.984375
634.1,0,3,1e-05,0.0,0.005,40.0,173.90625
634.1,0,4,1e-05,0.0,0.005,10.0,177.109375
634.1,0,4,1e-05,0.0,0.005,20.0,177.109375
634.1,0,4,1e-05,0.0,0.005,40.0,177.03125
634.1,0,5,1e-05,0.0,0.005,10.0,168.4375
634.1,0,5,1e-05,0.0,0.005,20.0,168.4375
634.1,0,5,1e-05,0.0,0.005,40.0,168.4375
634.1,0,6,1e-05,0.0,0.005,10.0,185.0390625
634.1,0,6,1e-05,0.0,0.005,20.0,185.0
634.1,0,6,1e-05,0.0,0.005,40.0,185.0
634.1,0,7,1e-05,0.0,0.005,10.0,181.4453125
634.1,0,7,1e-05,0.0,0.005,20.0,181.40625
634.1,0,7,1e-05,0.0,0.005,40.0,181.40625
634.1,0,8,1e-05,0.0,0.005,10.0,175.5078125
634.1,0,8,1e-05,0.0,0.005,20.0,175.46875
634.1,0,8,1e-05,0.0,0.005,40.0,175.46875
634.1,0,9,1e-05,0.0,0.005,10.0,187.65625
634.1,0,9,1e-05,0.0,0.005,20.0,187.65625
634.1,0,9,1e-05,0.0,0.005,40.0,187.65625
634.1,218,0,1e-05,0.0,0.005,10.0,182.109375
634.1,218,0,1e-05,0.0,0.005,20.0,182.109375
634.1,218,0,1e-05,0.0,0.005,40.0,182.03125
634.1,218,1,1e-05,0.0,0.005,10.0,172.96875
634.1,218,1,1e-05,0.0,0.005,20.0,172.96875
634.1,218,1,1e-05,0.0,0.005,40.0,172.96875
634.1,218,2,1e-05,0.0,0.005,10.0,175.3125
634.1,218,2,1e-05,0.0,0.005,20.0,175.3125
634.1,218,2,1e-05,0.0,0.005,40.0,175.3125
634.1,218,3,1e-05,0.0,0.005,10.0,190.0
634.1,218,3,1e-05,0.0,0.005,20.0,190.0
634.1,218,3,1e-05,0.0,0.005,40.0,190.0
634.1,218,4,1e-05,0.0,0.005,10.0,171.796875
634.1,218,4,1e-05,0.0,0.005,20.0,171.796875
634.1,218,4,1e-05,0.0,0.005,40.0,171.71875
634.1,218,5,1e-05,0.0,0.005,10.0,168.828125
634.1,218,5,1e-05,0.0,0.005,20.0,168.828125
634.1,218,5,1e-05,0.0,0.005,40.0,168.75
634.1,218,6,1e-05,0.0,0.005,10.0,181.1328125
634.1,218,6,1e-05,0.0,0.005,20.0,181.09375
634.1,218,6,1e-05,0.0,0.005,40.0,181.09375
634.1,218,7,1e-05,0.0,0.005,10.0,196.09375
634.1,218,7,1e-05,0.0,0.005,20.0,196.09375
634.1,218,7,1e-05,0.0,0.005,40.0,196.09375
634.1,218,8,1e-05,0.0,0.005,10.0,177.65625
634.1,218,8,1e-05,0.0,0.005,20.0,177.65625
634.1,218,8,1e-05,0.0,0.005,40.0,177.65625
634.1,218,9,1e-05,0.0,0.005,10.0,185.1171875
634.1,218,9,1e-05,0.0,0.005,20.0,185.078125
634.1,218,9,1e-05,0.0,0.005,40.0,185.0
634.1,0,0,1e-05,0.0,0.01,10.0,174.53125
634.1,0,0,1e-05,0.0,0.01,20.0,174.53125
634.1,0,0,1e-05,0.0,0.01,40.0,174.53125
634.1,0,1,1e-05,0.0,0.01,10.0,172.5
634.1,0,1,1e-05,0.0,0.01,20.0,172.5
634.1,0,1,1e-05,0.0,0.01,40.0,172.5
634.1,0,2,1e-05,0.0,0.01,10.0,178.046875
634.1,0,2,1e-05,0.0,0.01,20.0,178.046875
634.1,0,2,1e-05,0.0,0.01,40.0,177.96875
634.1,0,3,1e-05,0.0,0.01,10.0,174.0234375
634.1,0,3,1e-05,0.0,0.01,20.0,173.984375
634.1,0,3,1e-05,0.0,0.01,40.0,173.90625
634.1,0,4,1e-05,0.0,0.01,10.0,177.109375
634.1,0,4,1e-05,0.0,0.01,20.0,177.109375
634.1,0,4,1e-05,0.0,0.01,40.0,177.03125
634.1,0,5,1e-05,0.0,0.01,10.0,168.4375
634.1,0,5,1e-05,0.0,0.01,20.0,168.4375
634.1,0,5,1e-05,0.0,0.01,40.0,168.4375
634.1,0,6,1e-05,0.0,0.01,10.0,185.0390625
634.1,0,6,1e-05,0.0,0.01,20.0,185.0
634.1,0,6,1e-05,0.0,0.01,40.0,185.0
634.1,0,7,1e-05,0.0,0.01,10.0,181.4453125
634.1,0,7,1e-05,0.0,0.01,20.0,181.40625
634.1,0,7,1e-05,0.0,0.01,40.0,181.40625
634.1,0,8,1e-05,0.0,0.01,10.0,175.5078125
634.1,0,8,1e-05,0.0,0.01,20.0,175.46875
634.1,0,8,1e-05,0.0,0.01,40.0,175.46875
634.1,0,9,1e-05,0.0,0.01,10.0,187.65625
634.1,0,9,1e-05,0.0,0.01,20.0,187.65625
634.1,0,9,1e-05,0.0,0.01,40.0,187.65625
634.1,218,0,1e-05,0.0,0.01,10.0,182.109375
634.1,218,0,1e-05,0.0,0.01,20.0,182.109375
634.1,218,0,1e-05,0.0,0.01,40.0,182.03125
634.1,218,1,1e-05,0.0,0.01,10.0,172.96875
634.1,218,1,1e-05,0.0,0.01,20.0,172.96875
634.1,218,1,1e-05,0.0,0.01,40.0,172.96875
634.1,218,2,1e-05,0.0,0.01,10.0,175.3125
634.1,218,2,1e-05,0.0,0.01,20.0,175.3125
634.1,218,2,1e-05,0.0,0.01,40.0,175.3125
634.1,218,3,1e-05,0.0,0.01,10.0,190.0
634.1,218,3,1e-05,0.0,0.01,20.0,190.0
634.1,218,3,1e-05,0.0,0.01,40.0,190.0
634.1,218,4,1e-05,0.0,0.01,10.0,171.796875
634.1,218,4,1e-05,0.0,0.01,20.0,171.796875
634.1,218,4,1e-05,0.0,0.01,40.0,171.71875
634.1,218,5,1e-05,0.0,0.01,10.0,168.828125
634.1,218,5,1e-05,0.0,0.01,20.0,168.828125
634.1,218,5,1e-05,0.0,0.01,40.0,168.75
634.1,218,6,1e-05,0.0,0.01,10.0,181.1328125
634.1,218,6,1e-05,0.0,0.01,20.0,181.09375
634.1,218,6,1e-05,0.0,0.01,40.0,181.09375
634.1,218,7,1e-05,0.0,0.01,10.0,196.09375
634.1,218,7,1e-05,0.0,0.01,20.0,196.09375
634.1,218,7,1e-05,0.0,0.01,40.0,196.09375
634.1,218,8,1e-05,0.0,0.01,10.0,177.65625
634.1,218,8,1e-05,0.0,0.01,20.0,177.65625
634.1,218,8,1e-05,0.0,0.01,40.0,177.65625
634.1,218,9,1e-05,0.0,0.01,10.0,185.1171875
634.1,218,9,1e-05,0.0,0.01,20.0,185.078125
634.1,218,9,1e-05,0.0,0.01,40.0,185.0
634.1,0,0,1e-05,0.0,0.02,10.0,174.53125
634.1,0,0,1e-05,0.0,0.02,20.0,174.53125
634.1,0,0,1e-05,0.0,0.02,40.0,174.53125
634.1,0,1,1e-05,0.0,0.02,10.0,172.5
634.1,0,1,1e-05,0.0,0.02,20.0,172.5
634.1,0,1,1e-05,0.0,0.02,40.0,172.5
634.1,0,2,1e-05,0.0,0.02,10.0,178.046875
634.1,0,2,1e-05,0.0,0.02,20.0,178.046875
634.1,0,2,1e-05,0.0,0.02,40.0,177.96875
634.1,0,3,1e-05,0.0,0.02,10.0,174.0234375
634.1,0,3,1e-05,0.0,0.02,20.0,173.984375
634.1,0,3,1e-05,0.0,0.02,40.0,173.90625
634.1,0,4,1e-05,0.0,0.02,10.0,177.109375
634.1,0,4,1e-05,0.0,0.02,20.0,177.109375
634.1,0,4,1e-05,0.0,0.02,40.0,177.03125
634.1,0,5,1e-05,0.0,0.02,10.0,168.4375
634.1,0,5,1e-05,0.0,0.02,20.0,168.4375
634.1,0,5,1e-05,0.0,0.02,40.0,168.4375
634.1,0,6,1e-05,0.0,0.02,10.0,185.0390625
634.1,0,6,1e-05,0.0,0.02,20.0,185.0
634.1,0,6,1e-05,0.0,0.02,40.0,185.0
634.1,0,7,1e-05,0.0,0.02,10.0,181.4453125
634.1,0,7,1e-05,0.0,0.02,20.0,181.40625
634.1,0,7,1e-05,0.0,0.02,40.0,181.40625
634.1,0,8,1e-05,0.0,0.02,10.0,175.5078125
634.1,0,8,1e-05,0.0,0.02,20.0,175.46875
634.1,0,8,1e-05,0.0,0.02,40.0,175.46875
634.1,0,9,1e-05,0.0,0.02,10.0,187.65625
634.1,0,9,1e-05,0.0,0.02,20.0,187.65625
634.1,0,9,1e-05,0.0,0.02,40.0,187.65625
634.1,218,0,1e-05,0.0,0.02,10.0,182.109375
634.1,218,0,1e-05,0.0,0.02,20.0,182.109375
634.1,218,0,1e-05,0.0,0.02,40.0,182.03125
634.1,218,1,1e-05,0.0,0.02,10.0,172.96875
634.1,218,1,1e-05,0.0,0.02,20.0,172.96875
634.1,218,1,1e-05,0.0,0.02,40.0,172.96875
634.1,218,2,1e-05,0.0,0.02,10.0,175.3125
634.1,218,2,1e-05,0.0,0.02,20.0,175.3125
634.1,218,2,1e-05,0.0,0.02,40.0,175.3125
634.1,218,3,1e-05,0.0,0.02,10.0,190.0
634.1,218,3,1e-05,0.0,0.02,20.0,190.0
634.1,218,3,1e-05,0.0,0.02,40.0,190.0
634.1,218,4,1e-05,0.0,0.02,10.0,171.796875
634.1,218,4,1e-05,0.0,0.02,20.0,171.796875
634.1,218,4,1e-05,0.0,0.02,40.0,171.71875
634.1,218,5,1e-05,0.0,0.02,10.0,168.828125
634.1,218,5,1e-05,0.0,0.02,20.0,168.828125
634.1,218,5,1e-05,0.0,0.02,40.0,168.75
634.1,218,6,1e-05,0.0,0.02,10.0,181.1328125
634.1,218,6,1e-05,0.0,0.02,20.0,181.09375
634.1,218,6,1e-05,0.0,0.02,40.0,181.09375
634.1,218,7,1e-05,0.0,0.02,10.0,196.09375
634.1,218,7,1e-05,0.0,0.02,20.0,196.09375
634.1,218,7,1e-05,0.0,0.02,40.0,196.09375
634.1,218,8,1e-05,0.0,0.02,10.0,177.65625
634.1,218,8,1e-05,0.0,0.02,20.0,177.65625
634.1,218,8,1e-05,0.0,0.02,40.0,177.65625
634.1,218,9,1e-05,0.0,0.02,10.0,185.1171875
634.1,218,9,1e-05,0.0,0.02,20.0,185.078125
634.1,218,9,1e-05,0.0,0.02,40.0,185.0
634.1,0,0,1e-05,0.01,0.005,10.0,174.53125
634.1,0,0,1e-05,0.01,0.005,20.0,174.53125
634.1,0,0,1e-05,0.01,0.005,40.0,174.53125
634.1,0,1,1e-05,0.01,0.005,10.0,172.5
634.1,0,1,1e-05,0.01,0.005,20.0,172.5
634.1,0,1,1e-05,0.01,0.005,40.0,172.5
634.1,0,2,1e-05,0.01,0.005,10.0,178.046875
634.1,0,2,1e-05,0.01,0.005,20.0,178.046875
634.1,0,2,1e-05,0.01,0.005,40.0,177.96875
634.1,0,3,1e-05,0.01,0.005,10.0,174.0234375
634.1,0,3,1e-05,0.01,0.005,20.0,173.984375
634.1,0,3,1e-05,0.01,0.005,40.0,173.90625
634.1,0,4,1e-05,0.01,0.005,10.0,177.109375
634.1,0,4,1e-05,0.01,0.005,20.0,177.109375
634.1,0,4,1e-05,0.01,0.005,40.0,177.03125
634.1,0,5,1e-05,0.01,0.005,10.0,168.4375
634.1,0,5,1e-05,0.01,0.005,20.0,168.4375
634.1,0,5,1e-05,0.01,0.005,40.0,168.4375
634.1,0,6,1e-05,0.01,0.005,10.0,185.0390625
634.1,0,6,1e-05,0.01,0.005,20.0,185.0
634.1,0,6,1e-05,0.01,0.005,40.0,185.0
634.1,0,7,1e-05,0.01,0.005,10.0,181.4453125
634.1,0,7,1e-05,0.01,0.005,20.0,181.40625
634.1,0,7,1e-05,0.01,0.005,40.0,181.40625
634.1,0,8,1e-05,0.01,0.005,10.0,175.5078125
634.1,0,8,1e-05,0.01,0.005,20.0,175.46875
634.1,0,8,1e-05,0.01,0.005,40.0,175.46875
634.1,0,9,1e-05,0.01,0.005,10.0,187.65625
634.1,0,9,1e-05,0.01,0.005,20.0,187.65625
634.1,0,9,1e-05,0.01,0.005,40.0,187.65625
634.1,218,0,1e-05,0.01,0.005,10.0,182.109375
634.1,218,0,1e-05,0.01,0.005,20.0,182.109375
634.1,218,0,1e-05,0.01,0.005,40.0,182.03125
634.1,218,1,1e-05,0.01,0.005,10.0,172.96875
634.1,218,1,1e-05,0.01,0.005,20.0,172.96875
634.1,218,1,1e-05,0.01,0.005,40.0,172.96875
634.1,218,2,1e-05,0.01,0.005,10.0,175.3125
634.1,218,2,1e-05,0.01,0.005,20.0,175.3125
634.1,218,2,1e-05,0.01,0.005,40.0,175.3125
634.1,218,3,1e-05,0.01,0.005,10.0,190.0
634.1,218,3,1e-05,0.01,0.005,20.0,190.0
634.1,218,3,1e-05,0.01,0.005,40.0,190.0
634.1,218,4,1e-05,0.01,0.005,10.0,171.796875
634.1,218,4,1e-05,0.01,0.005,20.0,171.796875
634.1,218,4,1e-05,0.01,0.005,40.0,171.71875
634.1,218,5,1e-05,0.01,0.005,10.0,168.828125
634.1,218,5,1e-05,0.01,0.005,20.0,168.828125
634.1,218,5,1e-05,0.01,0.005,40.0,168.75
634.1,218,6,1e-05,0.01,0.005,10.0,181.1328125
634.1,218,6,1e-05,0.01,0.005,20.0,181.09375
634.1,218,6,1e-05,0.01,0.005,40.0,181.09375
634.1,218,7,1e-05,0.01,0.005,10.0,196.09375
634.1,218,7,1e-05,0.01,0.005,20.0,196.09375
634.1,218,7,1e-05,0.01,0.005,40.0,196.09375
634.1,218,8,1e-05,0.01,0.005,10.0,177.65625
634.1,218,8,1e-05,0.01,0.005,20.0,177.65625
634.1,218,8,1e-05,0.01,0.005,40.0,177.65625
634.1,218,9,1e-05,0.01,0.005,10.0,185.1171875
634.1,218,9,1e-05,0.01,0.005,20.0,185.078125
634.1,218,9,1e-05,0.01,0.005,40.0,185.0
634.1,0,0,1e-05,0.01,0.01,10.0,174.53125
634.1,0,0,1e-05,0.01,0.01,20.0,174.53125
634.1,0,0,1e-05,0.01,0.01,40.0,174.53125
634.1,0,1,1e-05,0.01,0.01,10.0,172.5
634.1,0,1,1e-05,0.01,0.01,20.0,172.5
634.1,0,1,1e-05,0.01,0.01,40.0,172.5
634.1,0,2,1e-05,0.01,0.01,10.0,178.046875
634.1,0,2,1e-05,0.01,0.01,20.0,178.046875
634.1,0,2,1e-05,0.01,0.01,40.0,177.96875
634.1,0,3,1e-05,0.01,0.01,10.0,174.0234375
634.1,0,3,1e-05,0.01,0.01,20.0,173.984375
634.1,0,3,1e-05,0.01,0.01,40.0,173.90625
634.1,0,4,1e-05,0.01,0.01,10.0,177.109375
634.1,0,4,1e-05,0.01,0.01,20.0,177.109375
634.1,0,4,1e-05,0.01,0.01,40.0,177.03125
634.1,0,5,1e-05,0.01,0.01,10.0,168.4375
634.1,0,5,1e-05,0.01,0.01,20.0,168.4375
634.1,0,5,1e-05,0.01,0.01,40.0,168.4375
634.1,0,6,1e-05,0.01,0.01,10.0,185.0390625
634.1,0,6,1e-05,0.01,0.01,20.0,185.0
634.1,0,6,1e-05,0.01,0.01,40.0,185.0
634.1,0,7,1e-05,0.01,0.01,10.0,181.4453125
634.1,0,7,1e-05,0.01,0.01,20.0,181.40625
634.1,0,7,1e-05,0.01,0.01,40.0,181.40625
634.1,0,8,1e-05,0.01,0.01,10.0,175.5078125
634.1,0,8,1e-05,0.01,0.01,20.0,175.46875
634.1,0,8,1e-05,0.01,0.01,40.0,175.46875
634.1,0,9,1e-05,0.01,0.01,10.0,187.65625
634.1,0,9,1e-05,0.01,0.01,20.0,187.65625
634.1,0,9,1e-05,0.01,0.01,40.0,187.65625
634.1,218,0,1e-05,0.01,0.01,10.0,182.109375
634.1,218,0,1e-05,0.01,0.01,20.0,182.109375
634.1,218,0,1e-05,0.01,0.01,40.0,182.03125
634.1,218,1,1e-05,0.01,0.01,10.0,172.96875
634.1,218,1,1e-05,0.01,0.01,20.0,172.96875
634.1,218,1,1e-05,0.01,0.01,40.0,172.96875
634.1,218,2,1e-05,0.01,0.01,10.0,175.3125
634.1,218,2,1e-05,0.01,0.01,20.0,175.3125
634.1,218,2,1e-05,0.01,0.01,40.0,175.3125
634.1,218,3,1e-05,0.01,0.01,10.0,190.0
634.1,218,3,1e-05,0.01,0.01,20.0,190.0
634.1,218,3,1e-05,0.01,0.01,40.0,190.0
634.1,218,4,1e-05,0.01,0.01,10.0,171.796875
634.1,218,4,1e-05,0.01,0.01,20.0,171.796875
634.1,218,4,1e-05,0.01,0.01,40.0,171.71875
634.1,218,5,1e-05,0.01,0.01,10.0,168.828125
634.1,218,5,1e-05,0.01,0.01,20.0,168.828125
634.1,218,5,1e-05,0.01,0.01,40.0,168.75
634.1,218,6,1e-05,0.01,0.01,10.0,181.1328125
634.1,218,6,1e-05,0.01,0.01,20.0,181.09375
634.1,218,6,1e-05,0.01,0.01,40.0,181.09375
634.1,218,7,1e-05,0.01,0.01,10.0,196.09375
634.1,218,7,1e-05,0.01,0.01,20.0,196.09375
634.1,218,7,1e-05,0.01,0.01,40.0,196.09375
634.1,218,8,1e-05,0.01,0.01,10.0,177.65625
634.1,218,8,1e-05,0.01,0.01,20.0,177.65625
634.1,218,8,1e-05,0.01,0.01,40.0,177.65625
634.1,218,9,1e-05,0.01,0.01,10.0,185.1171875
634.1,218,9,1e-05,0.01,0.01,20.0,185.078125
634.1,218,9,1e-05,0.01,0.01,40.0,185.0
634.1,0,0,1e-05,0.01,0.02,10.0,174.53125
634.1,0,0,1e-05,0.01,0.02,20.0,174.53125
634.1,0,0,1e-05,0.01,0.02,40.0,174.53125
634.1,0,1,1e-05,0.01,0.02,10.0,172.5
634.1,0,1,1e-05,0.01,0.02,20.0,172.5
634.1,0,1,1e-05,0.01,0.02,40.0,172.5
634.1,0,2,1e-05,0.01,0.02,10.0,178.046875
634.1,0,2,1e-05,0.01,0.02,20.0,178.046875
634.1,0,2,1e-05,0.01,0.02,40.0,177.96875
634.1,0,3,1e-05,0.01,0.02,10.0,174.0234375
634.1,0,3,1e-05,0.01,0.02,20.0,173.984375
634.1,0,3,1e-05,0.01,0.02,40.0,173.90625
634.1,0,4,1e-05,0.01,0.02,10.0,177.109375
634.1,0,4,1e-05,0.01,0.02,20.0,177.109375
634.1,0,4,1e-05,0.01,0.02,40.0,177.03125
634.1,0,5,1e-05,0.01,0.02,10.0,168.4375
634.1,0,5,1e-05,0.01,0.02,20.0,168.4375
634.1,0,5,1e-05,0.01,0.02,40.0,168.4375
634.1,0,6,1e-05,0.01,0.02,10.0,185.0390625
634.1,0,6,1e-05,0.01,0.02,20.0,185.0
634.1,0,6,1e-05,0.01,0.02,40.0,185.0
634.1,0,7,1e-05,0.01,0.02,10.0,181.4453125
634.1,0,7,1e-05,0.01,0.02,20.0,181.40625
634.1,0,7,1e-05,0.01,0.02,40.0,181.40625
634.1,0,8,1e-05,0.01,0.02,10.0,175.5078125
634.1,0,8,1e-05,0.01,0.02,20.0,175.46875
634.1,0,8,1e-05,0.01,0.02,40.0,175.46875
634.1,0,9,1e-05,0.01,0.02,10.0,187.65625
634.1,0,9,1e-05,0.01,0.02,20.0,187.65625
634.1,0,9,1e-05,0.01,0.02,40.0,187.65625
634.1,218,0,1e-05,0.01,0.02,10.0,182.109375
634.1,218,0,1e-05,0.01,0.02,20.0,182.109375
634.1,218,0,1e-05,0.01,0.02,40.0,182.03125
634.1,218,1,1e-05,0.01,0.02,10.0,172.96875
634.1,218,1,1e-05,0.01,0.02,20.0,172.96875
634.1,218,1,1e-05,0.01,0.02,40.0,172.96875
634.1,218,2,1e-05,0.01,0.02,10.0,175.3125
634.1,218,2,1e-05,0.01,0.02,20.0,175.3125
634.1,218,2,1e-05,0.01,0.02,40.0,175.3125
634.1,218,3,1e-05,0.01,0.02,10.0,190.0
634.1,218,3,1e-05,0.01,0.02,20.0,190.0
634.1,218,3,1e-05,0.01,0.02,40.0,190.0
634.1,218,4,1e-05,0.01,0.02,10.0,171.796875
634.1,218,4,1e-05,0.01,0.02,20.0,171.796875
634.1,218,4,1e-05,0.01,0.02,40.0,171.71875
634.1,218,5,1e-05,0.01,0.02,10.0,168.828125
634.1,218,5,1e-05,0.01,0.02,20.0,168.828125
634.1,218,5,1e-05,0.01,0.02,40.0,168.75
634.1,218,6,1e-05,0.01,0.02,10.0,181.1328125
634.1,218,6,1e-05,0.01,0.02,20.0,181.09375
634.1,218,6,1e-05,0.01,0.02,40.0,181.09375
634.1,218,7,1e-05,0.01,0.02,10.0,196.09375
634.1,218,7,1e-05,0.01,0.02,20.0,196.09375
634.1,218,7,1e-05,0.01,0.02,40.0,196.09375
634.1,218,8,1e-05,0.01,0.02,10.0,177.65625
634.1,218,8,1e-05,0.01,0.02,20.0,177.65625
634.1,218,8,1e-05,0.01,0.02,40.0,177.65625
634.1,218,9,1e-05,0.01,0.02,10.0,185.1171875
634.1,218,9,1e-05,0.01,0.02,20.0,185.078125
634.1,218,9,1e-05,0.01,0.02,40.0,185.0
