date,day_index,group,site,relative_command_tolerance,service_endpoint_kw,replay_feasible
2012-07-01,0,0,611.3,0.005,154.53125,1
2012-07-01,0,0,611.3,0.01,154.53125,1
2012-07-01,0,0,611.3,0.02,154.53125,1
2012-07-01,0,1,611.3,0.005,150.15625,1
2012-07-01,0,1,611.3,0.01,150.15625,1
2012-07-01,0,1,611.3,0.02,150.15625,1
2012-07-01,0,2,611.3,0.005,156.796875,1
2012-07-01,0,2,611.3,0.01,156.796875,1
2012-07-01,0,2,611.3,0.02,156.796875,1
2012-07-01,0,3,611.3,0.005,153.4375,1
2012-07-01,0,3,611.3,0.01,153.4375,1
2012-07-01,0,3,611.3,0.02,153.4375,1
2012-07-01,0,4,611.3,0.005,156.484375,1
2012-07-01,0,4,611.3,0.01,156.484375,1
2012-07-01,0,4,611.3,0.02,156.484375,1
2012-07-01,0,5,611.3,0.005,141.09375,1
2012-07-01,0,5,611.3,0.01,141.09375,1
2012-07-01,0,5,611.3,0.02,141.09375,1
2012-07-01,0,6,611.3,0.005,159.296875,1
2012-07-01,0,6,611.3,0.01,159.296875,1
2012-07-01,0,6,611.3,0.02,159.296875,1
2012-07-01,0,7,611.3,0.005,157.8125,1
2012-07-01,0,7,611.3,0.01,157.8125,1
2012-07-01,0,7,611.3,0.02,157.8125,1
2012-07-01,0,8,611.3,0.005,158.671875,1
2012-07-01,0,8,611.3,0.01,158.671875,1
2012-07-01,0,8,611.3,0.02,158.671875,1
2012-07-01,0,9,611.3,0.005,159.6875,1
2012-07-01,0,9,611.3,0.01,159.6875,1
2012-07-01,0,9,611.3,0.02,159.6875,1
2013-06-30,218,0,611.3,0.005,158.125,1
2013-06-30,218,0,611.3,0.01,158.125,1
2013-06-30,218,0,611.3,0.02,158.125,1
2013-06-30,218,1,611.3,0.005,151.015625,1
2013-06-30,218,1,611.3,0.01,151.015625,1
2013-06-30,218,1,611.3,0.02,151.015625,1
2013-06-30,218,2,611.3,0.005,155.9375,1
2013-06-30,218,2,611.3,0.01,155.9375,1
2013-06-30,218,2,611.3,0.02,155.9375,1
2013-06-30,218,3,611.3,0.005,160.390625,1
2013-06-30,218,3,611.3,0.01,160.390625,1
2013-06-30,218,3,611.3,0.02,160.390625,1
2013-06-30,218,4,611.3,0.005,156.015625,1
2013-06-30,218,4,611.3,0.01,156.015625,1
2013-06-30,218,4,611.3,0.02,156.015625,1
2013-06-30,218,5,611.3,0.005,141.875,1
2013-06-30,218,5,611.3,0.01,141.875,1
2013-06-30,218,5,611.3,0.02,141.875,1
2013-06-30,218,6,611.3,0.005,157.734375,1
2013-06-30,218,6,611.3,0.01,157.734375,1
2013-06-30,218,6,611.3,0.02,157.734375,1
2013-06-30,218,7,611.3,0.005,162.265625,1
2013-06-30,218,7,611.3,0.01,162.265625,1
2013-06-30,218,7,611.3,0.02,162.265625,1
2013-06-30,218,8,611.3,0.005,156.640625,1
2013-06-30,218,8,611.3,0.01,156.640625,1
2013-06-30,218,8,611.3,0.02,156.640625,1
2013-06-30,218,9,611.3,0.005,158.90625,1
2013-06-30,218,9,611.3,0.01,158.90625,1
2013-06-30,218,9,611.3,0.02,158.90625,1
2012-07-01,0,0,634.1,0.005,174.375,1
2012-07-01,0,0,634.1,0.01,174.375,1
2012-07-01,0,0,634.1,0.02,174.375,1
2012-07-01,0,1,634.1,0.005,172.34375,1
2012-07-01,0,1,634.1,0.01,172.34375,1
2012-07-01,0,1,634.1,0.02,172.34375,1
2012-07-01,0,2,634.1,0.005,177.890625,1
2012-07-01,0,2,634.1,0.01,177.890625,1
2012-07-01,0,2,634.1,0.02,177.890625,1
2012-07-01,0,3,634.1,0.005,173.90625,1
2012-07-01,0,3,634.1,0.01,173.90625,1
2012-07-01,0,3,634.1,0.02,173.90625,1
2012-07-01,0,4,634.1,0.005,177.03125,1
2012-07-01,0,4,634.1,0.01,177.03125,1
2012-07-01,0,4,634.1,0.02,177.03125,1
2012-07-01,0,5,634.1,0.005,168.359375,1
2012-07-01,0,5,634.1,0.01,168.359375,1
2012-07-01,0,5,634.1,0.02,168.359375,1
2012-07-01,0,6,634.1,0.005,184.921875,1
2012-07-01,0,6,634.1,0.01,184.921875,1
2012-07-01,0,6,634.1,0.02,184.921875,1
2012-07-01,0,7,634.1,0.005,181.328125,1
2012-07-01,0,7,634.1,0.01,181.328125,1
2012-07-01,0,7,634.1,0.02,181.328125,1
2012-07-01,0,8,634.1,0.005,175.390625,1
2012-07-01,0,8,634.1,0.01,175.390625,1
2012-07-01,0,8,634.1,0.02,175.390625,1
2012-07-01,0,9,634.1,0.005,187.578125,1
2012-07-01,0,9,634.1,0.01,187.578125,1
2012-07-01,0,9,634.1,0.02,187.578125,1
2013-06-30,218,0,634.1,0.005,182.03125,1
2013-06-30,218,0,634.1,0.01,182.03125,1
2013-06-30,218,0,634.1,0.02,182.03125,1
2013-06-30,218,1,634.1,0.005,172.8125,1
2013-06-30,218,1,634.1,0.01,172.8125,1
2013-06-30,218,1,634.1,0.02,172.8125,1
2013-06-30,218,2,634.1,0.005,175.15625,1
2013-06-30,218,2,634.1,0.01,175.15625,1
2013-06-30,218,2,634.1,0.02,175.15625,1
2013-06-30,218,3,634.1,0.005,189.84375,1
2013-06-30,218,3,634.1,0.01,189.84375,1
2013-06-30,218,3,634.1,0.02,189.84375,1
2013-06-30,218,4,634.1,0.005,171.71875,1
2013-06-30,218,4,634.1,0.01,171.71875,1
2013-06-30,218,4,634.1,0.02,171.71875,1
2013-06-30,218,5,634.1,0.005,168.671875,1
2013-06-30,218,5,634.1,0.01,168.671875,1
2013-06-30,218,5,634.1,0.02,168.671875,1
2013-06-30,218,6,634.1,0.005,181.015625,1
2013-06-30,218,6,634.1,0.01,181.015625,1
2013-06-30,218,6,634.1,0.02,181.015625,1
2013-06-30,218,7,634.1,0.005,195.9375,1
2013-06-30,218,7,634.1,0.01,195.9375,1
2013-06-30,218,7,634.1,0.02,195.9375,1
2013-06-30,218,8,634.1,0.005,177.5,1
2013-06-30,218,8,634.1,0.01,177.5,1
2013-06-30,218,8,634.1,0.02,177.5,1
2013-06-30,218,9,634.1,0.005,185.0,1
2013-06-30,218,9,634.1,0.01,185.0,1
2013-06-30,218,9,634.1,0.02,185.0,1
