population,site,capacity_kwh,method,outcome,cluster_level,estimate,ci_low,ci_high,n_units,n_dates
all,611.3,250.0,network_lp,service_kw,date,71.2384774543379,71.22805900399544,71.24682505707763,2190,219
all,611.3,250.0,network_lp,service_kw,pooled,71.2384774543379,71.22798854880136,71.24682594891553,2190,219
all,611.3,250.0,network_lp,planner_feasible,date,1.0,1.0,1.0,2190,219
all,611.3,250.0,network_lp,planner_feasible,pooled,1.0,1.0,1.0,2190,219
all,611.3,250.0,fixed_recovery,service_kw,date,56.94794520547944,56.86986301369861,56.99999999999999,2190,219
all,611.3,250.0,fixed_recovery,service_kw,pooled,56.94794520547944,56.86986301369862,56.999999999999986,2190,219
all,611.3,250.0,fixed_recovery,planner_feasible,date,1.0,1.0,1.0,2190,219
all,611.3,250.0,fixed_recovery,planner_feasible,pooled,1.0,1.0,1.0,2190,219
all,611.3,250.0,myopic_recovery,service_kw,date,71.23847750164268,71.22770320782864,71.24696779853471,2190,219
all,611.3,250.0,myopic_recovery,service_kw,pooled,71.23847750164268,71.22756051380485,71.24664762874777,2190,219
all,611.3,250.0,myopic_recovery,planner_feasible,date,1.0,1.0,1.0,2190,219
all,611.3,250.0,myopic_recovery,planner_feasible,pooled,1.0,1.0,1.0,2190,219
all,611.3,500.0,network_lp,service_kw,date,124.55850456621005,122.52917826055936,126.63431613869862,2190,219
all,611.3,500.0,network_lp,service_kw,pooled,124.55850456621005,123.76583547374429,125.3537073701484,2190,219
all,611.3,500.0,network_lp,planner_feasible,date,1.0,1.0,1.0,2190,219
all,611.3,500.0,network_lp,planner_feasible,pooled,1.0,1.0,1.0,2190,219
all,611.3,500.0,fixed_recovery,service_kw,date,109.75356307077625,108.96128656535386,110.52513261629568,2190,219
all,611.3,500.0,fixed_recovery,service_kw,pooled,109.75356307077625,109.3568355540097,110.13225702768266,2190,219
all,611.3,500.0,fixed_recovery,planner_feasible,date,1.0,1.0,1.0,2190,219
all,611.3,500.0,fixed_recovery,planner_feasible,pooled,1.0,1.0,1.0,2190,219
all,611.3,500.0,myopic_recovery,service_kw,date,124.55850458239038,122.56001624619266,126.64518052621492,2190,219
all,611.3,500.0,myopic_recovery,service_kw,pooled,124.5585045823904,123.75287173391429,125.32409836850583,2190,219
all,611.3,500.0,myopic_recovery,planner_feasible,date,1.0,1.0,1.0,2190,219
all,611.3,500.0,myopic_recovery,planner_feasible,pooled,1.0,1.0,1.0,2190,219
all,611.3,1000.0,network_lp,service_kw,date,128.53017979452054,125.97720908247717,131.0830586472603,2190,219
all,611.3,1000.0,network_lp,service_kw,pooled,128.53017979452054,127.57488316923516,129.5181087685502,2190,219
all,611.3,1000.0,network_lp,planner_feasible,date,1.0,1.0,1.0,2190,219
all,611.3,1000.0,network_lp,planner_feasible,pooled,1.0,1.0,1.0,2190,219
all,611.3,1000.0,fixed_recovery,service_kw,date,128.23038277682647,125.72895946596748,130.80174140268267,2190,219
all,611.3,1000.0,fixed_recovery,service_kw,pooled,128.23038277682647,127.24652150221176,129.18412872788244,2190,219
all,611.3,1000.0,fixed_recovery,planner_feasible,date,1.0,1.0,1.0,2190,219
all,611.3,1000.0,fixed_recovery,planner_feasible,pooled,1.0,1.0,1.0,2190,219
all,611.3,1000.0,myopic_recovery,service_kw,date,128.49874697890021,125.89487551057829,131.07770596968635,2190,219
all,611.3,1000.0,myopic_recovery,service_kw,pooled,128.4987469789002,127.5386665462707,129.47219427796804,2190,219
all,611.3,1000.0,myopic_recovery,planner_feasible,date,1.0,1.0,1.0,2190,219
all,611.3,1000.0,myopic_recovery,planner_feasible,pooled,1.0,1.0,1.0,2190,219
all,611.3,2000.0,network_lp,service_kw,date,128.53017979452054,125.96624125998858,131.0369158461758,2190,219
all,611.3,2000.0,network_lp,service_kw,pooled,128.53017979452054,127.57496075913242,129.4902415097032,2190,219
all,611.3,2000.0,network_lp,planner_feasible,date,1.0,1.0,1.0,2190,219
all,611.3,2000.0,network_lp,planner_feasible,pooled,1.0,1.0,1.0,2190,219
all,611.3,2000.0,fixed_recovery,service_kw,date,128.23038277682647,125.72977075306792,130.73618815996005,2190,219
all,611.3,2000.0,fixed_recovery,service_kw,pooled,128.23038277682647,127.25029464540526,129.20103436251426,2190,219
all,611.3,2000.0,fixed_recovery,planner_feasible,date,1.0,1.0,1.0,2190,219
all,611.3,2000.0,fixed_recovery,planner_feasible,pooled,1.0,1.0,1.0,2190,219
all,611.3,2000.0,myopic_recovery,service_kw,date,128.49874697890021,125.89539645511262,131.1006188465994,2190,219
all,611.3,2000.0,myopic_recovery,service_kw,pooled,128.4987469789002,127.52935128826093,129.4455061623233,2190,219
all,611.3,2000.0,myopic_recovery,planner_feasible,date,1.0,1.0,1.0,2190,219
all,611.3,2000.0,myopic_recovery,planner_feasible,pooled,1.0,1.0,1.0,2190,219
all,634.1,250.0,network_lp,service_kw,date,71.08329765981735,70.9902236729452,71.15992704765982,2190,219
all,634.1,250.0,network_lp,service_kw,pooled,71.08329765981735,71.01587382277397,71.14555418807078,2190,219
all,634.1,250.0,network_lp,planner_feasible,date,1.0,1.0,1.0,2190,219
all,634.1,250.0,network_lp,planner_feasible,pooled,1.0,1.0,1.0,2190,219
all,634.1,250.0,fixed_recovery,service_kw,date,56.92151113013698,56.838304259417804,56.98171678795661,2190,219
all,634.1,250.0,fixed_recovery,service_kw,pooled,56.92151113013697,56.83545769121003,56.981800263984006,2190,219
all,634.1,250.0,fixed_recovery,planner_feasible,date,1.0,1.0,1.0,2190,219
all,634.1,250.0,fixed_recovery,planner_feasible,pooled,1.0,1.0,1.0,2190,219
all,634.1,250.0,myopic_recovery,service_kw,date,71.08329770644976,70.98776135479048,71.16199972591832,2190,219
all,634.1,250.0,myopic_recovery,service_kw,pooled,71.08329770644977,71.01237697289221,71.14597785789634,2190,219
all,634.1,250.0,myopic_recovery,planner_feasible,date,1.0,1.0,1.0,2190,219
all,634.1,250.0,myopic_recovery,planner_feasible,pooled,1.0,1.0,1.0,2190,219
all,634.1,500.0,network_lp,service_kw,date,127.00884703196347,124.75758775684932,129.20184699628996,2190,219
all,634.1,500.0,network_lp,service_kw,pooled,127.00884703196347,126.16118364726027,127.84152040525115,2190,219
all,634.1,500.0,network_lp,planner_feasible,date,1.0,1.0,1.0,2190,219
all,634.1,500.0,network_lp,planner_feasible,pooled,1.0,1.0,1.0,2190,219
all,634.1,500.0,fixed_recovery,service_kw,date,109.65462328767123,108.62250998858447,110.61521154394975,2190,219
all,634.1,500.0,fixed_recovery,service_kw,pooled,109.65462328767123,109.17039740296805,110.11743810644977,2190,219
all,634.1,500.0,fixed_recovery,planner_feasible,date,1.0,1.0,1.0,2190,219
all,634.1,500.0,fixed_recovery,planner_feasible,pooled,1.0,1.0,1.0,2190,219
all,634.1,500.0,myopic_recovery,service_kw,date,126.96773189915403,124.6773730226864,129.13348140218656,2190,219
all,634.1,500.0,myopic_recovery,service_kw,pooled,126.96773189915403,126.12105483293246,127.82744888364739,2190,219
all,634.1,500.0,myopic_recovery,planner_feasible,date,1.0,1.0,1.0,2190,219
all,634.1,500.0,myopic_recovery,planner_feasible,pooled,1.0,1.0,1.0,2190,219
all,634.1,1000.0,network_lp,service_kw,date,138.50977686215754,134.80948297035533,142.2070772688356,2190,219
all,634.1,1000.0,network_lp,service_kw,pooled,138.50977686215754,137.2071927306293,139.77951585241865,2190,219
all,634.1,1000.0,network_lp,planner_feasible,date,1.0,1.0,1.0,2190,219
all,634.1,1000.0,network_lp,planner_feasible,pooled,1.0,1.0,1.0,2190,219
all,634.1,1000.0,fixed_recovery,service_kw,date,138.03552119006852,134.40816072702626,141.7389167023402,2190,219
all,634.1,1000.0,fixed_recovery,service_kw,pooled,138.0355211900685,136.7049253174943,139.4076764233733,2190,219
all,634.1,1000.0,fixed_recovery,planner_feasible,date,1.0,1.0,1.0,2190,219
all,634.1,1000.0,fixed_recovery,planner_feasible,pooled,1.0,1.0,1.0,2190,219
all,634.1,1000.0,myopic_recovery,service_kw,date,138.0122308433425,134.34513411264243,141.67115724638109,2190,219
all,634.1,1000.0,myopic_recovery,service_kw,pooled,138.01223084334254,136.67405700992109,139.3431641826401,2190,219
all,634.1,1000.0,myopic_recovery,planner_feasible,date,1.0,1.0,1.0,2190,219
all,634.1,1000.0,myopic_recovery,planner_feasible,pooled,1.0,1.0,1.0,2190,219
all,634.1,2000.0,network_lp,service_kw,date,138.50977686215754,134.75639982876712,142.26519519656105,2190,219
all,634.1,2000.0,network_lp,service_kw,pooled,138.50977686215754,137.1992562696204,139.83405084813785,2190,219
all,634.1,2000.0,network_lp,planner_feasible,date,1.0,1.0,1.0,2190,219
all,634.1,2000.0,network_lp,planner_feasible,pooled,1.0,1.0,1.0,2190,219
all,634.1,2000.0,fixed_recovery,service_kw,date,138.03552119006852,134.32981175977454,141.8321926280679,2190,219
all,634.1,2000.0,fixed_recovery,service_kw,pooled,138.0355211900685,136.70517175906105,139.37624581728025,2190,219
all,634.1,2000.0,fixed_recovery,planner_feasible,date,1.0,1.0,1.0,2190,219
all,634.1,2000.0,fixed_recovery,planner_feasible,pooled,1.0,1.0,1.0,2190,219
all,634.1,2000.0,myopic_recovery,service_kw,date,136.03337834922868,132.72459808415277,139.3880111561612,2190,219
all,634.1,2000.0,myopic_recovery,service_kw,pooled,136.0333783492287,134.81262585457873,137.22024924201642,2190,219
all,634.1,2000.0,myopic_recovery,planner_feasible,date,1.0,1.0,1.0,2190,219
all,634.1,2000.0,myopic_recovery,planner_feasible,pooled,1.0,1.0,1.0,2190,219
baseline_feasible,611.3,250.0,network_lp,service_kw,date,71.2384774543379,71.22745344606165,71.2466832548516,2188,219
baseline_feasible,611.3,250.0,network_lp,service_kw,pooled,71.23846692184644,71.22761136740174,71.24682215493601,2188,219
baseline_feasible,611.3,250.0,network_lp,planner_feasible,date,1.0,1.0,1.0,2188,219
baseline_feasible,611.3,250.0,network_lp,planner_feasible,pooled,1.0,1.0,1.0,2188,219
baseline_feasible,611.3,250.0,fixed_recovery,service_kw,date,56.99999999999999,56.99999999999999,56.99999999999999,2188,219
baseline_feasible,611.3,250.0,fixed_recovery,service_kw,pooled,56.999999999999986,56.999999999999986,56.999999999999986,2188,219
baseline_feasible,611.3,250.0,fixed_recovery,planner_feasible,date,1.0,1.0,1.0,2188,219
baseline_feasible,611.3,250.0,fixed_recovery,planner_feasible,pooled,1.0,1.0,1.0,2188,219
baseline_feasible,611.3,250.0,myopic_recovery,service_kw,date,71.23847750164268,71.22731169103194,71.24693212506102,2188,219
baseline_feasible,611.3,250.0,myopic_recovery,service_kw,pooled,71.23846696915103,71.22821841860639,71.2465722594578,2188,219
baseline_feasible,611.3,250.0,myopic_recovery,planner_feasible,date,1.0,1.0,1.0,2188,219
baseline_feasible,611.3,250.0,myopic_recovery,planner_feasible,pooled,1.0,1.0,1.0,2188,219
baseline_feasible,611.3,500.0,network_lp,service_kw,date,124.55850456621005,122.49917237442922,126.59463470319635,2188,219
baseline_feasible,611.3,500.0,network_lp,service_kw,pooled,124.54210466179158,123.75862749228747,125.31297489145338,2188,219
baseline_feasible,611.3,500.0,network_lp,planner_feasible,date,1.0,1.0,1.0,2188,219
baseline_feasible,611.3,500.0,network_lp,planner_feasible,pooled,1.0,1.0,1.0,2188,219
baseline_feasible,611.3,500.0,fixed_recovery,service_kw,date,109.85678248668187,109.04238215848554,110.63537807386795,2188,219
baseline_feasible,611.3,500.0,fixed_recovery,service_kw,pooled,109.85388625457038,109.49076558393796,110.20479107454011,2188,219
baseline_feasible,611.3,500.0,fixed_recovery,planner_feasible,date,1.0,1.0,1.0,2188,219
baseline_feasible,611.3,500.0,fixed_recovery,planner_feasible,pooled,1.0,1.0,1.0,2188,219
baseline_feasible,611.3,500.0,myopic_recovery,service_kw,date,124.55850458239038,122.43666346973033,126.64221159695862,2188,219
baseline_feasible,611.3,500.0,myopic_recovery,service_kw,pooled,124.54210467794331,123.75895154071738,125.32155866059261,2188,219
baseline_feasible,611.3,500.0,myopic_recovery,planner_feasible,date,1.0,1.0,1.0,2188,219
baseline_feasible,611.3,500.0,myopic_recovery,planner_feasible,pooled,1.0,1.0,1.0,2188,219
baseline_feasible,611.3,1000.0,network_lp,service_kw,date,128.52565718543886,125.90984965594875,131.137837114726,2188,219
baseline_feasible,611.3,1000.0,network_lp,service_kw,pooled,128.49966436243145,127.50066859717779,129.48470617430303,2188,219
baseline_feasible,611.3,1000.0,network_lp,planner_feasible,date,1.0,1.0,1.0,2188,219
baseline_feasible,611.3,1000.0,network_lp,planner_feasible,pooled,1.0,1.0,1.0,2188,219
baseline_feasible,611.3,1000.0,fixed_recovery,service_kw,date,128.36783929477423,125.7429114533787,130.87975719019533,2188,219
baseline_feasible,611.3,1000.0,fixed_recovery,service_kw,pooled,128.34759519252742,127.38278482775367,129.31163198411792,2188,219
baseline_feasible,611.3,1000.0,fixed_recovery,planner_feasible,date,1.0,1.0,1.0,2188,219
baseline_feasible,611.3,1000.0,fixed_recovery,planner_feasible,pooled,1.0,1.0,1.0,2188,219
baseline_feasible,611.3,1000.0,myopic_recovery,service_kw,date,128.52565718543886,125.92043666365424,131.1117358931063,2188,219
baseline_feasible,611.3,1000.0,myopic_recovery,service_kw,pooled,128.49966436243145,127.5467286048903,129.45154857461154,2188,219
baseline_feasible,611.3,1000.0,myopic_recovery,planner_feasible,date,1.0,1.0,1.0,2188,219
baseline_feasible,611.3,1000.0,myopic_recovery,planner_feasible,pooled,1.0,1.0,1.0,2188,219
baseline_feasible,611.3,2000.0,network_lp,service_kw,date,128.52565718543886,125.87347386716768,131.03560970002536,2188,219
baseline_feasible,611.3,2000.0,network_lp,service_kw,pooled,128.49966436243145,127.54317227490858,129.45819705495887,2188,219
baseline_feasible,611.3,2000.0,network_lp,planner_feasible,date,1.0,1.0,1.0,2188,219
baseline_feasible,611.3,2000.0,network_lp,planner_feasible,pooled,1.0,1.0,1.0,2188,219
baseline_feasible,611.3,2000.0,fixed_recovery,service_kw,date,128.36783929477423,125.7982926932712,130.92649983154172,2188,219
baseline_feasible,611.3,2000.0,fixed_recovery,service_kw,pooled,128.34759519252742,127.40924766303418,129.33564838751144,2188,219
baseline_feasible,611.3,2000.0,fixed_recovery,planner_feasible,date,1.0,1.0,1.0,2188,219
baseline_feasible,611.3,2000.0,fixed_recovery,planner_feasible,pooled,1.0,1.0,1.0,2188,219
baseline_feasible,611.3,2000.0,myopic_recovery,service_kw,date,128.52565718543886,126.05743792808221,131.10266173975774,2188,219
baseline_feasible,611.3,2000.0,myopic_recovery,service_kw,pooled,128.49966436243145,127.54223231118601,129.4464970506741,2188,219
baseline_feasible,611.3,2000.0,myopic_recovery,planner_feasible,date,1.0,1.0,1.0,2188,219
baseline_feasible,611.3,2000.0,myopic_recovery,planner_feasible,pooled,1.0,1.0,1.0,2188,219
baseline_feasible,634.1,250.0,network_lp,service_kw,date,71.08329765981735,70.99168093607305,71.16021243578767,2188,219
baseline_feasible,634.1,250.0,network_lp,service_kw,pooled,71.08314528107861,71.01258908678017,71.14445537448584,2188,219
baseline_feasible,634.1,250.0,network_lp,planner_feasible,date,1.0,1.0,1.0,2188,219
baseline_feasible,634.1,250.0,network_lp,planner_feasible,pooled,1.0,1.0,1.0,2188,219
baseline_feasible,634.1,250.0,fixed_recovery,service_kw,date,56.97356592465753,56.95145958190639,56.99106735159816,2188,219
baseline_feasible,634.1,250.0,fixed_recovery,service_kw,pooled,56.973541761882984,56.95364416704752,56.989668432929605,2188,219
baseline_feasible,634.1,250.0,fixed_recovery,planner_feasible,date,1.0,1.0,1.0,2188,219
baseline_feasible,634.1,250.0,fixed_recovery,planner_feasible,pooled,1.0,1.0,1.0,2188,219
baseline_feasible,634.1,250.0,myopic_recovery,service_kw,date,71.08329770644976,70.99107899165587,71.16206572205031,2188,219
baseline_feasible,634.1,250.0,myopic_recovery,service_kw,pooled,71.08314532771024,71.0141602026884,71.1462389424568,2188,219
baseline_feasible,634.1,250.0,myopic_recovery,planner_feasible,date,1.0,1.0,1.0,2188,219
baseline_feasible,634.1,250.0,myopic_recovery,planner_feasible,pooled,1.0,1.0,1.0,2188,219
baseline_feasible,634.1,500.0,network_lp,service_kw,date,127.00884703196347,124.68297213898401,129.20187731877854,2188,219
baseline_feasible,634.1,500.0,network_lp,service_kw,pooled,126.99468692870201,126.15855215236517,127.82161041761884,2188,219
baseline_feasible,634.1,500.0,network_lp,planner_feasible,date,1.0,1.0,1.0,2188,219
baseline_feasible,634.1,500.0,network_lp,planner_feasible,pooled,1.0,1.0,1.0,2188,219
baseline_feasible,634.1,500.0,fixed_recovery,service_kw,date,109.75873287671232,108.72144923658676,110.72614297945206,2188,219
baseline_feasible,634.1,500.0,fixed_recovery,service_kw,pooled,109.75485603290676,109.29079156906992,110.18361910134826,2188,219
baseline_feasible,634.1,500.0,fixed_recovery,planner_feasible,date,1.0,1.0,1.0,2188,219
baseline_feasible,634.1,500.0,fixed_recovery,planner_feasible,pooled,1.0,1.0,1.0,2188,219
baseline_feasible,634.1,500.0,myopic_recovery,service_kw,date,127.00884705328421,124.75184434170227,129.20548482750672,2188,219
baseline_feasible,634.1,500.0,myopic_recovery,service_kw,pooled,126.99468694999884,126.15135917473758,127.8373630892859,2188,219
baseline_feasible,634.1,500.0,myopic_recovery,planner_feasible,date,1.0,1.0,1.0,2188,219
baseline_feasible,634.1,500.0,myopic_recovery,planner_feasible,pooled,1.0,1.0,1.0,2188,219
baseline_feasible,634.1,1000.0,network_lp,service_kw,date,138.5105395421106,134.76850444729834,142.2163891068937,2188,219
baseline_feasible,634.1,1000.0,network_lp,service_kw,pooled,138.47438442641683,137.14901058329525,139.8491657264054,2188,219
baseline_feasible,634.1,1000.0,network_lp,planner_feasible,date,1.0,1.0,1.0,2188,219
baseline_feasible,634.1,1000.0,network_lp,planner_feasible,pooled,1.0,1.0,1.0,2188,219
baseline_feasible,634.1,1000.0,fixed_recovery,service_kw,date,138.18665751046424,134.58447319135274,141.82328420198345,2188,219
baseline_feasible,634.1,1000.0,fixed_recovery,service_kw,pooled,138.16169625514166,136.82069034220748,139.42338365516454,2188,219
baseline_feasible,634.1,1000.0,fixed_recovery,planner_feasible,date,1.0,1.0,1.0,2188,219
baseline_feasible,634.1,1000.0,fixed_recovery,planner_feasible,pooled,1.0,1.0,1.0,2188,219
baseline_feasible,634.1,1000.0,myopic_recovery,service_kw,date,138.06696087657716,134.40426594217593,141.6451343083759,2188,219
baseline_feasible,634.1,1000.0,myopic_recovery,service_kw,pooled,138.05218334025497,136.7418591024213,139.40053637797672,2188,219
baseline_feasible,634.1,1000.0,myopic_recovery,planner_feasible,date,1.0,1.0,1.0,2188,219
baseline_feasible,634.1,1000.0,myopic_recovery,planner_feasible,pooled,1.0,1.0,1.0,2188,219
baseline_feasible,634.1,2000.0,network_lp,service_kw,date,138.5105395421106,134.83418186754818,142.14970926084473,2188,219
baseline_feasible,634.1,2000.0,network_lp,service_kw,pooled,138.47438442641683,137.09549335151965,139.80986131741318,2188,219
baseline_feasible,634.1,2000.0,network_lp,planner_feasible,date,1.0,1.0,1.0,2188,219
baseline_feasible,634.1,2000.0,network_lp,planner_feasible,pooled,1.0,1.0,1.0,2188,219
baseline_feasible,634.1,2000.0,fixed_recovery,service_kw,date,138.18665751046424,134.49082312476216,141.8604347798944,2188,219
baseline_feasible,634.1,2000.0,fixed_recovery,service_kw,pooled,138.16169625514166,136.8673562471435,139.47595660277653,2188,219
baseline_feasible,634.1,2000.0,fixed_recovery,planner_feasible,date,1.0,1.0,1.0,2188,219
baseline_feasible,634.1,2000.0,fixed_recovery,planner_feasible,pooled,1.0,1.0,1.0,2188,219
baseline_feasible,634.1,2000.0,myopic_recovery,service_kw,date,136.07760626162445,132.72964121303167,139.51143066750802,2188,219
baseline_feasible,634.1,2000.0,myopic_recovery,service_kw,pooled,136.07152202302038,134.8521601848991,137.2895103946681,2188,219
baseline_feasible,634.1,2000.0,myopic_recovery,planner_feasible,date,1.0,1.0,1.0,2188,219
baseline_feasible,634.1,2000.0,myopic_recovery,planner_feasible,pooled,1.0,1.0,1.0,2188,219
