mode,events,capacity_kw,date,day_index
full_rearm,1,140.0,2010-07-25,24
full_rearm,2,140.0,2010-07-25,24
full_rearm,3,140.0,2010-07-25,24
full_rearm,4,140.0,2010-07-25,24
full_rearm,5,140.0,2010-07-25,24
full_rearm,6,140.0,2010-07-25,24
reserve_limited,1,140.0,2010-07-25,24
reserve_limited,2,90.0,2010-07-25,24
reserve_limited,3,70.0,2010-07-25,24
reserve_limited,4,50.0,2010-07-25,24
reserve_limited,5,50.0,2010-07-25,24
reserve_limited,6,40.0,2010-07-25,24
full_rearm,1,140.0,2010-07-26,25
full_rearm,2,140.0,2010-07-26,25
full_rearm,3,140.0,2010-07-26,25
full_rearm,4,140.0,2010-07-26,25
full_rearm,5,140.0,2010-07-26,25
full_rearm,6,140.0,2010-07-26,25
reserve_limited,1,140.0,2010-07-26,25
reserve_limited,2,90.0,2010-07-26,25
reserve_limited,3,70.0,2010-07-26,25
reserve_limited,4,50.0,2010-07-26,25
reserve_limited,5,50.0,2010-07-26,25
reserve_limited,6,40.0,2010-07-26,25
full_rearm,1,130.0,2010-07-27,26
full_rearm,2,130.0,2010-07-27,26
full_rearm,3,130.0,2010-07-27,26
full_rearm,4,130.0,2010-07-27,26
full_rearm,5,130.0,2010-07-27,26
full_rearm,6,130.0,2010-07-27,26
reserve_limited,1,130.0,2010-07-27,26
reserve_limited,2,90.0,2010-07-27,26
reserve_limited,3,70.0,2010-07-27,26
reserve_limited,4,50.0,2010-07-27,26
reserve_limited,5,50.0,2010-07-27,26
reserve_limited,6,40.0,2010-07-27,26
full_rearm,1,130.0,2010-07-28,27
full_rearm,2,130.0,2010-07-28,27
full_rearm,3,130.0,2010-07-28,27
full_rearm,4,130.0,2010-07-28,27
full_rearm,5,130.0,2010-07-28,27
full_rearm,6,130.0,2010-07-28,27
reserve_limited,1,130.0,2010-07-28,27
reserve_limited,2,90.0,2010-07-28,27
reserve_limited,3,70.0,2010-07-28,27
reserve_limited,4,50.0,2010-07-28,27
reserve_limited,5,50.0,2010-07-28,27
reserve_limited,6,40.0,2010-07-28,27
full_rearm,1,140.0,2010-07-29,28
full_rearm,2,140.0,2010-07-29,28
full_rearm,3,140.0,2010-07-29,28
full_rearm,4,140.0,2010-07-29,28
full_rearm,5,140.0,2010-07-29,28
full_rearm,6,140.0,2010-07-29,28
reserve_limited,1,140.0,2010-07-29,28
reserve_limited,2,90.0,2010-07-29,28
reserve_limited,3,70.0,2010-07-29,28
reserve_limited,4,50.0,2010-07-29,28
reserve_limited,5,50.0,2010-07-29,28
reserve_limited,6,40.0,2010-07-29,28
full_rearm,1,140.0,2010-07-30,29
full_rearm,2,140.0,2010-07-30,29
full_rearm,3,140.0,2010-07-30,29
full_rearm,4,140.0,2010-07-30,29
full_rearm,5,140.0,2010-07-30,29
full_rearm,6,140.0,2010-07-30,29
reserve_limited,1,140.0,2010-07-30,29
reserve_limited,2,90.0,2010-07-30,29
reserve_limited,3,70.0,2010-07-30,29
reserve_limited,4,50.0,2010-07-30,29
reserve_limited,5,50.0,2010-07-30,29
reserve_limited,6,40.0,2010-07-30,29
full_rearm,1,140.0,2010-07-31,30
full_rearm,2,140.0,2010-07-31,30
full_rearm,3,140.0,2010-07-31,30
full_rearm,4,140.0,2010-07-31,30
full_rearm,5,140.0,2010-07-31,30
full_rearm,6,140.0,2010-07-31,30
reserve_limited,1,140.0,2010-07-31,30
reserve_limited,2,90.0,2010-07-31,30
reserve_limited,3,70.0,2010-07-31,30
reserve_limited,4,50.0,2010-07-31,30
reserve_limited,5,50.0,2010-07-31,30
reserve_limited,6,40.0,2010-07-31,30
full_rearm,1,140.0,2010-08-25,55
full_rearm,2,140.0,2010-08-25,55
full_rearm,3,140.0,2010-08-25,55
full_rearm,4,140.0,2010-08-25,55
full_rearm,5,140.0,2010-08-25,55
full_rearm,6,140.0,2010-08-25,55
reserve_limited,1,140.0,2010-08-25,55
reserve_limited,2,90.0,2010-08-25,55
reserve_limited,3,70.0,2010-08-25,55
reserve_limited,4,50.0,2010-08-25,55
reserve_limited,5,50.0,2010-08-25,55
reserve_limited,6,40.0,2010-08-25,55
full_rearm,1,140.0,2010-08-26,56
full_rearm,2,140.0,2010-08-26,56
full_rearm,3,140.0,2010-08-26,56
full_rearm,4,140.0,2010-08-26,56
full_rearm,5,140.0,2010-08-26,56
full_rearm,6,140.0,2010-08-26,56
reserve_limited,1,140.0,2010-08-26,56
reserve_limited,2,90.0,2010-08-26,56
reserve_limited,3,70.0,2010-08-26,56
reserve_limited,4,50.0,2010-08-26,56
reserve_limited,5,50.0,2010-08-26,56
reserve_limited,6,40.0,2010-08-26,56
full_rearm,1,140.0,2010-08-27,57
full_rearm,2,140.0,2010-08-27,57
full_rearm,3,140.0,2010-08-27,57
full_rearm,4,140.0,2010-08-27,57
full_rearm,5,140.0,2010-08-27,57
full_rearm,6,140.0,2010-08-27,57
reserve_limited,1,140.0,2010-08-27,57
reserve_limited,2,90.0,2010-08-27,57
reserve_limited,3,70.0,2010-08-27,57
reserve_limited,4,50.0,2010-08-27,57
reserve_limited,5,50.0,2010-08-27,57
reserve_limited,6,40.0,2010-08-27,57
full_rearm,1,140.0,2010-08-28,58
full_rearm,2,140.0,2010-08-28,58
full_rearm,3,140.0,2010-08-28,58
full_rearm,4,140.0,2010-08-28,58
full_rearm,5,140.0,2010-08-28,58
full_rearm,6,140.0,2010-08-28,58
reserve_limited,1,140.0,2010-08-28,58
reserve_limited,2,90.0,2010-08-28,58
reserve_limited,3,70.0,2010-08-28,58
reserve_limited,4,50.0,2010-08-28,58
reserve_limited,5,50.0,2010-08-28,58
reserve_limited,6,40.0,2010-08-28,58
full_rearm,1,140.0,2010-08-29,59
full_rearm,2,140.0,2010-08-29,59
full_rearm,3,140.0,2010-08-29,59
full_rearm,4,140.0,2010-08-29,59
full_rearm,5,140.0,2010-08-29,59
full_rearm,6,140.0,2010-08-29,59
reserve_limited,1,140.0,2010-08-29,59
reserve_limited,2,90.0,2010-08-29,59
reserve_limited,3,70.0,2010-08-29,59
reserve_limited,4,50.0,2010-08-29,59
reserve_limited,5,50.0,2010-08-29,59
reserve_limited,6,40.0,2010-08-29,59
full_rearm,1,140.0,2010-08-30,60
full_rearm,2,140.0,2010-08-30,60
full_rearm,3,140.0,2010-08-30,60
full_rearm,4,140.0,2010-08-30,60
full_rearm,5,140.0,2010-08-30,60
full_rearm,6,140.0,2010-08-30,60
reserve_limited,1,140.0,2010-08-30,60
reserve_limited,2,90.0,2010-08-30,60
reserve_limited,3,70.0,2010-08-30,60
reserve_limited,4,50.0,2010-08-30,60
reserve_limited,5,50.0,2010-08-30,60
reserve_limited,6,40.0,2010-08-30,60
full_rearm,1,140.0,2010-08-31,61
full_rearm,2,140.0,2010-08-31,61
full_rearm,3,140.0,2010-08-31,61
full_rearm,4,140.0,2010-08-31,61
full_rearm,5,140.0,2010-08-31,61
full_rearm,6,140.0,2010-08-31,61
reserve_limited,1,140.0,2010-08-31,61
reserve_limited,2,90.0,2010-08-31,61
reserve_limited,3,70.0,2010-08-31,61
reserve_limited,4,50.0,2010-08-31,61
reserve_limited,5,50.0,2010-08-31,61
reserve_limited,6,40.0,2010-08-31,61
full_rearm,1,140.0,2010-09-25,86
full_rearm,2,140.0,2010-09-25,86
full_rearm,3,140.0,2010-09-25,86
full_rearm,4,140.0,2010-09-25,86
full_rearm,5,140.0,2010-09-25,86
full_rearm,6,140.0,2010-09-25,86
reserve_limited,1,140.0,2010-09-25,86
reserve_limited,2,90.0,2010-09-25,86
reserve_limited,3,70.0,2010-09-25,86
reserve_limited,4,50.0,2010-09-25,86
reserve_limited,5,50.0,2010-09-25,86
reserve_limited,6,40.0,2010-09-25,86
full_rearm,1,140.0,2010-09-26,87
full_rearm,2,140.0,2010-09-26,87
full_rearm,3,140.0,2010-09-26,87
full_rearm,4,140.0,2010-09-26,87
full_rearm,5,140.0,2010-09-26,87
full_rearm,6,140.0,2010-09-26,87
reserve_limited,1,140.0,2010-09-26,87
reserve_limited,2,90.0,2010-09-26,87
reserve_limited,3,70.0,2010-09-26,87
reserve_limited,4,50.0,2010-09-26,87
reserve_limited,5,50.0,2010-09-26,87
reserve_limited,6,40.0,2010-09-26,87
full_rearm,1,140.0,2010-09-27,88
full_rearm,2,140.0,2010-09-27,88
full_rearm,3,140.0,2010-09-27,88
full_rearm,4,140.0,2010-09-27,88
full_rearm,5,140.0,2010-09-27,88
full_rearm,6,140.0,2010-09-27,88
reserve_limited,1,140.0,2010-09-27,88
reserve_limited,2,90.0,2010-09-27,88
reserve_limited,3,70.0,2010-09-27,88
reserve_limited,4,50.0,2010-09-27,88
reserve_limited,5,50.0,2010-09-27,88
reserve_limited,6,40.0,2010-09-27,88
full_rearm,1,140.0,2010-09-28,89
full_rearm,2,140.0,2010-09-28,89
full_rearm,3,140.0,2010-09-28,89
full_rearm,4,140.0,2010-09-28,89
full_rearm,5,140.0,2010-09-28,89
full_rearm,6,140.0,2010-09-28,89
reserve_limited,1,140.0,2010-09-28,89
reserve_limited,2,90.0,2010-09-28,89
reserve_limited,3,70.0,2010-09-28,89
reserve_limited,4,50.0,2010-09-28,89
reserve_limited,5,50.0,2010-09-28,89
reserve_limited,6,40.0,2010-09-28,89
full_rearm,1,140.0,2010-09-29,90
full_rearm,2,140.0,2010-09-29,90
full_rearm,3,140.0,2010-09-29,90
full_rearm,4,140.0,2010-09-29,90
full_rearm,5,140.0,2010-09-29,90
full_rearm,6,140.0,2010-09-29,90
reserve_limited,1,140.0,2010-09-29,90
reserve_limited,2,90.0,2010-09-29,90
reserve_limited,3,70.0,2010-09-29,90
reserve_limited,4,50.0,2010-09-29,90
reserve_limited,5,50.0,2010-09-29,90
reserve_limited,6,40.0,2010-09-29,90
full_rearm,1,140.0,2010-09-30,91
full_rearm,2,140.0,2010-09-30,91
full_rearm,3,140.0,2010-09-30,91
full_rearm,4,140.0,2010-09-30,91
full_rearm,5,140.0,2010-09-30,91
full_rearm,6,140.0,2010-09-30,91
reserve_limited,1,140.0,2010-09-30,91
reserve_limited,2,90.0,2010-09-30,91
reserve_limited,3,70.0,2010-09-30,91
reserve_limited,4,50.0,2010-09-30,91
reserve_limited,5,50.0,2010-09-30,91
reserve_limited,6,40.0,2010-09-30,91
full_rearm,1,130.0,2010-10-25,116
full_rearm,2,130.0,2010-10-25,116
full_rearm,3,130.0,2010-10-25,116
full_rearm,4,130.0,2010-10-25,116
full_rearm,5,130.0,2010-10-25,116
full_rearm,6,130.0,2010-10-25,116
reserve_limited,1,130.0,2010-10-25,116
reserve_limited,2,90.0,2010-10-25,116
reserve_limited,3,70.0,2010-10-25,116
reserve_limited,4,50.0,2010-10-25,116
reserve_limited,5,50.0,2010-10-25,116
reserve_limited,6,40.0,2010-10-25,116
full_rearm,1,140.0,2010-10-26,117
full_rearm,2,140.0,2010-10-26,117
full_rearm,3,140.0,2010-10-26,117
full_rearm,4,140.0,2010-10-26,117
full_rearm,5,140.0,2010-10-26,117
full_rearm,6,140.0,2010-10-26,117
reserve_limited,1,140.0,2010-10-26,117
reserve_limited,2,90.0,2010-10-26,117
reserve_limited,3,70.0,2010-10-26,117
reserve_limited,4,50.0,2010-10-26,117
reserve_limited,5,50.0,2010-10-26,117
reserve_limited,6,40.0,2010-10-26,117
full_rearm,1,140.0,2010-10-27,118
full_rearm,2,140.0,2010-10-27,118
full_rearm,3,140.0,2010-10-27,118
full_rearm,4,140.0,2010-10-27,118
full_rearm,5,140.0,2010-10-27,118
full_rearm,6,140.0,2010-10-27,118
reserve_limited,1,140.0,2010-10-27,118
reserve_limited,2,90.0,2010-10-27,118
reserve_limited,3,70.0,2010-10-27,118
reserve_limited,4,50.0,2010-10-27,118
reserve_limited,5,50.0,2010-10-27,118
reserve_limited,6,40.0,2010-10-27,118
full_rearm,1,140.0,2010-10-28,119
full_rearm,2,140.0,2010-10-28,119
full_rearm,3,140.0,2010-10-28,119
full_rearm,4,140.0,2010-10-28,119
full_rearm,5,140.0,2010-10-28,119
full_rearm,6,140.0,2010-10-28,119
reserve_limited,1,140.0,2010-10-28,119
reserve_limited,2,90.0,2010-10-28,119
reserve_limited,3,70.0,2010-10-28,119
reserve_limited,4,50.0,2010-10-28,119
reserve_limited,5,50.0,2010-10-28,119
reserve_limited,6,40.0,2010-10-28,119
full_rearm,1,140.0,2010-10-29,120
full_rearm,2,140.0,2010-10-29,120
full_rearm,3,140.0,2010-10-29,120
full_rearm,4,140.0,2010-10-29,120
full_rearm,5,140.0,2010-10-29,120
full_rearm,6,140.0,2010-10-29,120
reserve_limited,1,140.0,2010-10-29,120
reserve_limited,2,90.0,2010-10-29,120
reserve_limited,3,70.0,2010-10-29,120
reserve_limited,4,50.0,2010-10-29,120
reserve_limited,5,50.0,2010-10-29,120
reserve_limited,6,40.0,2010-10-29,120
full_rearm,1,140.0,2010-10-30,121
full_rearm,2,140.0,2010-10-30,121
full_rearm,3,140.0,2010-10-30,121
full_rearm,4,140.0,2010-10-30,121
full_rearm,5,140.0,2010-10-30,121
full_rearm,6,140.0,2010-10-30,121
reserve_limited,1,140.0,2010-10-30,121
reserve_limited,2,90.0,2010-10-30,121
reserve_limited,3,70.0,2010-10-30,121
reserve_limited,4,50.0,2010-10-30,121
reserve_limited,5,50.0,2010-10-30,121
reserve_limited,6,40.0,2010-10-30,121
full_rearm,1,140.0,2010-10-31,122
full_rearm,2,140.0,2010-10-31,122
full_rearm,3,140.0,2010-10-31,122
full_rearm,4,140.0,2010-10-31,122
full_rearm,5,140.0,2010-10-31,122
full_rearm,6,140.0,2010-10-31,122
reserve_limited,1,140.0,2010-10-31,122
reserve_limited,2,90.0,2010-10-31,122
reserve_limited,3,70.0,2010-10-31,122
reserve_limited,4,50.0,2010-10-31,122
reserve_limited,5,50.0,2010-10-31,122
reserve_limited,6,40.0,2010-10-31,122
full_rearm,1,140.0,2010-11-25,147
full_rearm,2,140.0,2010-11-25,147
full_rearm,3,140.0,2010-11-25,147
full_rearm,4,140.0,2010-11-25,147
full_rearm,5,140.0,2010-11-25,147
full_rearm,6,140.0,2010-11-25,147
reserve_limited,1,140.0,2010-11-25,147
reserve_limited,2,90.0,2010-11-25,147
reserve_limited,3,70.0,2010-11-25,147
reserve_limited,4,50.0,2010-11-25,147
reserve_limited,5,50.0,2010-11-25,147
reserve_limited,6,40.0,2010-11-25,147
full_rearm,1,140.0,2010-11-26,148
full_rearm,2,140.0,2010-11-26,148
full_rearm,3,140.0,2010-11-26,148
full_rearm,4,140.0,2010-11-26,148
full_rearm,5,140.0,2010-11-26,148
full_rearm,6,140.0,2010-11-26,148
reserve_limited,1,140.0,2010-11-26,148
reserve_limited,2,90.0,2010-11-26,148
reserve_limited,3,70.0,2010-11-26,148
reserve_limited,4,50.0,2010-11-26,148
reserve_limited,5,50.0,2010-11-26,148
reserve_limited,6,40.0,2010-11-26,148
full_rearm,1,140.0,2010-11-27,149
full_rearm,2,140.0,2010-11-27,149
full_rearm,3,140.0,2010-11-27,149
full_rearm,4,140.0,2010-11-27,149
full_rearm,5,140.0,2010-11-27,149
full_rearm,6,140.0,2010-11-27,149
reserve_limited,1,140.0,2010-11-27,149
reserve_limited,2,90.0,2010-11-27,149
reserve_limited,3,70.0,2010-11-27,149
reserve_limited,4,50.0,2010-11-27,149
reserve_limited,5,50.0,2010-11-27,149
reserve_limited,6,40.0,2010-11-27,149
full_rearm,1,140.0,2010-11-28,150
full_rearm,2,140.0,2010-11-28,150
full_rearm,3,140.0,2010-11-28,150
full_rearm,4,140.0,2010-11-28,150
full_rearm,5,140.0,2010-11-28,150
full_rearm,6,140.0,2010-11-28,150
reserve_limited,1,140.0,2010-11-28,150
reserve_limited,2,90.0,2010-11-28,150
reserve_limited,3,70.0,2010-11-28,150
reserve_limited,4,50.0,2010-11-28,150
reserve_limited,5,50.0,2010-11-28,150
reserve_limited,6,40.0,2010-11-28,150
full_rearm,1,140.0,2010-11-29,151
full_rearm,2,140.0,2010-11-29,151
full_rearm,3,140.0,2010-11-29,151
full_rearm,4,140.0,2010-11-29,151
full_rearm,5,140.0,2010-11-29,151
full_rearm,6,140.0,2010-11-29,151
reserve_limited,1,140.0,2010-11-29,151
reserve_limited,2,90.0,2010-11-29,151
reserve_limited,3,70.0,2010-11-29,151
reserve_limited,4,50.0,2010-11-29,151
reserve_limited,5,50.0,2010-11-29,151
reserve_limited,6,40.0,2010-11-29,151
full_rearm,1,140.0,2010-11-30,152
full_rearm,2,140.0,2010-11-30,152
full_rearm,3,140.0,2010-11-30,152
full_rearm,4,140.0,2010-11-30,152
full_rearm,5,140.0,2010-11-30,152
full_rearm,6,140.0,2010-11-30,152
reserve_limited,1,140.0,2010-11-30,152
reserve_limited,2,90.0,2010-11-30,152
reserve_limited,3,70.0,2010-11-30,152
reserve_limited,4,50.0,2010-11-30,152
reserve_limited,5,50.0,2010-11-30,152
reserve_limited,6,40.0,2010-11-30,152
full_rearm,1,140.0,2010-12-25,177
full_rearm,2,140.0,2010-12-25,177
full_rearm,3,140.0,2010-12-25,177
full_rearm,4,140.0,2010-12-25,177
full_rearm,5,140.0,2010-12-25,177
full_rearm,6,140.0,2010-12-25,177
reserve_limited,1,140.0,2010-12-25,177
reserve_limited,2,90.0,2010-12-25,177
reserve_limited,3,70.0,2010-12-25,177
reserve_limited,4,50.0,2010-12-25,177
reserve_limited,5,50.0,2010-12-25,177
reserve_limited,6,40.0,2010-12-25,177
full_rearm,1,140.0,2010-12-26,178
full_rearm,2,140.0,2010-12-26,178
full_rearm,3,140.0,2010-12-26,178
full_rearm,4,140.0,2010-12-26,178
full_rearm,5,140.0,2010-12-26,178
full_rearm,6,140.0,2010-12-26,178
reserve_limited,1,140.0,2010-12-26,178
reserve_limited,2,90.0,2010-12-26,178
reserve_limited,3,70.0,2010-12-26,178
reserve_limited,4,50.0,2010-12-26,178
reserve_limited,5,50.0,2010-12-26,178
reserve_limited,6,40.0,2010-12-26,178
full_rearm,1,140.0,2010-12-27,179
full_rearm,2,140.0,2010-12-27,179
full_rearm,3,140.0,2010-12-27,179
full_rearm,4,140.0,2010-12-27,179
full_rearm,5,140.0,2010-12-27,179
full_rearm,6,140.0,2010-12-27,179
reserve_limited,1,140.0,2010-12-27,179
reserve_limited,2,90.0,2010-12-27,179
reserve_limited,3,70.0,2010-12-27,179
reserve_limited,4,50.0,2010-12-27,179
reserve_limited,5,50.0,2010-12-27,179
reserve_limited,6,40.0,2010-12-27,179
full_rearm,1,140.0,2010-12-28,180
full_rearm,2,140.0,2010-12-28,180
full_rearm,3,140.0,2010-12-28,180
full_rearm,4,140.0,2010-12-28,180
full_rearm,5,140.0,2010-12-28,180
full_rearm,6,140.0,2010-12-28,180
reserve_limited,1,140.0,2010-12-28,180
reserve_limited,2,90.0,2010-12-28,180
reserve_limited,3,70.0,2010-12-28,180
reserve_limited,4,50.0,2010-12-28,180
reserve_limited,5,50.0,2010-12-28,180
reserve_limited,6,40.0,2010-12-28,180
full_rearm,1,140.0,2010-12-29,181
full_rearm,2,140.0,2010-12-29,181
full_rearm,3,140.0,2010-12-29,181
full_rearm,4,140.0,2010-12-29,181
full_rearm,5,140.0,2010-12-29,181
full_rearm,6,140.0,2010-12-29,181
reserve_limited,1,140.0,2010-12-29,181
reserve_limited,2,90.0,2010-12-29,181
reserve_limited,3,70.0,2010-12-29,181
reserve_limited,4,50.0,2010-12-29,181
reserve_limited,5,50.0,2010-12-29,181
reserve_limited,6,40.0,2010-12-29,181
full_rearm,1,140.0,2010-12-30,182
full_rearm,2,140.0,2010-12-30,182
full_rearm,3,140.0,2010-12-30,182
full_rearm,4,140.0,2010-12-30,182
full_rearm,5,140.0,2010-12-30,182
full_rearm,6,140.0,2010-12-30,182
reserve_limited,1,140.0,2010-12-30,182
reserve_limited,2,90.0,2010-12-30,182
reserve_limited,3,70.0,2010-12-30,182
reserve_limited,4,50.0,2010-12-30,182
reserve_limited,5,50.0,2010-12-30,182
reserve_limited,6,40.0,2010-12-30,182
full_rearm,1,140.0,2010-12-31,183
full_rearm,2,140.0,2010-12-31,183
full_rearm,3,140.0,2010-12-31,183
full_rearm,4,140.0,2010-12-31,183
full_rearm,5,140.0,2010-12-31,183
full_rearm,6,140.0,2010-12-31,183
reserve_limited,1,140.0,2010-12-31,183
reserve_limited,2,90.0,2010-12-31,183
reserve_limited,3,70.0,2010-12-31,183
reserve_limited,4,50.0,2010-12-31,183
reserve_limited,5,50.0,2010-12-31,183
reserve_limited,6,40.0,2010-12-31,183
full_rearm,1,140.0,2011-01-25,208
full_rearm,2,140.0,2011-01-25,208
full_rearm,3,140.0,2011-01-25,208
full_rearm,4,140.0,2011-01-25,208
full_rearm,5,140.0,2011-01-25,208
full_rearm,6,140.0,2011-01-25,208
reserve_limited,1,140.0,2011-01-25,208
reserve_limited,2,90.0,2011-01-25,208
reserve_limited,3,70.0,2011-01-25,208
reserve_limited,4,50.0,2011-01-25,208
reserve_limited,5,50.0,2011-01-25,208
reserve_limited,6,40.0,2011-01-25,208
full_rearm,1,140.0,2011-01-26,209
full_rearm,2,140.0,2011-01-26,209
full_rearm,3,140.0,2011-01-26,209
full_rearm,4,140.0,2011-01-26,209
full_rearm,5,140.0,2011-01-26,209
full_rearm,6,140.0,2011-01-26,209
reserve_limited,1,140.0,2011-01-26,209
reserve_limited,2,90.0,2011-01-26,209
reserve_limited,3,70.0,2011-01-26,209
reserve_limited,4,50.0,2011-01-26,209
reserve_limited,5,50.0,2011-01-26,209
reserve_limited,6,40.0,2011-01-26,209
full_rearm,1,140.0,2011-01-27,210
full_rearm,2,140.0,2011-01-27,210
full_rearm,3,140.0,2011-01-27,210
full_rearm,4,140.0,2011-01-27,210
full_rearm,5,140.0,2011-01-27,210
full_rearm,6,140.0,2011-01-27,210
reserve_limited,1,140.0,2011-01-27,210
reserve_limited,2,90.0,2011-01-27,210
reserve_limited,3,70.0,2011-01-27,210
reserve_limited,4,50.0,2011-01-27,210
reserve_limited,5,50.0,2011-01-27,210
reserve_limited,6,40.0,2011-01-27,210
full_rearm,1,140.0,2011-01-28,211
full_rearm,2,140.0,2011-01-28,211
full_rearm,3,140.0,2011-01-28,211
full_rearm,4,140.0,2011-01-28,211
full_rearm,5,140.0,2011-01-28,211
full_rearm,6,140.0,2011-01-28,211
reserve_limited,1,140.0,2011-01-28,211
reserve_limited,2,90.0,2011-01-28,211
reserve_limited,3,70.0,2011-01-28,211
reserve_limited,4,50.0,2011-01-28,211
reserve_limited,5,50.0,2011-01-28,211
reserve_limited,6,40.0,2011-01-28,211
full_rearm,1,140.0,2011-01-29,212
full_rearm,2,140.0,2011-01-29,212
full_rearm,3,140.0,2011-01-29,212
full_rearm,4,140.0,2011-01-29,212
full_rearm,5,140.0,2011-01-29,212
full_rearm,6,140.0,2011-01-29,212
reserve_limited,1,140.0,2011-01-29,212
reserve_limited,2,90.0,2011-01-29,212
reserve_limited,3,70.0,2011-01-29,212
reserve_limited,4,50.0,2011-01-29,212
reserve_limited,5,50.0,2011-01-29,212
reserve_limited,6,40.0,2011-01-29,212
full_rearm,1,140.0,2011-01-30,213
full_rearm,2,140.0,2011-01-30,213
full_rearm,3,140.0,2011-01-30,213
full_rearm,4,140.0,2011-01-30,213
full_rearm,5,140.0,2011-01-30,213
full_rearm,6,140.0,2011-01-30,213
reserve_limited,1,140.0,2011-01-30,213
reserve_limited,2,90.0,2011-01-30,213
reserve_limited,3,70.0,2011-01-30,213
reserve_limited,4,50.0,2011-01-30,213
reserve_limited,5,50.0,2011-01-30,213
reserve_limited,6,40.0,2011-01-30,213
full_rearm,1,140.0,2011-01-31,214
full_rearm,2,140.0,2011-01-31,214
full_rearm,3,140.0,2011-01-31,214
full_rearm,4,140.0,2011-01-31,214
full_rearm,5,140.0,2011-01-31,214
full_rearm,6,140.0,2011-01-31,214
reserve_limited,1,140.0,2011-01-31,214
reserve_limited,2,90.0,2011-01-31,214
reserve_limited,3,70.0,2011-01-31,214
reserve_limited,4,50.0,2011-01-31,214
reserve_limited,5,50.0,2011-01-31,214
reserve_limited,6,40.0,2011-01-31,214
full_rearm,1,140.0,2011-02-22,236
full_rearm,2,140.0,2011-02-22,236
full_rearm,3,140.0,2011-02-22,236
full_rearm,4,140.0,2011-02-22,236
full_rearm,5,140.0,2011-02-22,236
full_rearm,6,140.0,2011-02-22,236
reserve_limited,1,140.0,2011-02-22,236
reserve_limited,2,90.0,2011-02-22,236
reserve_limited,3,70.0,2011-02-22,236
reserve_limited,4,50.0,2011-02-22,236
reserve_limited,5,50.0,2011-02-22,236
reserve_limited,6,40.0,2011-02-22,236
full_rearm,1,140.0,2011-02-23,237
full_rearm,2,140.0,2011-02-23,237
full_rearm,3,140.0,2011-02-23,237
full_rearm,4,140.0,2011-02-23,237
full_rearm,5,140.0,2011-02-23,237
full_rearm,6,140.0,2011-02-23,237
reserve_limited,1,140.0,2011-02-23,237
reserve_limited,2,90.0,2011-02-23,237
reserve_limited,3,70.0,2011-02-23,237
reserve_limited,4,50.0,2011-02-23,237
reserve_limited,5,50.0,2011-02-23,237
reserve_limited,6,40.0,2011-02-23,237
full_rearm,1,140.0,2011-02-24,238
full_rearm,2,140.0,2011-02-24,238
full_rearm,3,140.0,2011-02-24,238
full_rearm,4,140.0,2011-02-24,238
full_rearm,5,140.0,2011-02-24,238
full_rearm,6,140.0,2011-02-24,238
reserve_limited,1,140.0,2011-02-24,238
reserve_limited,2,90.0,2011-02-24,238
reserve_limited,3,70.0,2011-02-24,238
reserve_limited,4,50.0,2011-02-24,238
reserve_limited,5,50.0,2011-02-24,238
reserve_limited,6,40.0,2011-02-24,238
full_rearm,1,140.0,2011-02-25,239
full_rearm,2,140.0,2011-02-25,239
full_rearm,3,140.0,2011-02-25,239
full_rearm,4,140.0,2011-02-25,239
full_rearm,5,140.0,2011-02-25,239
full_rearm,6,140.0,2011-02-25,239
reserve_limited,1,140.0,2011-02-25,239
reserve_limited,2,90.0,2011-02-25,239
reserve_limited,3,70.0,2011-02-25,239
reserve_limited,4,50.0,2011-02-25,239
reserve_limited,5,50.0,2011-02-25,239
reserve_limited,6,40.0,2011-02-25,239
full_rearm,1,140.0,2011-02-26,240
full_rearm,2,140.0,2011-02-26,240
full_rearm,3,140.0,2011-02-26,240
full_rearm,4,140.0,2011-02-26,240
full_rearm,5,140.0,2011-02-26,240
full_rearm,6,140.0,2011-02-26,240
reserve_limited,1,140.0,2011-02-26,240
reserve_limited,2,90.0,2011-02-26,240
reserve_limited,3,70.0,2011-02-26,240
reserve_limited,4,50.0,2011-02-26,240
reserve_limited,5,50.0,2011-02-26,240
reserve_limited,6,40.0,2011-02-26,240
full_rearm,1,140.0,2011-02-27,241
full_rearm,2,140.0,2011-02-27,241
full_rearm,3,140.0,2011-02-27,241
full_rearm,4,140.0,2011-02-27,241
full_rearm,5,140.0,2011-02-27,241
full_rearm,6,140.0,2011-02-27,241
reserve_limited,1,140.0,2011-02-27,241
reserve_limited,2,90.0,2011-02-27,241
reserve_limited,3,70.0,2011-02-27,241
reserve_limited,4,50.0,2011-02-27,241
reserve_limited,5,50.0,2011-02-27,241
reserve_limited,6,40.0,2011-02-27,241
full_rearm,1,140.0,2011-02-28,242
full_rearm,2,140.0,2011-02-28,242
full_rearm,3,140.0,2011-02-28,242
full_rearm,4,140.0,2011-02-28,242
full_rearm,5,140.0,2011-02-28,242
full_rearm,6,140.0,2011-02-28,242
reserve_limited,1,140.0,2011-02-28,242
reserve_limited,2,90.0,2011-02-28,242
reserve_limited,3,70.0,2011-02-28,242
reserve_limited,4,50.0,2011-02-28,242
reserve_limited,5,50.0,2011-02-28,242
reserve_limited,6,40.0,2011-02-28,242
full_rearm,1,140.0,2011-03-25,267
full_rearm,2,140.0,2011-03-25,267
full_rearm,3,140.0,2011-03-25,267
full_rearm,4,140.0,2011-03-25,267
full_rearm,5,140.0,2011-03-25,267
full_rearm,6,140.0,2011-03-25,267
reserve_limited,1,140.0,2011-03-25,267
reserve_limited,2,90.0,2011-03-25,267
reserve_limited,3,70.0,2011-03-25,267
reserve_limited,4,50.0,2011-03-25,267
reserve_limited,5,50.0,2011-03-25,267
reserve_limited,6,40.0,2011-03-25,267
full_rearm,1,140.0,2011-03-26,268
full_rearm,2,140.0,2011-03-26,268
full_rearm,3,140.0,2011-03-26,268
full_rearm,4,140.0,2011-03-26,268
full_rearm,5,140.0,2011-03-26,268
full_rearm,6,140.0,2011-03-26,268
reserve_limited,1,140.0,2011-03-26,268
reserve_limited,2,90.0,2011-03-26,268
reserve_limited,3,70.0,2011-03-26,268
reserve_limited,4,50.0,2011-03-26,268
reserve_limited,5,50.0,2011-03-26,268
reserve_limited,6,40.0,2011-03-26,268
full_rearm,1,140.0,2011-03-27,269
full_rearm,2,140.0,2011-03-27,269
full_rearm,3,140.0,2011-03-27,269
full_rearm,4,140.0,2011-03-27,269
full_rearm,5,140.0,2011-03-27,269
full_rearm,6,140.0,2011-03-27,269
reserve_limited,1,140.0,2011-03-27,269
reserve_limited,2,90.0,2011-03-27,269
reserve_limited,3,70.0,2011-03-27,269
reserve_limited,4,50.0,2011-03-27,269
reserve_limited,5,50.0,2011-03-27,269
reserve_limited,6,40.0,2011-03-27,269
full_rearm,1,140.0,2011-03-28,270
full_rearm,2,140.0,2011-03-28,270
full_rearm,3,140.0,2011-03-28,270
full_rearm,4,140.0,2011-03-28,270
full_rearm,5,140.0,2011-03-28,270
full_rearm,6,140.0,2011-03-28,270
reserve_limited,1,140.0,2011-03-28,270
reserve_limited,2,90.0,2011-03-28,270
reserve_limited,3,70.0,2011-03-28,270
reserve_limited,4,50.0,2011-03-28,270
reserve_limited,5,50.0,2011-03-28,270
reserve_limited,6,40.0,2011-03-28,270
full_rearm,1,140.0,2011-03-29,271
full_rearm,2,140.0,2011-03-29,271
full_rearm,3,140.0,2011-03-29,271
full_rearm,4,140.0,2011-03-29,271
full_rearm,5,140.0,2011-03-29,271
full_rearm,6,140.0,2011-03-29,271
reserve_limited,1,140.0,2011-03-29,271
reserve_limited,2,90.0,2011-03-29,271
reserve_limited,3,70.0,2011-03-29,271
reserve_limited,4,50.0,2011-03-29,271
reserve_limited,5,50.0,2011-03-29,271
reserve_limited,6,40.0,2011-03-29,271
full_rearm,1,140.0,2011-03-30,272
full_rearm,2,140.0,2011-03-30,272
full_rearm,3,140.0,2011-03-30,272
full_rearm,4,140.0,2011-03-30,272
full_rearm,5,140.0,2011-03-30,272
full_rearm,6,140.0,2011-03-30,272
reserve_limited,1,140.0,2011-03-30,272
reserve_limited,2,90.0,2011-03-30,272
reserve_limited,3,70.0,2011-03-30,272
reserve_limited,4,50.0,2011-03-30,272
reserve_limited,5,50.0,2011-03-30,272
reserve_limited,6,40.0,2011-03-30,272
full_rearm,1,140.0,2011-03-31,273
full_rearm,2,140.0,2011-03-31,273
full_rearm,3,140.0,2011-03-31,273
full_rearm,4,140.0,2011-03-31,273
full_rearm,5,140.0,2011-03-31,273
full_rearm,6,140.0,2011-03-31,273
reserve_limited,1,140.0,2011-03-31,273
reserve_limited,2,90.0,2011-03-31,273
reserve_limited,3,70.0,2011-03-31,273
reserve_limited,4,50.0,2011-03-31,273
reserve_limited,5,50.0,2011-03-31,273
reserve_limited,6,40.0,2011-03-31,273
full_rearm,1,140.0,2011-04-25,298
full_rearm,2,140.0,2011-04-25,298
full_rearm,3,140.0,2011-04-25,298
full_rearm,4,140.0,2011-04-25,298
full_rearm,5,140.0,2011-04-25,298
full_rearm,6,140.0,2011-04-25,298
reserve_limited,1,140.0,2011-04-25,298
reserve_limited,2,90.0,2011-04-25,298
reserve_limited,3,70.0,2011-04-25,298
reserve_limited,4,50.0,2011-04-25,298
reserve_limited,5,50.0,2011-04-25,298
reserve_limited,6,40.0,2011-04-25,298
full_rearm,1,140.0,2011-04-26,299
full_rearm,2,140.0,2011-04-26,299
full_rearm,3,140.0,2011-04-26,299
full_rearm,4,140.0,2011-04-26,299
full_rearm,5,140.0,2011-04-26,299
full_rearm,6,140.0,2011-04-26,299
reserve_limited,1,140.0,2011-04-26,299
reserve_limited,2,90.0,2011-04-26,299
reserve_limited,3,70.0,2011-04-26,299
reserve_limited,4,50.0,2011-04-26,299
reserve_limited,5,50.0,2011-04-26,299
reserve_limited,6,40.0,2011-04-26,299
full_rearm,1,140.0,2011-04-27,300
full_rearm,2,140.0,2011-04-27,300
full_rearm,3,140.0,2011-04-27,300
full_rearm,4,140.0,2011-04-27,300
full_rearm,5,140.0,2011-04-27,300
full_rearm,6,140.0,2011-04-27,300
reserve_limited,1,140.0,2011-04-27,300
reserve_limited,2,90.0,2011-04-27,300
reserve_limited,3,70.0,2011-04-27,300
reserve_limited,4,50.0,2011-04-27,300
reserve_limited,5,50.0,2011-04-27,300
reserve_limited,6,40.0,2011-04-27,300
full_rearm,1,140.0,2011-04-28,301
full_rearm,2,140.0,2011-04-28,301
full_rearm,3,140.0,2011-04-28,301
full_rearm,4,140.0,2011-04-28,301
full_rearm,5,140.0,2011-04-28,301
full_rearm,6,140.0,2011-04-28,301
reserve_limited,1,140.0,2011-04-28,301
reserve_limited,2,90.0,2011-04-28,301
reserve_limited,3,70.0,2011-04-28,301
reserve_limited,4,50.0,2011-04-28,301
reserve_limited,5,50.0,2011-04-28,301
reserve_limited,6,40.0,2011-04-28,301
full_rearm,1,140.0,2011-04-29,302
full_rearm,2,140.0,2011-04-29,302
full_rearm,3,140.0,2011-04-29,302
full_rearm,4,140.0,2011-04-29,302
full_rearm,5,140.0,2011-04-29,302
full_rearm,6,140.0,2011-04-29,302
reserve_limited,1,140.0,2011-04-29,302
reserve_limited,2,90.0,2011-04-29,302
reserve_limited,3,70.0,2011-04-29,302
reserve_limited,4,50.0,2011-04-29,302
reserve_limited,5,50.0,2011-04-29,302
reserve_limited,6,40.0,2011-04-29,302
full_rearm,1,140.0,2011-04-30,303
full_rearm,2,140.0,2011-04-30,303
full_rearm,3,140.0,2011-04-30,303
full_rearm,4,140.0,2011-04-30,303
full_rearm,5,140.0,2011-04-30,303
full_rearm,6,140.0,2011-04-30,303
reserve_limited,1,140.0,2011-04-30,303
reserve_limited,2,90.0,2011-04-30,303
reserve_limited,3,70.0,2011-04-30,303
reserve_limited,4,50.0,2011-04-30,303
reserve_limited,5,50.0,2011-04-30,303
reserve_limited,6,40.0,2011-04-30,303
full_rearm,1,140.0,2011-05-25,328
full_rearm,2,140.0,2011-05-25,328
full_rearm,3,140.0,2011-05-25,328
full_rearm,4,140.0,2011-05-25,328
full_rearm,5,140.0,2011-05-25,328
full_rearm,6,140.0,2011-05-25,328
reserve_limited,1,140.0,2011-05-25,328
reserve_limited,2,90.0,2011-05-25,328
reserve_limited,3,70.0,2011-05-25,328
reserve_limited,4,50.0,2011-05-25,328
reserve_limited,5,50.0,2011-05-25,328
reserve_limited,6,40.0,2011-05-25,328
full_rearm,1,140.0,2011-05-26,329
full_rearm,2,140.0,2011-05-26,329
full_rearm,3,140.0,2011-05-26,329
full_rearm,4,140.0,2011-05-26,329
full_rearm,5,140.0,2011-05-26,329
full_rearm,6,140.0,2011-05-26,329
reserve_limited,1,140.0,2011-05-26,329
reserve_limited,2,90.0,2011-05-26,329
reserve_limited,3,70.0,2011-05-26,329
reserve_limited,4,50.0,2011-05-26,329
reserve_limited,5,50.0,2011-05-26,329
reserve_limited,6,40.0,2011-05-26,329
full_rearm,1,140.0,2011-05-27,330
full_rearm,2,140.0,2011-05-27,330
full_rearm,3,140.0,2011-05-27,330
full_rearm,4,140.0,2011-05-27,330
full_rearm,5,140.0,2011-05-27,330
full_rearm,6,140.0,2011-05-27,330
reserve_limited,1,140.0,2011-05-27,330
reserve_limited,2,90.0,2011-05-27,330
reserve_limited,3,70.0,2011-05-27,330
reserve_limited,4,50.0,2011-05-27,330
reserve_limited,5,50.0,2011-05-27,330
reserve_limited,6,40.0,2011-05-27,330
full_rearm,1,140.0,2011-05-28,331
full_rearm,2,140.0,2011-05-28,331
full_rearm,3,140.0,2011-05-28,331
full_rearm,4,140.0,2011-05-28,331
full_rearm,5,140.0,2011-05-28,331
full_rearm,6,140.0,2011-05-28,331
reserve_limited,1,140.0,2011-05-28,331
reserve_limited,2,90.0,2011-05-28,331
reserve_limited,3,70.0,2011-05-28,331
reserve_limited,4,50.0,2011-05-28,331
reserve_limited,5,50.0,2011-05-28,331
reserve_limited,6,40.0,2011-05-28,331
full_rearm,1,140.0,2011-05-29,332
full_rearm,2,140.0,2011-05-29,332
full_rearm,3,140.0,2011-05-29,332
full_rearm,4,140.0,2011-05-29,332
full_rearm,5,140.0,2011-05-29,332
full_rearm,6,140.0,2011-05-29,332
reserve_limited,1,140.0,2011-05-29,332
reserve_limited,2,90.0,2011-05-29,332
reserve_limited,3,70.0,2011-05-29,332
reserve_limited,4,50.0,2011-05-29,332
reserve_limited,5,50.0,2011-05-29,332
reserve_limited,6,40.0,2011-05-29,332
full_rearm,1,140.0,2011-05-30,333
full_rearm,2,140.0,2011-05-30,333
full_rearm,3,140.0,2011-05-30,333
full_rearm,4,140.0,2011-05-30,333
full_rearm,5,140.0,2011-05-30,333
full_rearm,6,140.0,2011-05-30,333
reserve_limited,1,140.0,2011-05-30,333
reserve_limited,2,90.0,2011-05-30,333
reserve_limited,3,70.0,2011-05-30,333
reserve_limited,4,50.0,2011-05-30,333
reserve_limited,5,50.0,2011-05-30,333
reserve_limited,6,40.0,2011-05-30,333
full_rearm,1,140.0,2011-05-31,334
full_rearm,2,140.0,2011-05-31,334
full_rearm,3,140.0,2011-05-31,334
full_rearm,4,140.0,2011-05-31,334
full_rearm,5,140.0,2011-05-31,334
full_rearm,6,140.0,2011-05-31,334
reserve_limited,1,140.0,2011-05-31,334
reserve_limited,2,90.0,2011-05-31,334
reserve_limited,3,70.0,2011-05-31,334
reserve_limited,4,50.0,2011-05-31,334
reserve_limited,5,50.0,2011-05-31,334
reserve_limited,6,40.0,2011-05-31,334
full_rearm,1,140.0,2011-06-25,359
full_rearm,2,140.0,2011-06-25,359
full_rearm,3,140.0,2011-06-25,359
full_rearm,4,140.0,2011-06-25,359
full_rearm,5,140.0,2011-06-25,359
full_rearm,6,140.0,2011-06-25,359
reserve_limited,1,140.0,2011-06-25,359
reserve_limited,2,90.0,2011-06-25,359
reserve_limited,3,70.0,2011-06-25,359
reserve_limited,4,50.0,2011-06-25,359
reserve_limited,5,50.0,2011-06-25,359
reserve_limited,6,40.0,2011-06-25,359
full_rearm,1,140.0,2011-06-26,360
full_rearm,2,140.0,2011-06-26,360
full_rearm,3,140.0,2011-06-26,360
full_rearm,4,140.0,2011-06-26,360
full_rearm,5,140.0,2011-06-26,360
full_rearm,6,140.0,2011-06-26,360
reserve_limited,1,140.0,2011-06-26,360
reserve_limited,2,90.0,2011-06-26,360
reserve_limited,3,70.0,2011-06-26,360
reserve_limited,4,50.0,2011-06-26,360
reserve_limited,5,50.0,2011-06-26,360
reserve_limited,6,40.0,2011-06-26,360
full_rearm,1,140.0,2011-06-27,361
full_rearm,2,140.0,2011-06-27,361
full_rearm,3,140.0,2011-06-27,361
full_rearm,4,140.0,2011-06-27,361
full_rearm,5,140.0,2011-06-27,361
full_rearm,6,140.0,2011-06-27,361
reserve_limited,1,140.0,2011-06-27,361
reserve_limited,2,90.0,2011-06-27,361
reserve_limited,3,70.0,2011-06-27,361
reserve_limited,4,50.0,2011-06-27,361
reserve_limited,5,50.0,2011-06-27,361
reserve_limited,6,40.0,2011-06-27,361
full_rearm,1,140.0,2011-06-28,362
full_rearm,2,140.0,2011-06-28,362
full_rearm,3,140.0,2011-06-28,362
full_rearm,4,140.0,2011-06-28,362
full_rearm,5,140.0,2011-06-28,362
full_rearm,6,140.0,2011-06-28,362
reserve_limited,1,140.0,2011-06-28,362
reserve_limited,2,90.0,2011-06-28,362
reserve_limited,3,70.0,2011-06-28,362
reserve_limited,4,50.0,2011-06-28,362
reserve_limited,5,50.0,2011-06-28,362
reserve_limited,6,40.0,2011-06-28,362
full_rearm,1,140.0,2011-06-29,363
full_rearm,2,140.0,2011-06-29,363
full_rearm,3,140.0,2011-06-29,363
full_rearm,4,140.0,2011-06-29,363
full_rearm,5,140.0,2011-06-29,363
full_rearm,6,140.0,2011-06-29,363
reserve_limited,1,140.0,2011-06-29,363
reserve_limited,2,90.0,2011-06-29,363
reserve_limited,3,70.0,2011-06-29,363
reserve_limited,4,50.0,2011-06-29,363
reserve_limited,5,50.0,2011-06-29,363
reserve_limited,6,40.0,2011-06-29,363
full_rearm,1,140.0,2011-06-30,364
full_rearm,2,140.0,2011-06-30,364
full_rearm,3,140.0,2011-06-30,364
full_rearm,4,140.0,2011-06-30,364
full_rearm,5,140.0,2011-06-30,364
full_rearm,6,140.0,2011-06-30,364
reserve_limited,1,140.0,2011-06-30,364
reserve_limited,2,90.0,2011-06-30,364
reserve_limited,3,70.0,2011-06-30,364
reserve_limited,4,50.0,2011-06-30,364
reserve_limited,5,50.0,2011-06-30,364
reserve_limited,6,40.0,2011-06-30,364
