scenario,season,customer,date,site,duration_h,recovery_h,telemetry,forecast_error,accepted,service_kw,soc_final,min_v_pu,max_v_pu,max_line_loading,mean_loss_kw
shoulder_1,shoulder,38,2011-05-02,634.1,0.25,1.0,0.0,0.0,1,148.2,0.6999999999999997,0.9907634532809887,1.039905996003772,0.780751715727173,31.076813926697252
shoulder_1,shoulder,38,2011-05-02,634.1,0.25,1.0,0.0,0.1,1,103.19999999999999,0.7000000000000002,0.9913755677429293,1.0437197053452176,0.8209634043462034,35.83499216916638
shoulder_1,shoulder,38,2011-05-02,634.1,0.25,1.0,0.5,0.0,1,148.2,0.6999999999999997,0.9907634532809887,1.039905996003772,0.780751715727173,31.076813926697252
shoulder_1,shoulder,38,2011-05-02,634.1,0.25,1.0,0.5,0.1,1,120.075,0.7000000000000002,0.989418394056741,1.0437202784027504,0.8385981324161347,36.583451868136635
shoulder_1,shoulder,38,2011-05-02,634.1,0.25,1.0,1.0,0.0,1,148.2,0.6999999999999997,0.9907634532809887,1.039905996003772,0.780751715727173,31.076813926697252
shoulder_1,shoulder,38,2011-05-02,634.1,0.25,1.0,1.0,0.1,1,136.95000000000002,0.7,0.9874397822490673,1.0437208429855378,0.8563603365382854,37.388468287086354
shoulder_1,shoulder,38,2011-05-02,634.1,0.25,4.0,0.0,0.0,1,148.2,0.7000000000000015,0.9907634532810521,1.0399059960037818,0.7807517157272887,32.18025171519579
shoulder_1,shoulder,38,2011-05-02,634.1,0.25,4.0,0.0,0.1,1,103.19999999999999,0.6999999999999993,0.9913755686832187,1.0437197042989788,0.8209634041540488,36.62607980054551
shoulder_1,shoulder,38,2011-05-02,634.1,0.25,4.0,0.5,0.0,1,148.2,0.7000000000000015,0.9907634532810521,1.0399059960037818,0.7807517157272887,32.18025171519579
shoulder_1,shoulder,38,2011-05-02,634.1,0.25,4.0,0.5,0.1,1,120.075,0.6999999999999984,0.989418394082026,1.0437202772460041,0.8385981324128383,37.53312616081633
shoulder_1,shoulder,38,2011-05-02,634.1,0.25,4.0,1.0,0.0,1,148.2,0.7000000000000015,0.9907634532810521,1.0399059960037818,0.7807517157272887,32.18025171519579
shoulder_1,shoulder,38,2011-05-02,634.1,0.25,4.0,1.0,0.1,1,136.95000000000002,0.7000000000000008,0.9874397822520599,1.0437208481020348,0.856360336537071,38.50296434495294
shoulder_1,shoulder,38,2011-05-02,634.1,1.0,1.0,0.0,0.0,1,135.0,0.7,0.9923060830566637,1.0394131641843962,0.7668008404721576,27.922148975563154
shoulder_1,shoulder,38,2011-05-02,634.1,1.0,1.0,0.0,0.1,1,103.19999999999999,0.7,0.9913755621229309,1.0437197096337734,0.820963405243191,33.48222787267578
shoulder_1,shoulder,38,2011-05-02,634.1,1.0,1.0,0.5,0.0,1,135.0,0.7,0.9923060830566637,1.0394131641843962,0.7668008404721576,27.922148975563154
shoulder_1,shoulder,38,2011-05-02,634.1,1.0,1.0,0.5,0.1,1,120.075,0.6999999999999997,0.9894183938296447,1.0437202730241726,0.8385981325687025,33.90106911608067
shoulder_1,shoulder,38,2011-05-02,634.1,1.0,1.0,1.0,0.0,1,135.0,0.7,0.9923060830566637,1.0394131641843962,0.7668008404721576,27.922148975563154
shoulder_1,shoulder,38,2011-05-02,634.1,1.0,1.0,1.0,0.1,1,135.0,0.7,0.9876695289100231,1.0437207778041466,0.8543013347170216,34.3418163942286
shoulder_1,shoulder,38,2011-05-02,634.1,1.0,4.0,0.0,0.0,1,148.2,0.6999999999999993,0.9907634532809887,1.0399059960037798,0.7807517157272522,31.07672770574867
shoulder_1,shoulder,38,2011-05-02,634.1,1.0,4.0,0.0,0.1,1,103.19999999999999,0.7000000000000008,0.9913755677370936,1.0437197053493759,0.8209634043469356,35.83524139473066
shoulder_1,shoulder,38,2011-05-02,634.1,1.0,4.0,0.5,0.0,1,148.2,0.6999999999999993,0.9907634532809887,1.0399059960037798,0.7807517157272522,31.07672770574867
shoulder_1,shoulder,38,2011-05-02,634.1,1.0,4.0,0.5,0.1,1,120.075,0.7000000000000004,0.9894183940566101,1.0437202784075457,0.8385981324161507,36.58388191822284
shoulder_1,shoulder,38,2011-05-02,634.1,1.0,4.0,1.0,0.0,1,148.2,0.6999999999999993,0.9907634532809887,1.0399059960037798,0.7807517157272522,31.07672770574867
shoulder_1,shoulder,38,2011-05-02,634.1,1.0,4.0,1.0,0.1,1,136.95000000000002,0.7,0.9874397822490506,1.0437208429861218,0.8563603365382885,37.38829267169647
shoulder_1,shoulder,38,2011-05-02,645.2,0.25,1.0,0.0,0.0,1,148.2,0.6999999999999997,1.000027672749921,1.037488616324536,0.7338638520706826,28.712738227126373
shoulder_1,shoulder,38,2011-05-02,645.2,0.25,1.0,0.0,0.1,1,103.19999999999999,0.7000000000000002,1.0000153311729219,1.043717916782642,0.8136722279071931,34.128359259483354
shoulder_1,shoulder,38,2011-05-02,645.2,0.25,1.0,0.5,0.0,1,148.2,0.6999999999999997,1.000027672749921,1.037488616324536,0.7338638520706826,28.712738227126373
shoulder_1,shoulder,38,2011-05-02,645.2,0.25,1.0,0.5,0.1,1,120.075,0.7000000000000002,1.000015167848063,1.04371813655714,0.8137423766645233,34.49983530134268
shoulder_1,shoulder,38,2011-05-02,645.2,0.25,1.0,1.0,0.0,1,148.2,0.6999999999999997,1.000027672749921,1.037488616324536,0.7338638520706826,28.712738227126373
shoulder_1,shoulder,38,2011-05-02,645.2,0.25,1.0,1.0,0.1,1,136.95000000000002,0.7,1.0000150044625373,1.0437183561798422,0.8138125536822447,34.8932532200872
shoulder_1,shoulder,38,2011-05-02,645.2,0.25,4.0,0.0,0.0,1,148.2,0.7000000000000015,1.000028749032644,1.0374871729541464,0.7334297533836265,29.32222315577501
shoulder_1,shoulder,38,2011-05-02,645.2,0.25,4.0,0.0,0.1,1,103.19999999999999,0.6999999999999993,1.0000160789020665,1.043716909817928,0.8133369339391386,34.55851911384804
shoulder_1,shoulder,38,2011-05-02,645.2,0.25,4.0,0.5,0.0,1,148.2,0.7000000000000015,1.000028749032644,1.0374871729541464,0.7334297533836265,29.32222315577501
shoulder_1,shoulder,38,2011-05-02,645.2,0.25,4.0,0.5,0.1,1,120.075,0.6999999999999984,1.000016038048417,1.0437169654428355,0.8133521660303394,35.01185616294697
shoulder_1,shoulder,38,2011-05-02,645.2,0.25,4.0,1.0,0.0,1,148.2,0.7000000000000015,1.000028749032644,1.0374871729541464,0.7334297533836265,29.32222315577501
shoulder_1,shoulder,38,2011-05-02,645.2,0.25,4.0,1.0,0.1,1,136.95000000000002,0.7000000000000008,1.0000159971913922,1.0437170210578834,0.813367401916871,35.48966580741506
shoulder_1,shoulder,38,2011-05-02,645.2,1.0,1.0,0.0,0.0,1,135.0,0.7,1.0000238579826297,1.038203827530225,0.7354359641764003,26.797906886895618
shoulder_1,shoulder,38,2011-05-02,645.2,1.0,1.0,0.0,0.1,1,103.19999999999999,0.7,1.0000123276201975,1.0437219129349178,0.8150530831685533,32.72724273193233
shoulder_1,shoulder,38,2011-05-02,645.2,1.0,1.0,0.5,0.0,1,135.0,0.7,1.0000238579826297,1.038203827530225,0.7354359641764003,26.797906886895618
shoulder_1,shoulder,38,2011-05-02,645.2,1.0,1.0,0.5,0.1,1,120.075,0.6999999999999997,1.0000116699765502,1.043722778185959,0.8153494730201785,32.894459246025484
shoulder_1,shoulder,38,2011-05-02,645.2,1.0,1.0,1.0,0.0,1,135.0,0.7,1.0000238579826297,1.038203827530225,0.7354359641764003,26.797906886895618
shoulder_1,shoulder,38,2011-05-02,645.2,1.0,1.0,1.0,0.1,1,135.0,0.7,1.000011087540702,1.0437235414871933,0.815611738378713,33.092323675154546
shoulder_1,shoulder,38,2011-05-02,645.2,1.0,4.0,0.0,0.0,1,148.2,0.6999999999999993,1.000027672749921,1.037488616324536,0.7338889036345703,28.712776524030904
shoulder_1,shoulder,38,2011-05-02,645.2,1.0,4.0,0.0,0.1,1,103.19999999999999,0.7000000000000008,1.0000153311729219,1.043717916782642,0.813695614106727,34.12837577886376
shoulder_1,shoulder,38,2011-05-02,645.2,1.0,4.0,0.5,0.0,1,148.2,0.6999999999999993,1.000027672749921,1.037488616324536,0.7338889036345703,28.712776524030904
shoulder_1,shoulder,38,2011-05-02,645.2,1.0,4.0,0.5,0.1,1,120.075,0.7000000000000004,1.000015167848063,1.04371813655714,0.8137695188329961,34.49986261509525
shoulder_1,shoulder,38,2011-05-02,645.2,1.0,4.0,1.0,0.0,1,148.2,0.6999999999999993,1.000027672749921,1.037488616324536,0.7338889036345703,28.712776524030904
shoulder_1,shoulder,38,2011-05-02,645.2,1.0,4.0,1.0,0.1,1,136.95000000000002,0.7,1.0000150044625373,1.0437183561798422,0.8138434335435204,34.893294872185095
shoulder_2,shoulder,136,2010-09-06,634.1,0.25,1.0,0.0,0.0,1,148.2,0.6999999999999997,0.9856556026516616,1.0437055830009234,0.8667677120124873,39.192291959916744
shoulder_2,shoulder,136,2010-09-06,634.1,0.25,1.0,0.0,0.1,1,103.19999999999999,0.7000000000000002,0.9920714851855897,1.0499298630786644,0.9622310146240316,46.20435183000506
shoulder_2,shoulder,136,2010-09-06,634.1,0.25,1.0,0.5,0.0,1,148.2,0.6999999999999997,0.9856556026516616,1.0437055830009234,0.8667677120124873,39.192291959916744
shoulder_2,shoulder,136,2010-09-06,634.1,0.25,1.0,0.5,0.1,1,120.075,0.7000000000000002,0.9901023893603539,1.0499304341912363,0.9623533468868026,46.99769992467512
shoulder_2,shoulder,136,2010-09-06,634.1,0.25,1.0,1.0,0.0,1,148.2,0.6999999999999997,0.9856556026516616,1.0437055830009234,0.8667677120124873,39.192291959916744
shoulder_2,shoulder,136,2010-09-06,634.1,0.25,1.0,1.0,0.1,1,136.95000000000002,0.7,0.9881117189685479,1.0499309935042525,0.9624744295347375,47.848583334637496
shoulder_2,shoulder,136,2010-09-06,634.1,0.25,4.0,0.0,0.0,1,148.2,0.7000000000000015,0.9856556026517299,1.0437055827960022,0.8667677120241559,40.380991557548484
shoulder_2,shoulder,136,2010-09-06,634.1,0.25,4.0,0.0,0.1,1,103.19999999999999,0.6999999999999993,0.9920714865840828,1.049929861504965,0.9622310147572588,47.064190339675896
shoulder_2,shoulder,136,2010-09-06,634.1,0.25,4.0,0.5,0.0,1,148.2,0.7000000000000015,0.9856556026517299,1.0437055827960022,0.8667677120241559,40.380991557548484
shoulder_2,shoulder,136,2010-09-06,634.1,0.25,4.0,0.5,0.1,1,120.075,0.6999999999999984,0.9901023894239475,1.0499304324301488,0.9623533470590756,48.02758633593687
shoulder_2,shoulder,136,2010-09-06,634.1,0.25,4.0,1.0,0.0,1,148.2,0.7000000000000015,0.9856556026517299,1.0437055827960022,0.8667677120241559,40.380991557548484
shoulder_2,shoulder,136,2010-09-06,634.1,0.25,4.0,1.0,0.1,1,136.95000000000002,0.7000000000000008,0.9881117189756309,1.049930993227065,0.9624744295586573,49.05460253484668
shoulder_2,shoulder,136,2010-09-06,634.1,1.0,1.0,0.0,0.0,1,135.0,0.7,0.9872171461174862,1.0437051388303924,0.8666895301749034,35.71507205710064
shoulder_2,shoulder,136,2010-09-06,634.1,1.0,1.0,0.0,0.1,1,103.19999999999999,0.7,0.9920714764096696,1.0499298695339214,0.9622310145437182,43.57210636188593
shoulder_2,shoulder,136,2010-09-06,634.1,1.0,1.0,0.5,0.0,1,135.0,0.7,0.9872171461174862,1.0437051388303924,0.8666895301749034,35.71507205710064
shoulder_2,shoulder,136,2010-09-06,634.1,1.0,1.0,0.5,0.1,1,120.075,0.6999999999999997,0.9901023882587814,1.0499304262552565,0.9623533470299016,43.990689206056786
shoulder_2,shoulder,136,2010-09-06,634.1,1.0,1.0,1.0,0.0,1,135.0,0.7,0.9872171461174862,1.0437051388303924,0.8666895301749034,35.71507205710064
shoulder_2,shoulder,136,2010-09-06,634.1,1.0,1.0,1.0,0.1,1,135.0,0.7,0.9883428661982521,1.0499309290536145,0.9624605024503101,44.444812107844186
shoulder_2,shoulder,136,2010-09-06,634.1,1.0,4.0,0.0,0.0,1,148.2,0.6999999999999993,0.9856556026516614,1.043705583001687,0.8667677120241559,39.192158607543554
shoulder_2,shoulder,136,2010-09-06,634.1,1.0,4.0,0.0,0.1,1,103.19999999999999,0.7000000000000008,0.9920714851673476,1.0499298630883085,0.9622310147572588,46.20472288251885
shoulder_2,shoulder,136,2010-09-06,634.1,1.0,4.0,0.5,0.0,1,148.2,0.6999999999999993,0.9856556026516614,1.043705583001687,0.8667677120241559,39.192158607543554
shoulder_2,shoulder,136,2010-09-06,634.1,1.0,4.0,0.5,0.1,1,120.075,0.7000000000000004,0.990102389359858,1.0499304342023958,0.9623533470590756,46.998303201443626
shoulder_2,shoulder,136,2010-09-06,634.1,1.0,4.0,1.0,0.0,1,148.2,0.6999999999999993,0.9856556026516614,1.043705583001687,0.8667677120241559,39.192158607543554
shoulder_2,shoulder,136,2010-09-06,634.1,1.0,4.0,1.0,0.1,1,136.95000000000002,0.7,0.9881117189684746,1.0499309935057901,0.9624744295586595,47.84830788033636
shoulder_2,shoulder,136,2010-09-06,645.2,0.25,1.0,0.0,0.0,1,148.2,0.6999999999999997,1.0000105833811985,1.0437100983877525,0.8664132632346186,36.81934403844497
shoulder_2,shoulder,136,2010-09-06,645.2,0.25,1.0,0.0,0.1,1,103.19999999999999,0.7000000000000002,0.9985619874266599,1.049927800142909,0.9619874733828111,44.57592611182081
shoulder_2,shoulder,136,2010-09-06,645.2,0.25,1.0,0.5,0.0,1,148.2,0.6999999999999997,1.0000105833811985,1.0437100983877525,0.8664132632346186,36.81934403844497
shoulder_2,shoulder,136,2010-09-06,645.2,0.25,1.0,0.5,0.1,1,120.075,0.7000000000000002,0.9981709459856518,1.0499280205975912,0.9620678767569427,44.986610255141485
shoulder_2,shoulder,136,2010-09-06,645.2,0.25,1.0,1.0,0.0,1,148.2,0.6999999999999997,1.0000105833811985,1.0437100983877525,0.8664132632346186,36.81934403844497
shoulder_2,shoulder,136,2010-09-06,645.2,0.25,1.0,1.0,0.1,1,136.95000000000002,0.7,0.9977809412807901,1.0499282408994184,0.9621483108970588,45.41947529753642
shoulder_2,shoulder,136,2010-09-06,645.2,0.25,4.0,0.0,0.0,1,148.2,0.7000000000000015,1.0000112685647842,1.0437100975844824,0.8659000073766078,37.518555511720265
shoulder_2,shoulder,136,2010-09-06,645.2,0.25,4.0,0.0,0.1,1,103.19999999999999,0.6999999999999993,0.9985619874226096,1.049926791975007,0.9615959718580409,45.067545993559904
shoulder_2,shoulder,136,2010-09-06,645.2,0.25,4.0,0.5,0.0,1,148.2,0.7000000000000015,1.0000112685647842,1.0437100975844824,0.8659000073766078,37.518555511720265
shoulder_2,shoulder,136,2010-09-06,645.2,0.25,4.0,0.5,0.1,1,120.075,0.6999999999999984,0.998170945980835,1.0499268480864226,0.9616122606366919,45.5701862381747
shoulder_2,shoulder,136,2010-09-06,645.2,0.25,4.0,1.0,0.0,1,148.2,0.7000000000000015,1.0000112685647842,1.0437100975844824,0.8659000073766078,37.518555511720265
shoulder_2,shoulder,136,2010-09-06,645.2,0.25,4.0,1.0,0.1,1,136.95000000000002,0.7000000000000008,0.9977809412751777,1.0499269041878023,0.961628553788825,46.09739734542651
shoulder_2,shoulder,136,2010-09-06,645.2,1.0,1.0,0.0,0.0,1,135.0,0.7,0.9998314687869966,1.0437096357163058,0.8682903334231428,34.5513522722847
shoulder_2,shoulder,136,2010-09-06,645.2,1.0,1.0,0.0,0.1,1,103.19999999999999,0.7,0.9985619874292359,1.0499318008531189,0.9636179359361084,42.9210804143231
shoulder_2,shoulder,136,2010-09-06,645.2,1.0,1.0,0.5,0.0,1,135.0,0.7,0.9998314687869966,1.0437096357163058,0.8682903334231428,34.5513522722847
shoulder_2,shoulder,136,2010-09-06,645.2,1.0,1.0,0.5,0.1,1,120.075,0.6999999999999997,0.9981067389892508,1.0499326674682337,0.963965212570318,43.086084615678985
shoulder_2,shoulder,136,2010-09-06,645.2,1.0,1.0,1.0,0.0,1,135.0,0.7,0.9998314687869966,1.0437096357163058,0.8682903334231428,34.5513522722847
shoulder_2,shoulder,136,2010-09-06,645.2,1.0,1.0,1.0,0.1,1,135.0,0.7,0.9976329686751287,1.049933431960413,0.9642724440328194,43.294701449316605
shoulder_2,shoulder,136,2010-09-06,645.2,1.0,4.0,0.0,0.0,1,148.2,0.6999999999999993,1.0000105833811985,1.0437100983898844,0.8664558252527015,36.819390546996104
shoulder_2,shoulder,136,2010-09-06,645.2,1.0,4.0,0.0,0.1,1,103.19999999999999,0.7000000000000008,0.9985619874226096,1.049927800142909,0.9620264408569942,44.57593974048994
shoulder_2,shoulder,136,2010-09-06,645.2,1.0,4.0,0.5,0.0,1,148.2,0.6999999999999993,1.0000105833811985,1.0437100983898844,0.8664558252527015,36.819390546996104
shoulder_2,shoulder,136,2010-09-06,645.2,1.0,4.0,0.5,0.1,1,120.075,0.7000000000000004,0.998170945980835,1.0499280205975912,0.9621131279492127,44.9866392958986
shoulder_2,shoulder,136,2010-09-06,645.2,1.0,4.0,1.0,0.0,1,148.2,0.6999999999999993,1.0000105833811985,1.0437100983898844,0.8664558252527015,36.819390546996104
shoulder_2,shoulder,136,2010-09-06,645.2,1.0,4.0,1.0,0.1,1,136.95000000000002,0.7,0.9977809412751777,1.0499282408994184,0.9621998219470416,45.41952449773816
shoulder_3,shoulder,220,2011-03-22,634.1,0.25,1.0,0.0,0.0,1,148.2,0.6999999999999997,0.9871920486901796,1.0499183369598837,1.0035862186169273,48.824495262021685
shoulder_3,shoulder,220,2011-03-22,634.1,0.25,1.0,0.0,0.1,0,0.0,0.7,,,,
shoulder_3,shoulder,220,2011-03-22,634.1,0.25,1.0,0.5,0.0,1,148.2,0.6999999999999997,0.9871920486901796,1.0499183369598837,1.0035862186169273,48.824495262021685
shoulder_3,shoulder,220,2011-03-22,634.1,0.25,1.0,0.5,0.1,0,0.0,0.7,,,,
shoulder_3,shoulder,220,2011-03-22,634.1,0.25,1.0,1.0,0.0,1,148.2,0.6999999999999997,0.9871920486901796,1.0499183369598837,1.0035862186169273,48.824495262021685
shoulder_3,shoulder,220,2011-03-22,634.1,0.25,1.0,1.0,0.1,0,0.0,0.7,,,,
shoulder_3,shoulder,220,2011-03-22,634.1,0.25,4.0,0.0,0.0,1,148.2,0.7000000000000015,0.9871920486958018,1.0499183366284275,1.003586218651879,50.08332434733576
shoulder_3,shoulder,220,2011-03-22,634.1,0.25,4.0,0.0,0.1,0,0.0,0.7,,,,
shoulder_3,shoulder,220,2011-03-22,634.1,0.25,4.0,0.5,0.0,1,148.2,0.7000000000000015,0.9871920486958018,1.0499183366284275,1.003586218651879,50.08332434733576
shoulder_3,shoulder,220,2011-03-22,634.1,0.25,4.0,0.5,0.1,0,0.0,0.7,,,,
shoulder_3,shoulder,220,2011-03-22,634.1,0.25,4.0,1.0,0.0,1,148.2,0.7000000000000015,0.9871920486958018,1.0499183366284275,1.003586218651879,50.08332434733576
shoulder_3,shoulder,220,2011-03-22,634.1,0.25,4.0,1.0,0.1,0,0.0,0.7,,,,
shoulder_3,shoulder,220,2011-03-22,634.1,1.0,1.0,0.0,0.0,1,135.0,0.7,0.9887596120251544,1.0499178943611995,1.0034813608591715,45.06704239994275
shoulder_3,shoulder,220,2011-03-22,634.1,1.0,1.0,0.0,0.1,0,0.0,0.7,,,,
shoulder_3,shoulder,220,2011-03-22,634.1,1.0,1.0,0.5,0.0,1,135.0,0.7,0.9887596120251544,1.0499178943611995,1.0034813608591715,45.06704239994275
shoulder_3,shoulder,220,2011-03-22,634.1,1.0,1.0,0.5,0.1,0,0.0,0.7,,,,
shoulder_3,shoulder,220,2011-03-22,634.1,1.0,1.0,1.0,0.0,1,135.0,0.7,0.9887596120251544,1.0499178943611995,1.0034813608591715,45.06704239994275
shoulder_3,shoulder,220,2011-03-22,634.1,1.0,1.0,1.0,0.1,0,0.0,0.7,,,,
shoulder_3,shoulder,220,2011-03-22,634.1,1.0,4.0,0.0,0.0,1,148.2,0.6999999999999993,0.9871920486900848,1.0499183369617204,1.003586218651879,48.824285374698285
shoulder_3,shoulder,220,2011-03-22,634.1,1.0,4.0,0.0,0.1,0,0.0,0.7,,,,
shoulder_3,shoulder,220,2011-03-22,634.1,1.0,4.0,0.5,0.0,1,148.2,0.6999999999999993,0.9871920486900848,1.0499183369617204,1.003586218651879,48.824285374698285
shoulder_3,shoulder,220,2011-03-22,634.1,1.0,4.0,0.5,0.1,0,0.0,0.7,,,,
shoulder_3,shoulder,220,2011-03-22,634.1,1.0,4.0,1.0,0.0,1,148.2,0.6999999999999993,0.9871920486900848,1.0499183369617204,1.003586218651879,48.824285374698285
shoulder_3,shoulder,220,2011-03-22,634.1,1.0,4.0,1.0,0.1,0,0.0,0.7,,,,
shoulder_3,shoulder,220,2011-03-22,645.2,0.25,1.0,0.0,0.0,1,148.2,0.6999999999999997,0.9994469000902154,1.049915355864249,1.0031362289807009,46.52395794732352
shoulder_3,shoulder,220,2011-03-22,645.2,0.25,1.0,0.0,0.1,0,0.0,0.7,,,,
shoulder_3,shoulder,220,2011-03-22,645.2,0.25,1.0,0.5,0.0,1,148.2,0.6999999999999997,0.9994469000902154,1.049915355864249,1.0031362289807009,46.52395794732352
shoulder_3,shoulder,220,2011-03-22,645.2,0.25,1.0,0.5,0.1,0,0.0,0.7,,,,
shoulder_3,shoulder,220,2011-03-22,645.2,0.25,1.0,1.0,0.0,1,148.2,0.6999999999999997,0.9994469000902154,1.049915355864249,1.0031362289807009,46.52395794732352
shoulder_3,shoulder,220,2011-03-22,645.2,0.25,1.0,1.0,0.1,0,0.0,0.7,,,,
shoulder_3,shoulder,220,2011-03-22,645.2,0.25,4.0,0.0,0.0,1,148.2,0.7000000000000015,0.9994469000812738,1.0499139050966666,1.0025509057829676,47.30736835738349
shoulder_3,shoulder,220,2011-03-22,645.2,0.25,4.0,0.0,0.1,0,0.0,0.7,,,,
shoulder_3,shoulder,220,2011-03-22,645.2,0.25,4.0,0.5,0.0,1,148.2,0.7000000000000015,0.9994469000812738,1.0499139050966666,1.0025509057829676,47.30736835738349
shoulder_3,shoulder,220,2011-03-22,645.2,0.25,4.0,0.5,0.1,0,0.0,0.7,,,,
shoulder_3,shoulder,220,2011-03-22,645.2,0.25,4.0,1.0,0.0,1,148.2,0.7000000000000015,0.9994469000812738,1.0499139050966666,1.0025509057829676,47.30736835738349
shoulder_3,shoulder,220,2011-03-22,645.2,0.25,4.0,1.0,0.1,0,0.0,0.7,,,,
shoulder_3,shoulder,220,2011-03-22,645.2,1.0,1.0,0.0,0.0,1,135.0,0.7,0.9970722654840242,1.0499204157912834,1.0053031886821784,43.91780816385774
shoulder_3,shoulder,220,2011-03-22,645.2,1.0,1.0,0.0,0.1,0,0.0,0.7,,,,
shoulder_3,shoulder,220,2011-03-22,645.2,1.0,1.0,0.5,0.0,1,135.0,0.7,0.9970722654840242,1.0499204157912834,1.0053031886821784,43.91780816385774
shoulder_3,shoulder,220,2011-03-22,645.2,1.0,1.0,0.5,0.1,0,0.0,0.7,,,,
shoulder_3,shoulder,220,2011-03-22,645.2,1.0,1.0,1.0,0.0,1,135.0,0.7,0.9970722654840242,1.0499204157912834,1.0053031886821784,43.91780816385774
shoulder_3,shoulder,220,2011-03-22,645.2,1.0,1.0,1.0,0.1,0,0.0,0.7,,,,
shoulder_3,shoulder,220,2011-03-22,645.2,1.0,4.0,0.0,0.0,1,148.2,0.6999999999999993,0.9994469000812738,1.0499153558642493,1.00320250508467,46.52401127228696
shoulder_3,shoulder,220,2011-03-22,645.2,1.0,4.0,0.0,0.1,0,0.0,0.7,,,,
shoulder_3,shoulder,220,2011-03-22,645.2,1.0,4.0,0.5,0.0,1,148.2,0.6999999999999993,0.9994469000812738,1.0499153558642493,1.00320250508467,46.52401127228696
shoulder_3,shoulder,220,2011-03-22,645.2,1.0,4.0,0.5,0.1,0,0.0,0.7,,,,
shoulder_3,shoulder,220,2011-03-22,645.2,1.0,4.0,1.0,0.0,1,148.2,0.6999999999999993,0.9994469000812738,1.0499153558642493,1.00320250508467,46.52401127228696
shoulder_3,shoulder,220,2011-03-22,645.2,1.0,4.0,1.0,0.1,0,0.0,0.7,,,,
shoulder_4,shoulder,57,2011-04-25,634.1,0.25,1.0,0.0,0.0,1,148.2,0.6999999999999997,0.9830475263581461,1.049922905311759,1.0385807966387377,55.15199707029448
shoulder_4,shoulder,57,2011-04-25,634.1,0.25,1.0,0.0,0.1,0,0.0,0.7,,,,
shoulder_4,shoulder,57,2011-04-25,634.1,0.25,1.0,0.5,0.0,1,148.2,0.6999999999999997,0.9830475263581461,1.049922905311759,1.0385807966387377,55.15199707029448
shoulder_4,shoulder,57,2011-04-25,634.1,0.25,1.0,0.5,0.1,0,0.0,0.7,,,,
shoulder_4,shoulder,57,2011-04-25,634.1,0.25,1.0,1.0,0.0,1,148.2,0.6999999999999997,0.9830475263581461,1.049922905311759,1.0385807966387377,55.15199707029448
shoulder_4,shoulder,57,2011-04-25,634.1,0.25,1.0,1.0,0.1,0,0.0,0.7,,,,
shoulder_4,shoulder,57,2011-04-25,634.1,0.25,4.0,0.0,0.0,1,148.2,0.7000000000000015,0.9830475263583544,1.0499229049747896,1.0385807966400664,56.60316016424519
shoulder_4,shoulder,57,2011-04-25,634.1,0.25,4.0,0.0,0.1,0,0.0,0.7,,,,
shoulder_4,shoulder,57,2011-04-25,634.1,0.25,4.0,0.5,0.0,1,148.2,0.7000000000000015,0.9830475263583544,1.0499229049747896,1.0385807966400664,56.60316016424519
shoulder_4,shoulder,57,2011-04-25,634.1,0.25,4.0,0.5,0.1,0,0.0,0.7,,,,
shoulder_4,shoulder,57,2011-04-25,634.1,0.25,4.0,1.0,0.0,1,148.2,0.7000000000000015,0.9830475263583544,1.0499229049747896,1.0385807966400664,56.60316016424519
shoulder_4,shoulder,57,2011-04-25,634.1,0.25,4.0,1.0,0.1,0,0.0,0.7,,,,
shoulder_4,shoulder,57,2011-04-25,634.1,1.0,1.0,0.0,0.0,1,135.0,0.7,0.9846335671817772,1.0499224667321254,1.0246846281618491,50.640441886648034
shoulder_4,shoulder,57,2011-04-25,634.1,1.0,1.0,0.0,0.1,0,0.0,0.7,,,,
shoulder_4,shoulder,57,2011-04-25,634.1,1.0,1.0,0.5,0.0,1,135.0,0.7,0.9846335671817772,1.0499224667321254,1.0246846281618491,50.640441886648034
shoulder_4,shoulder,57,2011-04-25,634.1,1.0,1.0,0.5,0.1,0,0.0,0.7,,,,
shoulder_4,shoulder,57,2011-04-25,634.1,1.0,1.0,1.0,0.0,1,135.0,0.7,0.9846335671817772,1.0499224667321254,1.0246846281618491,50.640441886648034
shoulder_4,shoulder,57,2011-04-25,634.1,1.0,1.0,1.0,0.1,0,0.0,0.7,,,,
shoulder_4,shoulder,57,2011-04-25,634.1,1.0,4.0,0.0,0.0,1,148.2,0.6999999999999993,0.9830475263581436,1.049922905314214,1.038580796640098,55.151581399449825
shoulder_4,shoulder,57,2011-04-25,634.1,1.0,4.0,0.0,0.1,0,0.0,0.7,,,,
shoulder_4,shoulder,57,2011-04-25,634.1,1.0,4.0,0.5,0.0,1,148.2,0.6999999999999993,0.9830475263581436,1.049922905314214,1.038580796640098,55.151581399449825
shoulder_4,shoulder,57,2011-04-25,634.1,1.0,4.0,0.5,0.1,0,0.0,0.7,,,,
shoulder_4,shoulder,57,2011-04-25,634.1,1.0,4.0,1.0,0.0,1,148.2,0.6999999999999993,0.9830475263581436,1.049922905314214,1.038580796640098,55.151581399449825
shoulder_4,shoulder,57,2011-04-25,634.1,1.0,4.0,1.0,0.1,0,0.0,0.7,,,,
shoulder_4,shoulder,57,2011-04-25,645.2,0.25,1.0,0.0,0.0,1,148.2,0.6999999999999997,0.9955001316502607,1.0499202888460266,1.0023534366550395,51.75137278099338
shoulder_4,shoulder,57,2011-04-25,645.2,0.25,1.0,0.0,0.1,0,0.0,0.7,,,,
shoulder_4,shoulder,57,2011-04-25,645.2,0.25,1.0,0.5,0.0,1,148.2,0.6999999999999997,0.9955001316502607,1.0499202888460266,1.0023534366550395,51.75137278099338
shoulder_4,shoulder,57,2011-04-25,645.2,0.25,1.0,0.5,0.1,0,0.0,0.7,,,,
shoulder_4,shoulder,57,2011-04-25,645.2,0.25,1.0,1.0,0.0,1,148.2,0.6999999999999997,0.9955001316502607,1.0499202888460266,1.0023534366550395,51.75137278099338
shoulder_4,shoulder,57,2011-04-25,645.2,0.25,1.0,1.0,0.1,0,0.0,0.7,,,,
shoulder_4,shoulder,57,2011-04-25,645.2,0.25,4.0,0.0,0.0,1,148.2,0.7000000000000015,0.996388250612136,1.0499188514691675,1.001767742798092,52.492599331121305
shoulder_4,shoulder,57,2011-04-25,645.2,0.25,4.0,0.0,0.1,0,0.0,0.7,,,,
shoulder_4,shoulder,57,2011-04-25,645.2,0.25,4.0,0.5,0.0,1,148.2,0.7000000000000015,0.996388250612136,1.0499188514691675,1.001767742798092,52.492599331121305
shoulder_4,shoulder,57,2011-04-25,645.2,0.25,4.0,0.5,0.1,0,0.0,0.7,,,,
shoulder_4,shoulder,57,2011-04-25,645.2,0.25,4.0,1.0,0.0,1,148.2,0.7000000000000015,0.996388250612136,1.0499188514691675,1.001767742798092,52.492599331121305
shoulder_4,shoulder,57,2011-04-25,645.2,0.25,4.0,1.0,0.1,0,0.0,0.7,,,,
shoulder_4,shoulder,57,2011-04-25,645.2,1.0,1.0,0.0,0.0,1,135.0,0.7,0.9923823061497835,1.0499253025148378,1.0045124618146262,49.30604739940571
shoulder_4,shoulder,57,2011-04-25,645.2,1.0,1.0,0.0,0.1,0,0.0,0.7,,,,
shoulder_4,shoulder,57,2011-04-25,645.2,1.0,1.0,0.5,0.0,1,135.0,0.7,0.9923823061497835,1.0499253025148378,1.0045124618146262,49.30604739940571
shoulder_4,shoulder,57,2011-04-25,645.2,1.0,1.0,0.5,0.1,0,0.0,0.7,,,,
shoulder_4,shoulder,57,2011-04-25,645.2,1.0,1.0,1.0,0.0,1,135.0,0.7,0.9923823061497835,1.0499253025148378,1.0045124618146262,49.30604739940571
shoulder_4,shoulder,57,2011-04-25,645.2,1.0,1.0,1.0,0.1,0,0.0,0.7,,,,
shoulder_4,shoulder,57,2011-04-25,645.2,1.0,4.0,0.0,0.0,1,148.2,0.6999999999999993,0.9954943106161985,1.0499202888460268,1.0024136672085546,51.75146231616377
shoulder_4,shoulder,57,2011-04-25,645.2,1.0,4.0,0.0,0.1,0,0.0,0.7,,,,
shoulder_4,shoulder,57,2011-04-25,645.2,1.0,4.0,0.5,0.0,1,148.2,0.6999999999999993,0.9954943106161985,1.0499202888460268,1.0024136672085546,51.75146231616377
shoulder_4,shoulder,57,2011-04-25,645.2,1.0,4.0,0.5,0.1,0,0.0,0.7,,,,
shoulder_4,shoulder,57,2011-04-25,645.2,1.0,4.0,1.0,0.0,1,148.2,0.6999999999999993,0.9954943106161985,1.0499202888460268,1.0024136672085546,51.75146231616377
shoulder_4,shoulder,57,2011-04-25,645.2,1.0,4.0,1.0,0.1,0,0.0,0.7,,,,
summer_1,summer,153,2010-12-09,634.1,0.25,1.0,0.0,0.0,1,148.2,0.6999999999999997,0.9907117088239679,1.0399912428386249,0.7822467319654062,31.146872571405265
summer_1,summer,153,2010-12-09,634.1,0.25,1.0,0.0,0.1,1,103.19999999999999,0.7000000000000002,0.9913252629982238,1.0437196539427833,0.8223683383718382,35.910162861886036
summer_1,summer,153,2010-12-09,634.1,0.25,1.0,0.5,0.0,1,148.2,0.6999999999999997,0.9907117088239679,1.0399912428386249,0.7822467319654062,31.146872571405265
summer_1,summer,153,2010-12-09,634.1,0.25,1.0,0.5,0.1,1,120.075,0.7000000000000002,0.9893678212127583,1.0437202269379902,0.8400059989578539,36.65955513521157
summer_1,summer,153,2010-12-09,634.1,0.25,1.0,1.0,0.0,1,148.2,0.6999999999999997,0.9907117088239679,1.0399912428386249,0.7822467319654062,31.146872571405265
summer_1,summer,153,2010-12-09,634.1,0.25,1.0,1.0,0.1,1,136.95000000000002,0.7,0.9873889360868858,1.0437207914546198,0.8577710657604852,37.46552505298761
summer_1,summer,153,2010-12-09,634.1,0.25,4.0,0.0,0.0,1,148.2,0.7000000000000015,0.9907117088240373,1.039991242838635,0.7822467319655193,32.25238951953817
summer_1,summer,153,2010-12-09,634.1,0.25,4.0,0.0,0.1,1,103.19999999999999,0.6999999999999993,0.9913252639261119,1.0437196528956583,0.8223683381794104,36.70264140480771
summer_1,summer,153,2010-12-09,634.1,0.25,4.0,0.5,0.0,1,148.2,0.7000000000000015,0.9907117088240373,1.039991242838635,0.7822467319655193,32.25238951953817
summer_1,summer,153,2010-12-09,634.1,0.25,4.0,0.5,0.1,1,120.075,0.6999999999999984,0.9893678212379747,1.0437202257803344,0.8400059989545363,37.6108548377165
summer_1,summer,153,2010-12-09,634.1,0.25,4.0,1.0,0.0,1,148.2,0.7000000000000015,0.9907117088240373,1.039991242838635,0.7822467319655193,32.25238951953817
summer_1,summer,153,2010-12-09,634.1,0.25,4.0,1.0,0.1,1,136.95000000000002,0.7000000000000008,0.9873889360897296,1.0437207965733952,0.8577710657592754,38.581874694906546
summer_1,summer,153,2010-12-09,634.1,1.0,1.0,0.0,0.0,1,135.0,0.7,0.9922545574582163,1.0394983422238009,0.7682936108146353,27.984068255102404
summer_1,summer,153,2010-12-09,634.1,1.0,1.0,0.0,0.1,1,103.19999999999999,0.7,0.991325257417526,1.0437196582351447,0.8223683392712076,33.55181990096318
summer_1,summer,153,2010-12-09,634.1,1.0,1.0,0.5,0.0,1,135.0,0.7,0.9922545574582163,1.0394983422238009,0.7682936108146353,27.984068255102404
summer_1,summer,153,2010-12-09,634.1,1.0,1.0,0.5,0.1,1,120.075,0.6999999999999997,0.9893678210042061,1.0437202215568342,0.8400059991102089,33.97069368867229
summer_1,summer,153,2010-12-09,634.1,1.0,1.0,1.0,0.0,1,135.0,0.7,0.9922545574582163,1.0394983422238009,0.7682936108146353,27.984068255102404
summer_1,summer,153,2010-12-09,634.1,1.0,1.0,1.0,0.1,1,135.0,0.7,0.98761871460798,1.043720726281511,0.855711736354161,34.41173970835564
summer_1,summer,153,2010-12-09,634.1,1.0,4.0,0.0,0.0,1,148.2,0.6999999999999993,0.9907117088239681,1.0399912428386338,0.7822467319654859,31.14678520558895
summer_1,summer,153,2010-12-09,634.1,1.0,4.0,0.0,0.1,1,103.19999999999999,0.7000000000000008,0.9913252629923891,1.0437196539469644,0.8223683383725789,35.910412740108484
summer_1,summer,153,2010-12-09,634.1,1.0,4.0,0.5,0.0,1,148.2,0.6999999999999993,0.9907117088239681,1.0399912428386338,0.7822467319654859,31.14678520558895
summer_1,summer,153,2010-12-09,634.1,1.0,4.0,0.5,0.1,1,120.075,0.7000000000000004,0.9893678212126261,1.0437202269428114,0.8400059989578721,36.659986509730814
summer_1,summer,153,2010-12-09,634.1,1.0,4.0,1.0,0.0,1,148.2,0.6999999999999993,0.9907117088239681,1.0399912428386338,0.7822467319654859,31.14678520558895
summer_1,summer,153,2010-12-09,634.1,1.0,4.0,1.0,0.1,1,136.95000000000002,0.7,0.9873889360868696,1.0437207914552071,0.8577710657604871,37.46534776746889
summer_1,summer,153,2010-12-09,645.2,0.25,1.0,0.0,0.0,1,148.2,0.6999999999999997,1.0000275714673572,1.0374885784703265,0.7341720544878086,28.77375508690833
summer_1,summer,153,2010-12-09,645.2,0.25,1.0,0.0,0.1,1,103.19999999999999,0.7000000000000002,1.0000152276377396,1.0437178657256787,0.8140186268509609,34.197209370179806
summer_1,summer,153,2010-12-09,645.2,0.25,1.0,0.5,0.0,1,148.2,0.6999999999999997,1.0000275714673572,1.0374885784703265,0.7341720544878086,28.77375508690833
summer_1,summer,153,2010-12-09,645.2,0.25,1.0,0.5,0.1,1,120.075,0.7000000000000002,1.0000150643063117,1.0437180854798573,0.8140888085758532,34.56861377806738
summer_1,summer,153,2010-12-09,645.2,0.25,1.0,1.0,0.0,1,148.2,0.6999999999999997,1.0000275714673572,1.0374885784703265,0.7341720544878086,28.77375508690833
summer_1,summer,153,2010-12-09,645.2,0.25,1.0,1.0,0.1,1,136.95000000000002,0.7,1.0000149009142598,1.043718305082258,0.8141590185616147,34.96195710723575
summer_1,summer,153,2010-12-09,645.2,0.25,4.0,0.0,0.0,1,148.2,0.7000000000000015,1.0000286477939277,1.0374871352465218,0.7337377405473064,29.383042490927973
summer_1,summer,153,2010-12-09,645.2,0.25,4.0,0.0,0.1,1,103.19999999999999,0.6999999999999993,1.000015975390657,1.0437168588571475,0.8136831789521934,34.62727648502472
summer_1,summer,153,2010-12-09,645.2,0.25,4.0,0.5,0.0,1,148.2,0.7000000000000015,1.0000286477939277,1.0374871352465218,0.7337377405473064,29.383042490927973
summer_1,summer,153,2010-12-09,645.2,0.25,4.0,0.5,0.1,1,120.075,0.6999999999999984,1.0000159345341935,1.0437169144774012,0.8136984188288702,35.08052523030777
summer_1,summer,153,2010-12-09,645.2,0.25,4.0,1.0,0.0,1,148.2,0.7000000000000015,1.0000286477939277,1.0374871352465218,0.7337377405473064,29.383042490927973
summer_1,summer,153,2010-12-09,645.2,0.25,4.0,1.0,0.1,1,136.95000000000002,0.7000000000000008,1.0000158936743606,1.0437169700877953,0.8137136624981229,35.558243371274
summer_1,summer,153,2010-12-09,645.2,1.0,1.0,0.0,0.0,1,135.0,0.7,1.0000237565622077,1.0382879808200358,0.7357449207295587,26.859643521294835
summer_1,summer,153,2010-12-09,645.2,1.0,1.0,0.0,0.1,1,103.19999999999999,0.7,1.0000122239986224,1.043721861497215,0.8154001037739214,32.79643003229682
summer_1,summer,153,2010-12-09,645.2,1.0,1.0,0.5,0.0,1,135.0,0.7,1.0000237565622077,1.0382879808200358,0.7357449207295587,26.859643521294835
summer_1,summer,153,2010-12-09,645.2,1.0,1.0,0.5,0.1,1,120.075,0.6999999999999997,1.0000115663364273,1.0437227266666773,0.8156966280003402,32.96362705846392
summer_1,summer,153,2010-12-09,645.2,1.0,1.0,1.0,0.0,1,135.0,0.7,1.0000237565622077,1.0382879808200358,0.7357449207295587,26.859643521294835
summer_1,summer,153,2010-12-09,645.2,1.0,1.0,1.0,0.1,1,135.0,0.7,1.0000109838847033,1.043723489896006,0.8159590121501991,33.16145978359926
summer_1,summer,153,2010-12-09,645.2,1.0,4.0,0.0,0.0,1,148.2,0.6999999999999993,1.0000275714673572,1.0374885784703265,0.7341971049087376,28.77379363400483
summer_1,summer,153,2010-12-09,645.2,1.0,4.0,0.0,0.1,1,103.19999999999999,0.7000000000000008,1.0000152276377396,1.0437178657256787,0.814042017504932,34.197226148947024
summer_1,summer,153,2010-12-09,645.2,1.0,4.0,0.5,0.0,1,148.2,0.6999999999999993,1.0000275714673572,1.0374885784703265,0.7341971049087376,28.77379363400483
summer_1,summer,153,2010-12-09,645.2,1.0,4.0,0.5,0.1,1,120.075,0.7000000000000004,1.0000150643063117,1.0437180854798573,0.8141159559102804,34.56864137374111
summer_1,summer,153,2010-12-09,645.2,1.0,4.0,1.0,0.0,1,148.2,0.6999999999999993,1.0000275714673572,1.0374885784703265,0.7341971049087376,28.77379363400483
summer_1,summer,153,2010-12-09,645.2,1.0,4.0,1.0,0.1,1,136.95000000000002,0.7,1.0000149009142598,1.043718305082258,0.8141899042954686,34.96199905975354
summer_2,summer,271,2011-01-25,634.1,0.25,1.0,0.0,0.0,1,148.2,0.6999999999999997,0.9856328567264466,1.043705441832355,0.8673124844485659,39.231856134992924
summer_2,summer,271,2011-01-25,634.1,0.25,1.0,0.0,0.1,1,103.19999999999999,0.7000000000000002,0.992045609823838,1.0499297059195782,0.9628391002947915,46.25444329622527
summer_2,summer,271,2011-01-25,634.1,0.25,1.0,0.5,0.0,1,148.2,0.6999999999999997,0.9856328567264466,1.043705441832355,0.8673124844485659,39.231856134992924
summer_2,summer,271,2011-01-25,634.1,0.25,1.0,0.5,0.1,1,120.075,0.7000000000000002,0.9900763886579049,1.0499302770041432,0.9629615853268624,47.04806742937759
summer_2,summer,271,2011-01-25,634.1,0.25,1.0,1.0,0.0,1,148.2,0.6999999999999997,0.9856328567264466,1.043705441832355,0.8673124844485659,39.231856134992924
summer_2,summer,271,2011-01-25,634.1,0.25,1.0,1.0,0.1,1,136.95000000000002,0.7,0.9880855902549731,1.0499308362747393,0.9630828201988838,47.89923585551255
summer_2,summer,271,2011-01-25,634.1,0.25,4.0,0.0,0.0,1,148.2,0.7000000000000015,0.9856328567265151,1.0437054416270184,0.8673124844602919,40.421029715649915
summer_2,summer,271,2011-01-25,634.1,0.25,4.0,0.0,0.1,1,103.19999999999999,0.6999999999999993,0.9920456112204039,1.0499297043435345,0.9628391004286897,47.114682554020504
summer_2,summer,271,2011-01-25,634.1,0.25,4.0,0.5,0.0,1,148.2,0.7000000000000015,0.9856328567265151,1.0437054416270184,0.8673124844602919,40.421029715649915
summer_2,summer,271,2011-01-25,634.1,0.25,4.0,0.5,0.1,1,120.075,0.6999999999999984,0.9900763887216648,1.0499302752403772,0.9629615854999528,48.07842311354807
summer_2,summer,271,2011-01-25,634.1,0.25,4.0,1.0,0.0,1,148.2,0.7000000000000015,0.9856328567265151,1.0437054416270184,0.8673124844602919,40.421029715649915
summer_2,summer,271,2011-01-25,634.1,0.25,4.0,1.0,0.1,1,136.95000000000002,0.7000000000000008,0.9880855902620815,1.049930835996993,0.9630828202229402,49.10579086256492
summer_2,summer,271,2011-01-25,634.1,1.0,1.0,0.0,0.0,1,135.0,0.7,0.9871944876493131,1.0437049976829642,0.8672341899812459,35.75281907033721
summer_2,summer,271,2011-01-25,634.1,1.0,1.0,0.0,0.1,1,103.19999999999999,0.7,0.9920456010474402,1.049929712384515,0.9628391002140622,43.62062027235766
summer_2,summer,271,2011-01-25,634.1,1.0,1.0,0.5,0.0,1,135.0,0.7,0.9871944876493131,1.0437049976829642,0.8672341899812459,35.75281907033721
summer_2,summer,271,2011-01-25,634.1,1.0,1.0,0.5,0.1,1,120.075,0.6999999999999997,0.9900763875574453,1.0499302690573367,0.9629615854706288,44.0392269714979
summer_2,summer,271,2011-01-25,634.1,1.0,1.0,1.0,0.0,1,135.0,0.7,0.9871944876493131,1.0437049976829642,0.8672341899812459,35.75281907033721
summer_2,summer,271,2011-01-25,634.1,1.0,1.0,1.0,0.1,1,135.0,0.7,0.9883167524176074,1.0499307718297803,0.9630688755525171,44.49344521785417
summer_2,summer,271,2011-01-25,634.1,1.0,4.0,0.0,0.0,1,148.2,0.6999999999999993,0.9856328567264463,1.0437054418331217,0.8673124844602919,39.23172245243303
summer_2,summer,271,2011-01-25,634.1,1.0,4.0,0.0,0.1,1,103.19999999999999,0.7000000000000008,0.9920456098055253,1.0499297059292552,0.9628391004286897,46.25481501994018
summer_2,summer,271,2011-01-25,634.1,1.0,4.0,0.5,0.0,1,148.2,0.6999999999999993,0.9856328567264463,1.0437054418331217,0.8673124844602919,39.23172245243303
summer_2,summer,271,2011-01-25,634.1,1.0,4.0,0.5,0.1,1,120.075,0.7000000000000004,0.9900763886574064,1.0499302770153405,0.9629615854999528,47.048671691227085
summer_2,summer,271,2011-01-25,634.1,1.0,4.0,1.0,0.0,1,148.2,0.6999999999999993,0.9856328567264463,1.0437054418331217,0.8673124844602919,39.23172245243303
summer_2,summer,271,2011-01-25,634.1,1.0,4.0,1.0,0.1,1,136.95000000000002,0.7,0.9880855902548991,1.0499308362762834,0.9630828202229402,47.898959784195746
summer_2,summer,271,2011-01-25,645.2,0.25,1.0,0.0,0.0,1,148.2,0.6999999999999997,1.0000105107536992,1.0437099879245868,0.8669569090284657,36.858272434290065
summer_2,summer,271,2011-01-25,645.2,0.25,1.0,0.0,0.1,1,103.19999999999999,0.7000000000000002,0.9985335912646065,1.0499276431223785,0.9625949132650437,44.625372717904355
summer_2,summer,271,2011-01-25,645.2,0.25,1.0,0.5,0.0,1,148.2,0.6999999999999997,1.0000105107536992,1.0437099879245868,0.8669569090284657,36.858272434290065
summer_2,summer,271,2011-01-25,645.2,0.25,1.0,0.5,0.1,1,120.075,0.7000000000000002,0.9981425459432416,1.0499278635731155,0.9626753594310141,45.036212108992736
summer_2,summer,271,2011-01-25,645.2,0.25,1.0,1.0,0.0,1,148.2,0.6999999999999997,1.0000105107536992,1.0437099879245868,0.8669569090284657,36.858272434290065
summer_2,summer,271,2011-01-25,645.2,0.25,1.0,1.0,0.1,1,136.95000000000002,0.7,0.9977525374030624,1.0499280838709908,0.9627558363770342,45.46923420305964
summer_2,summer,271,2011-01-25,645.2,0.25,4.0,0.0,0.0,1,148.2,0.7000000000000015,1.0000111826445452,1.0437099871205486,0.8664433284898447,37.55780343496495
summer_2,summer,271,2011-01-25,645.2,0.25,4.0,0.0,0.1,1,103.19999999999999,0.6999999999999993,0.9985335912605344,1.049926634981575,0.9622031727778892,45.117229469791724
summer_2,summer,271,2011-01-25,645.2,0.25,4.0,0.5,0.0,1,148.2,0.7000000000000015,1.0000111826445452,1.0437099871205486,0.8664433284898447,37.55780343496495
summer_2,summer,271,2011-01-25,645.2,0.25,4.0,0.5,0.1,1,120.075,0.6999999999999984,0.9981425459383968,1.049926691093497,0.9622194652329644,45.62006435301916
summer_2,summer,271,2011-01-25,645.2,0.25,4.0,1.0,0.0,1,148.2,0.7000000000000015,1.0000111826445452,1.0437099871205486,0.8664433284898447,37.55780343496495
summer_2,summer,271,2011-01-25,645.2,0.25,4.0,1.0,0.1,1,136.95000000000002,0.7000000000000008,0.997752537397418,1.0499267471953826,0.9622357620643346,46.147471522657106
summer_2,summer,271,2011-01-25,645.2,1.0,1.0,0.0,0.0,1,135.0,0.7,0.9997908813467176,1.0437095252708823,0.8688352439023405,34.58901965456083
summer_2,summer,271,2011-01-25,645.2,1.0,1.0,0.0,0.1,1,103.19999999999999,0.7,0.9985335912671967,1.0499316437226036,0.9642264479281941,42.9695648889129
summer_2,summer,271,2011-01-25,645.2,1.0,1.0,0.5,0.0,1,135.0,0.7,0.9997908813467176,1.0437095252708823,0.8688352439023405,34.58901965456083
summer_2,summer,271,2011-01-25,645.2,1.0,1.0,0.5,0.1,1,120.075,0.6999999999999997,0.9980605101892022,1.0499325103154067,0.9645739420082995,43.13456821637554
summer_2,summer,271,2011-01-25,645.2,1.0,1.0,1.0,0.0,1,135.0,0.7,0.9997908813467176,1.0437095252708823,0.8688352439023405,34.58901965456083
summer_2,summer,271,2011-01-25,645.2,1.0,1.0,1.0,0.1,1,135.0,0.7,0.9975867255009948,1.049933274787758,0.9648813656487236,43.34323143295774
summer_2,summer,271,2011-01-25,645.2,1.0,4.0,0.0,0.0,1,148.2,0.6999999999999993,1.0000105107536992,1.0437099879267229,0.8669995513945997,36.85831899665084
summer_2,summer,271,2011-01-25,645.2,1.0,4.0,0.0,0.1,1,103.19999999999999,0.7000000000000008,0.9985335912605344,1.0499276431223785,0.9626339533227913,44.62538635403263
summer_2,summer,271,2011-01-25,645.2,1.0,4.0,0.5,0.0,1,148.2,0.6999999999999993,1.0000105107536992,1.0437099879267229,0.8669995513945997,36.85831899665084
summer_2,summer,271,2011-01-25,645.2,1.0,4.0,0.5,0.1,1,120.075,0.7000000000000004,0.9981425459383968,1.0499278635731155,0.9627206949872533,45.036241177447174
summer_2,summer,271,2011-01-25,645.2,1.0,4.0,1.0,0.0,1,148.2,0.6999999999999993,1.0000105107536992,1.0437099879267229,0.8669995513945997,36.85831899665084
summer_2,summer,271,2011-01-25,645.2,1.0,4.0,1.0,0.1,1,136.95000000000002,0.7,0.997752537397418,1.0499280838709908,0.9628074435466665,45.46928346476273
summer_3,summer,245,2011-01-26,634.1,0.25,1.0,0.0,0.0,1,148.2,0.6999999999999997,0.9871820790969451,1.0499184099246115,1.0033859850533065,48.83186568317726
summer_3,summer,245,2011-01-26,634.1,0.25,1.0,0.0,0.1,0,0.0,0.7,,,,
summer_3,summer,245,2011-01-26,634.1,0.25,1.0,0.5,0.0,1,148.2,0.6999999999999997,0.9871820790969451,1.0499184099246115,1.0033859850533065,48.83186568317726
summer_3,summer,245,2011-01-26,634.1,0.25,1.0,0.5,0.1,0,0.0,0.7,,,,
summer_3,summer,245,2011-01-26,634.1,0.25,1.0,1.0,0.0,1,148.2,0.6999999999999997,0.9871820790969451,1.0499184099246115,1.0033859850533065,48.83186568317726
summer_3,summer,245,2011-01-26,634.1,0.25,1.0,1.0,0.1,0,0.0,0.7,,,,
summer_3,summer,245,2011-01-26,634.1,0.25,4.0,0.0,0.0,1,148.2,0.7000000000000015,0.9871820791025407,1.049918409593323,1.003385985088232,50.091380981065925
summer_3,summer,245,2011-01-26,634.1,0.25,4.0,0.0,0.1,0,0.0,0.7,,,,
summer_3,summer,245,2011-01-26,634.1,0.25,4.0,0.5,0.0,1,148.2,0.7000000000000015,0.9871820791025407,1.049918409593323,1.003385985088232,50.091380981065925
summer_3,summer,245,2011-01-26,634.1,0.25,4.0,0.5,0.1,0,0.0,0.7,,,,
summer_3,summer,245,2011-01-26,634.1,0.25,4.0,1.0,0.0,1,148.2,0.7000000000000015,0.9871820791025407,1.049918409593323,1.003385985088232,50.091380981065925
summer_3,summer,245,2011-01-26,634.1,0.25,4.0,1.0,0.1,0,0.0,0.7,,,,
summer_3,summer,245,2011-01-26,634.1,1.0,1.0,0.0,0.0,1,135.0,0.7,0.9887496919364814,1.0499179673357577,1.003281191431371,45.07170487030137
summer_3,summer,245,2011-01-26,634.1,1.0,1.0,0.0,0.1,0,0.0,0.7,,,,
summer_3,summer,245,2011-01-26,634.1,1.0,1.0,0.5,0.0,1,135.0,0.7,0.9887496919364814,1.0499179673357577,1.003281191431371,45.07170487030137
summer_3,summer,245,2011-01-26,634.1,1.0,1.0,0.5,0.1,0,0.0,0.7,,,,
summer_3,summer,245,2011-01-26,634.1,1.0,1.0,1.0,0.0,1,135.0,0.7,0.9887496919364814,1.0499179673357577,1.003281191431371,45.07170487030137
summer_3,summer,245,2011-01-26,634.1,1.0,1.0,1.0,0.1,0,0.0,0.7,,,,
summer_3,summer,245,2011-01-26,634.1,1.0,4.0,0.0,0.0,1,148.2,0.6999999999999993,0.9871820790968504,1.0499184099264476,1.003385985088232,48.83165535894904
summer_3,summer,245,2011-01-26,634.1,1.0,4.0,0.0,0.1,0,0.0,0.7,,,,
summer_3,summer,245,2011-01-26,634.1,1.0,4.0,0.5,0.0,1,148.2,0.6999999999999993,0.9871820790968504,1.0499184099264476,1.003385985088232,48.83165535894904
summer_3,summer,245,2011-01-26,634.1,1.0,4.0,0.5,0.1,0,0.0,0.7,,,,
summer_3,summer,245,2011-01-26,634.1,1.0,4.0,1.0,0.0,1,148.2,0.6999999999999993,0.9871820790968504,1.0499184099264476,1.003385985088232,48.83165535894904
summer_3,summer,245,2011-01-26,634.1,1.0,4.0,1.0,0.1,0,0.0,0.7,,,,
summer_3,summer,245,2011-01-26,645.2,0.25,1.0,0.0,0.0,1,148.2,0.6999999999999997,0.9994234896298569,1.0499154288606571,1.0029365916241781,46.52737584581824
summer_3,summer,245,2011-01-26,645.2,0.25,1.0,0.0,0.1,0,0.0,0.7,,,,
summer_3,summer,245,2011-01-26,645.2,0.25,1.0,0.5,0.0,1,148.2,0.6999999999999997,0.9994234896298569,1.0499154288606571,1.0029365916241781,46.52737584581824
summer_3,summer,245,2011-01-26,645.2,0.25,1.0,0.5,0.1,0,0.0,0.7,,,,
summer_3,summer,245,2011-01-26,645.2,0.25,1.0,1.0,0.0,1,148.2,0.6999999999999997,0.9994234896298569,1.0499154288606571,1.0029365916241781,46.52737584581824
summer_3,summer,245,2011-01-26,645.2,0.25,1.0,1.0,0.1,0,0.0,0.7,,,,
summer_3,summer,245,2011-01-26,645.2,0.25,4.0,0.0,0.0,1,148.2,0.7000000000000015,0.9994234896209331,1.0499139781436595,1.0023513783632478,47.310471773297124
summer_3,summer,245,2011-01-26,645.2,0.25,4.0,0.0,0.1,0,0.0,0.7,,,,
summer_3,summer,245,2011-01-26,645.2,0.25,4.0,0.5,0.0,1,148.2,0.7000000000000015,0.9994234896209331,1.0499139781436595,1.0023513783632478,47.310471773297124
summer_3,summer,245,2011-01-26,645.2,0.25,4.0,0.5,0.1,0,0.0,0.7,,,,
summer_3,summer,245,2011-01-26,645.2,0.25,4.0,1.0,0.0,1,148.2,0.7000000000000015,0.9994234896209331,1.0499139781436595,1.0023513783632478,47.310471773297124
summer_3,summer,245,2011-01-26,645.2,0.25,4.0,1.0,0.1,0,0.0,0.7,,,,
summer_3,summer,245,2011-01-26,645.2,1.0,1.0,0.0,0.0,1,135.0,0.7,0.9970650505294024,1.0499204886153037,1.00510306196414,43.922440500582994
summer_3,summer,245,2011-01-26,645.2,1.0,1.0,0.0,0.1,0,0.0,0.7,,,,
summer_3,summer,245,2011-01-26,645.2,1.0,1.0,0.5,0.0,1,135.0,0.7,0.9970650505294024,1.0499204886153037,1.00510306196414,43.922440500582994
summer_3,summer,245,2011-01-26,645.2,1.0,1.0,0.5,0.1,0,0.0,0.7,,,,
summer_3,summer,245,2011-01-26,645.2,1.0,1.0,1.0,0.0,1,135.0,0.7,0.9970650505294024,1.0499204886153037,1.00510306196414,43.922440500582994
summer_3,summer,245,2011-01-26,645.2,1.0,1.0,1.0,0.1,0,0.0,0.7,,,,
summer_3,summer,245,2011-01-26,645.2,1.0,4.0,0.0,0.0,1,148.2,0.6999999999999993,0.9994234896209331,1.0499154288606571,1.0030028009280998,46.52742922476
summer_3,summer,245,2011-01-26,645.2,1.0,4.0,0.0,0.1,0,0.0,0.7,,,,
summer_3,summer,245,2011-01-26,645.2,1.0,4.0,0.5,0.0,1,148.2,0.6999999999999993,0.9994234896209331,1.0499154288606571,1.0030028009280998,46.52742922476
summer_3,summer,245,2011-01-26,645.2,1.0,4.0,0.5,0.1,0,0.0,0.7,,,,
summer_3,summer,245,2011-01-26,645.2,1.0,4.0,1.0,0.0,1,148.2,0.6999999999999993,0.9994234896209331,1.0499154288606571,1.0030028009280998,46.52742922476
summer_3,summer,245,2011-01-26,645.2,1.0,4.0,1.0,0.1,0,0.0,0.7,,,,
summer_4,summer,70,2011-01-04,634.1,0.25,1.0,0.0,0.0,1,148.2,0.6999999999999997,0.9831294774008624,1.049923350030113,1.0371652639566493,54.986047754443085
summer_4,summer,70,2011-01-04,634.1,0.25,1.0,0.0,0.1,0,0.0,0.7,,,,
summer_4,summer,70,2011-01-04,634.1,0.25,1.0,0.5,0.0,1,148.2,0.6999999999999997,0.9831294774008624,1.049923350030113,1.0371652639566493,54.986047754443085
summer_4,summer,70,2011-01-04,634.1,0.25,1.0,0.5,0.1,0,0.0,0.7,,,,
summer_4,summer,70,2011-01-04,634.1,0.25,1.0,1.0,0.0,1,148.2,0.6999999999999997,0.9831294774008624,1.049923350030113,1.0371652639566493,54.986047754443085
summer_4,summer,70,2011-01-04,634.1,0.25,1.0,1.0,0.1,0,0.0,0.7,,,,
summer_4,summer,70,2011-01-04,634.1,0.25,4.0,0.0,0.0,1,148.2,0.7000000000000015,0.9831294774010678,1.0499233496950129,1.0371652639579494,56.43524105932429
summer_4,summer,70,2011-01-04,634.1,0.25,4.0,0.0,0.1,0,0.0,0.7,,,,
summer_4,summer,70,2011-01-04,634.1,0.25,4.0,0.5,0.0,1,148.2,0.7000000000000015,0.9831294774010678,1.0499233496950129,1.0371652639579494,56.43524105932429
summer_4,summer,70,2011-01-04,634.1,0.25,4.0,0.5,0.1,0,0.0,0.7,,,,
summer_4,summer,70,2011-01-04,634.1,0.25,4.0,1.0,0.0,1,148.2,0.7000000000000015,0.9831294774010678,1.0499233496950129,1.0371652639579494,56.43524105932429
summer_4,summer,70,2011-01-04,634.1,0.25,4.0,1.0,0.1,0,0.0,0.7,,,,
summer_4,summer,70,2011-01-04,634.1,1.0,1.0,0.0,0.0,1,135.0,0.7,0.9847151924120243,1.0499229113709452,1.023269103451733,50.48208008025931
summer_4,summer,70,2011-01-04,634.1,1.0,1.0,0.0,0.1,0,0.0,0.7,,,,
summer_4,summer,70,2011-01-04,634.1,1.0,1.0,0.5,0.0,1,135.0,0.7,0.9847151924120243,1.0499229113709452,1.023269103451733,50.48208008025931
summer_4,summer,70,2011-01-04,634.1,1.0,1.0,0.5,0.1,0,0.0,0.7,,,,
summer_4,summer,70,2011-01-04,634.1,1.0,1.0,1.0,0.0,1,135.0,0.7,0.9847151924120243,1.0499229113709452,1.023269103451733,50.48208008025931
summer_4,summer,70,2011-01-04,634.1,1.0,1.0,1.0,0.1,0,0.0,0.7,,,,
summer_4,summer,70,2011-01-04,634.1,1.0,4.0,0.0,0.0,1,148.2,0.6999999999999993,0.98312947740086,1.0499233500325424,1.0371652639579836,54.985634805775
summer_4,summer,70,2011-01-04,634.1,1.0,4.0,0.0,0.1,0,0.0,0.7,,,,
summer_4,summer,70,2011-01-04,634.1,1.0,4.0,0.5,0.0,1,148.2,0.6999999999999993,0.98312947740086,1.0499233500325424,1.0371652639579836,54.985634805775
summer_4,summer,70,2011-01-04,634.1,1.0,4.0,0.5,0.1,0,0.0,0.7,,,,
summer_4,summer,70,2011-01-04,634.1,1.0,4.0,1.0,0.0,1,148.2,0.6999999999999993,0.98312947740086,1.0499233500325424,1.0371652639579836,54.985634805775
summer_4,summer,70,2011-01-04,634.1,1.0,4.0,1.0,0.1,0,0.0,0.7,,,,
summer_4,summer,70,2011-01-04,645.2,0.25,1.0,0.0,0.0,1,148.2,0.6999999999999997,0.9956393092501485,1.0499207324469233,1.000606766445994,51.59031819329938
summer_4,summer,70,2011-01-04,645.2,0.25,1.0,0.0,0.1,0,0.0,0.7,,,,
summer_4,summer,70,2011-01-04,645.2,0.25,1.0,0.5,0.0,1,148.2,0.6999999999999997,0.9956393092501485,1.0499207324469233,1.000606766445994,51.59031819329938
summer_4,summer,70,2011-01-04,645.2,0.25,1.0,0.5,0.1,0,0.0,0.7,,,,
summer_4,summer,70,2011-01-04,645.2,0.25,1.0,1.0,0.0,1,148.2,0.6999999999999997,0.9956393092501485,1.0499207324469233,1.000606766445994,51.59031819329938
summer_4,summer,70,2011-01-04,645.2,0.25,1.0,1.0,0.1,0,0.0,0.7,,,,
summer_4,summer,70,2011-01-04,645.2,0.25,4.0,0.0,0.0,1,148.2,0.7000000000000015,0.9965273721806912,1.0499192949367044,1.0000220460115163,52.33063793683431
summer_4,summer,70,2011-01-04,645.2,0.25,4.0,0.0,0.1,0,0.0,0.7,,,,
summer_4,summer,70,2011-01-04,645.2,0.25,4.0,0.5,0.0,1,148.2,0.7000000000000015,0.9965273721806912,1.0499192949367044,1.0000220460115163,52.33063793683431
summer_4,summer,70,2011-01-04,645.2,0.25,4.0,0.5,0.1,0,0.0,0.7,,,,
summer_4,summer,70,2011-01-04,645.2,0.25,4.0,1.0,0.0,1,148.2,0.7000000000000015,0.9965273721806912,1.0499192949367044,1.0000220460115163,52.33063793683431
summer_4,summer,70,2011-01-04,645.2,0.25,4.0,1.0,0.1,0,0.0,0.7,,,,
summer_4,summer,70,2011-01-04,645.2,1.0,1.0,0.0,0.0,1,135.0,0.7,0.9925217289874543,1.0499257465966574,1.0027618963115468,49.148584885475344
summer_4,summer,70,2011-01-04,645.2,1.0,1.0,0.0,0.1,0,0.0,0.7,,,,
summer_4,summer,70,2011-01-04,645.2,1.0,1.0,0.5,0.0,1,135.0,0.7,0.9925217289874543,1.0499257465966574,1.0027618963115468,49.148584885475344
summer_4,summer,70,2011-01-04,645.2,1.0,1.0,0.5,0.1,0,0.0,0.7,,,,
summer_4,summer,70,2011-01-04,645.2,1.0,1.0,1.0,0.0,1,135.0,0.7,0.9925217289874543,1.0499257465966574,1.0027618963115468,49.148584885475344
summer_4,summer,70,2011-01-04,645.2,1.0,1.0,1.0,0.1,0,0.0,0.7,,,,
summer_4,summer,70,2011-01-04,645.2,1.0,4.0,0.0,0.0,1,148.2,0.6999999999999993,0.9956335192553483,1.049920732446923,1.0006666919900564,51.590407375909216
summer_4,summer,70,2011-01-04,645.2,1.0,4.0,0.0,0.1,0,0.0,0.7,,,,
summer_4,summer,70,2011-01-04,645.2,1.0,4.0,0.5,0.0,1,148.2,0.6999999999999993,0.9956335192553483,1.049920732446923,1.0006666919900564,51.590407375909216
summer_4,summer,70,2011-01-04,645.2,1.0,4.0,0.5,0.1,0,0.0,0.7,,,,
summer_4,summer,70,2011-01-04,645.2,1.0,4.0,1.0,0.0,1,148.2,0.6999999999999993,0.9956335192553483,1.049920732446923,1.0006666919900564,51.590407375909216
summer_4,summer,70,2011-01-04,645.2,1.0,4.0,1.0,0.1,0,0.0,0.7,,,,
winter_1,winter,50,2011-06-30,634.1,0.25,1.0,0.0,0.0,1,148.2,0.6999999999999997,0.9906541679704928,1.0399699517491494,0.7832100890407115,31.231147691373927
winter_1,winter,50,2011-06-30,634.1,0.25,1.0,0.0,0.1,1,103.19999999999999,0.7000000000000002,0.9912607391402224,1.043719305206233,0.8234889256417479,36.01527419762475
winter_1,winter,50,2011-06-30,634.1,0.25,1.0,0.5,0.0,1,148.2,0.6999999999999997,0.9906541679704928,1.0399699517491494,0.7832100890407115,31.231147691373927
winter_1,winter,50,2011-06-30,634.1,0.25,1.0,0.5,0.1,1,120.075,0.7000000000000002,0.9893029831402433,1.043719878133359,0.8411260467523232,36.76540344344856
winter_1,winter,50,2011-06-30,634.1,0.25,1.0,1.0,0.0,1,148.2,0.6999999999999997,0.9906541679704928,1.0399699517491494,0.7832100890407115,31.231147691373927
winter_1,winter,50,2011-06-30,634.1,0.25,1.0,1.0,0.1,1,136.95000000000002,0.7,0.9873237771799248,1.0437204425565783,0.8588907002803158,37.57213173175461
winter_1,winter,50,2011-06-30,634.1,0.25,4.0,0.0,0.0,1,148.2,0.7000000000000015,0.9906541679705623,1.0399699517491596,0.783210089040824,32.33798579117869
winter_1,winter,50,2011-06-30,634.1,0.25,4.0,0.0,0.1,1,103.19999999999999,0.6999999999999993,0.9912607400639553,1.0437193041550212,0.8234889254486383,36.80882711369576
winter_1,winter,50,2011-06-30,634.1,0.25,4.0,0.5,0.0,1,148.2,0.7000000000000015,0.9906541679705623,1.0399699517491596,0.783210089040824,32.33798579117869
winter_1,winter,50,2011-06-30,634.1,0.25,4.0,0.5,0.1,1,120.075,0.6999999999999984,0.9893029831656133,1.0437198769710678,0.8411260467489795,37.71796075848301
winter_1,winter,50,2011-06-30,634.1,0.25,4.0,1.0,0.0,1,148.2,0.7000000000000015,0.9906541679705623,1.0399699517491596,0.783210089040824,32.33798579117869
winter_1,winter,50,2011-06-30,634.1,0.25,4.0,1.0,0.1,1,136.95000000000002,0.7000000000000008,0.9873237771827782,1.0437204476952093,0.8588907002791007,38.68991673265971
winter_1,winter,50,2011-06-30,634.1,1.0,1.0,0.0,0.0,1,135.0,0.7,0.992197236849816,1.0394770278132954,0.7692573942368911,28.06325021189386
winter_1,winter,50,2011-06-30,634.1,1.0,1.0,0.0,0.1,1,103.19999999999999,0.7,0.9912607335626505,1.0437193095154425,0.8234889265452685,33.65268560170904
winter_1,winter,50,2011-06-30,634.1,1.0,1.0,0.5,0.0,1,135.0,0.7,0.992197236849816,1.0394770278132954,0.7692573942368911,28.06325021189386
winter_1,winter,50,2011-06-30,634.1,1.0,1.0,0.5,0.1,1,120.075,0.6999999999999997,0.989302982937827,1.0437198727326662,0.8411260469053218,34.07161535992955
winter_1,winter,50,2011-06-30,634.1,1.0,1.0,1.0,0.0,1,135.0,0.7,0.992197236849816,1.0394770278132954,0.7692573942368911,28.06325021189386
winter_1,winter,50,2011-06-30,634.1,1.0,1.0,1.0,0.1,1,135.0,0.7,0.98755359312277,1.0437203773951453,0.8568314121850646,34.51291258582346
winter_1,winter,50,2011-06-30,634.1,1.0,4.0,0.0,0.0,1,148.2,0.6999999999999993,0.9906541679704928,1.0399699517491579,0.7832100890407949,31.231059673123134
winter_1,winter,50,2011-06-30,634.1,1.0,4.0,0.0,0.1,1,103.19999999999999,0.7000000000000008,0.9912607391343341,1.043719305210453,0.8234889256425011,36.01552532657904
winter_1,winter,50,2011-06-30,634.1,1.0,4.0,0.5,0.0,1,148.2,0.6999999999999993,0.9906541679704928,1.0399699517491579,0.7832100890407949,31.231059673123134
winter_1,winter,50,2011-06-30,634.1,1.0,4.0,0.5,0.1,1,120.075,0.7000000000000004,0.98930298314011,1.043719878138225,0.8411260467523312,36.76583674822759
winter_1,winter,50,2011-06-30,634.1,1.0,4.0,1.0,0.0,1,148.2,0.6999999999999993,0.9906541679704928,1.0399699517491579,0.7832100890407949,31.231059673123134
winter_1,winter,50,2011-06-30,634.1,1.0,4.0,1.0,0.1,1,136.95000000000002,0.7,0.9873237771799076,1.0437204425571722,0.8588907002803181,37.57195325156904
winter_1,winter,50,2011-06-30,645.2,0.25,1.0,0.0,0.0,1,148.2,0.6999999999999997,1.0000273974046532,1.03748826646606,0.7353933949579041,28.8554080145427
winter_1,winter,50,2011-06-30,645.2,0.25,1.0,0.0,0.1,1,103.19999999999999,0.7000000000000002,1.00001503138433,1.0437175176543374,0.8153863054651371,34.29977512426226
winter_1,winter,50,2011-06-30,645.2,0.25,1.0,0.5,0.0,1,148.2,0.6999999999999997,1.0000273974046532,1.03748826646606,0.7353933949579041,28.8554080145427
winter_1,winter,50,2011-06-30,645.2,0.25,1.0,0.5,0.1,1,120.075,0.7000000000000002,1.0000148680594005,1.0437177373963933,0.8154565999564007,34.67151661145256
winter_1,winter,50,2011-06-30,645.2,0.25,1.0,1.0,0.0,1,148.2,0.6999999999999997,1.0000273974046532,1.03748826646606,0.7353933949579041,28.8554080145427
winter_1,winter,50,2011-06-30,645.2,0.25,1.0,1.0,0.1,1,136.95000000000002,0.7,1.00001470467385,1.0437179569866577,0.8155269227296172,35.06520058906316
winter_1,winter,50,2011-06-30,645.2,0.25,4.0,0.0,0.0,1,148.2,0.7000000000000015,1.0000284736883185,1.037486823327881,0.7349582767109962,29.46537365749792
winter_1,winter,50,2011-06-30,645.2,0.25,4.0,0.0,0.1,1,103.19999999999999,0.6999999999999993,1.00001577910487,1.043716510856053,0.8150502715773003,34.73035932400532
winter_1,winter,50,2011-06-30,645.2,0.25,4.0,0.5,0.0,1,148.2,0.7000000000000015,1.0000284736883185,1.037486823327881,0.7349582767109962,29.46537365749792
winter_1,winter,50,2011-06-30,645.2,0.25,4.0,0.5,0.1,1,120.075,0.6999999999999984,1.00001573824961,1.0437165664757118,0.8150655283412429,35.1840309065484
winter_1,winter,50,2011-06-30,645.2,0.25,4.0,1.0,0.0,1,148.2,0.7000000000000015,1.0000284736883185,1.037486823327881,0.7349582767109962,29.46537365749792
winter_1,winter,50,2011-06-30,645.2,0.25,4.0,1.0,0.1,1,136.95000000000002,0.7000000000000008,1.0000156973909828,1.043716622085509,0.8150807889028543,35.66217455139931
winter_1,winter,50,2011-06-30,645.2,1.0,1.0,0.0,0.0,1,135.0,0.7,1.0000235826516104,1.038266869978864,0.7369692800726392,26.93860929883476
winter_1,winter,50,2011-06-30,645.2,1.0,1.0,0.0,0.1,1,103.19999999999999,0.7,1.000012027875371,1.0437215131419149,0.816770309604416,32.89688928198654
winter_1,winter,50,2011-06-30,645.2,1.0,1.0,0.5,0.0,1,135.0,0.7,1.0000235826516104,1.038266869978864,0.7369692800726392,26.93860929883476
winter_1,winter,50,2011-06-30,645.2,1.0,1.0,0.5,0.1,1,120.075,0.6999999999999997,1.0000113702410915,1.0437223782521023,0.8170673580074923,33.064081200253554
winter_1,winter,50,2011-06-30,645.2,1.0,1.0,1.0,0.0,1,135.0,0.7,1.0000235826516104,1.038266869978864,0.7369692800726392,26.93860929883476
winter_1,winter,50,2011-06-30,645.2,1.0,1.0,1.0,0.1,1,135.0,0.7,1.0000107878140936,1.0437231414288275,0.8173302053539114,33.26201362669989
winter_1,winter,50,2011-06-30,645.2,1.0,4.0,0.0,0.0,1,148.2,0.6999999999999993,1.0000273974046532,1.03748826646606,0.7354185722815025,28.855446702323782
winter_1,winter,50,2011-06-30,645.2,1.0,4.0,0.0,0.1,1,103.19999999999999,0.7000000000000008,1.00001503138433,1.0437175176543374,0.8154098127993626,34.29979197021361
winter_1,winter,50,2011-06-30,645.2,1.0,4.0,0.5,0.0,1,148.2,0.6999999999999993,1.0000273974046532,1.03748826646606,0.7354185722815025,28.855446702323782
winter_1,winter,50,2011-06-30,645.2,1.0,4.0,0.5,0.1,1,120.075,0.7000000000000004,1.0000148680594005,1.0437177373963933,0.8154838828611451,34.671544314075035
winter_1,winter,50,2011-06-30,645.2,1.0,4.0,1.0,0.0,1,148.2,0.6999999999999993,1.0000273974046532,1.03748826646606,0.7354185722815025,28.855446702323782
winter_1,winter,50,2011-06-30,645.2,1.0,4.0,1.0,0.1,1,136.95000000000002,0.7,1.00001470467385,1.0437179569866577,0.815557962871757,35.065242708538506
winter_2,winter,263,2010-07-30,634.1,0.25,1.0,0.0,0.0,1,148.2,0.6999999999999997,0.9857286804727073,1.0437057989897027,0.8657945775357508,39.07906359491863
winter_2,winter,263,2010-07-30,634.1,0.25,1.0,0.0,0.1,1,103.19999999999999,0.7000000000000002,0.9921473129529649,1.0499301111203618,0.9611442029330148,46.071361507828364
winter_2,winter,263,2010-07-30,634.1,0.25,1.0,0.5,0.0,1,148.2,0.6999999999999997,0.9857286804727073,1.0437057989897027,0.8657945775357508,39.07906359491863
winter_2,winter,263,2010-07-30,634.1,0.25,1.0,0.5,0.1,1,120.075,0.7000000000000002,0.9901786057652354,1.0499306823206305,0.9612663108863174,46.863568269979034
winter_2,winter,263,2010-07-30,634.1,0.25,1.0,1.0,0.0,1,148.2,0.6999999999999997,0.9857286804727073,1.0437057989897027,0.8657945775357508,39.07906359491863
winter_2,winter,263,2010-07-30,634.1,0.25,1.0,1.0,0.1,1,136.95000000000002,0.7,0.9881883318628517,1.049931241744448,0.9613871709241921,47.713280211050325
winter_2,winter,263,2010-07-30,634.1,0.25,4.0,0.0,0.0,1,148.2,0.7000000000000015,0.9857286804727753,1.043705798785578,0.865794577547284,40.26538457006232
winter_2,winter,263,2010-07-30,634.1,0.25,4.0,0.0,0.1,1,103.19999999999999,0.6999999999999993,0.992147314369285,1.0499301095506994,0.961144203064947,46.929512106893924
winter_2,winter,263,2010-07-30,634.1,0.25,4.0,0.5,0.0,1,148.2,0.7000000000000015,0.9857286804727753,1.043705798785578,0.865794577547284,40.26538457006232
winter_2,winter,263,2010-07-30,634.1,0.25,4.0,0.5,0.1,1,120.075,0.6999999999999984,0.9901786058286729,1.0499306805640676,0.9612663110568934,47.89148083650363
winter_2,winter,263,2010-07-30,634.1,0.25,4.0,1.0,0.0,1,148.2,0.7000000000000015,0.9857286804727753,1.043705798785578,0.865794577547284,40.26538457006232
winter_2,winter,263,2010-07-30,634.1,0.25,4.0,1.0,0.1,1,136.95000000000002,0.7000000000000008,0.9881883318699157,1.049931241468306,0.9613871709478468,48.91704706347621
winter_2,winter,263,2010-07-30,634.1,1.0,1.0,0.0,0.0,1,135.0,0.7,0.9872899230817724,1.0437053547479584,0.8657165582006878,35.611099244998655
winter_2,winter,263,2010-07-30,634.1,1.0,1.0,0.0,0.1,1,103.19999999999999,0.7,0.9921473041287445,1.0499301175587998,0.9611442028534658,43.445846414833696
winter_2,winter,263,2010-07-30,634.1,1.0,1.0,0.5,0.0,1,135.0,0.7,0.9872899230817724,1.0437053547479584,0.8657165582006878,35.611099244998655
winter_2,winter,263,2010-07-30,634.1,1.0,1.0,0.5,0.1,1,120.075,0.6999999999999997,0.9901786046398859,1.0499306744015586,0.9612663110280415,43.864370099841025
winter_2,winter,263,2010-07-30,634.1,1.0,1.0,1.0,0.0,1,135.0,0.7,0.9872899230817724,1.0437053547479584,0.8657165582006878,35.611099244998655
winter_2,winter,263,2010-07-30,634.1,1.0,1.0,1.0,0.1,1,135.0,0.7,0.9884194328592106,1.0499311772791615,0.9613732694753006,44.3181182270347
winter_2,winter,263,2010-07-30,634.1,1.0,4.0,0.0,0.0,1,148.2,0.6999999999999993,0.9857286804727068,1.043705798990459,0.865794577547284,39.078931777644456
winter_2,winter,263,2010-07-30,634.1,1.0,4.0,0.0,0.1,1,103.19999999999999,0.7000000000000008,0.9921473129348349,1.049930111129928,0.961144203064947,46.071730971350306
winter_2,winter,263,2010-07-30,634.1,1.0,4.0,0.5,0.0,1,148.2,0.6999999999999993,0.9857286804727068,1.043705798990459,0.865794577547284,39.078931777644456
winter_2,winter,263,2010-07-30,634.1,1.0,4.0,0.5,0.1,1,120.075,0.7000000000000004,0.9901786057647453,1.0499306823317003,0.9612663110568934,46.86416890068767
winter_2,winter,263,2010-07-30,634.1,1.0,4.0,1.0,0.0,1,148.2,0.6999999999999993,0.9857286804727068,1.043705798990459,0.865794577547284,39.078931777644456
winter_2,winter,263,2010-07-30,634.1,1.0,4.0,1.0,0.1,1,136.95000000000002,0.7,0.9881883318627798,1.0499312417459714,0.9613871709478468,47.71300726349132
winter_2,winter,263,2010-07-30,645.2,0.25,1.0,0.0,0.0,1,148.2,0.6999999999999997,1.0000107629505284,1.0437104227978367,0.865441695321495,36.71515101770068
winter_2,winter,263,2010-07-30,645.2,0.25,1.0,0.0,0.1,1,103.19999999999999,0.7000000000000002,0.9986653261065861,1.0499280478134365,0.9609015284619887,44.448612800453624
winter_2,winter,263,2010-07-30,645.2,0.25,1.0,0.5,0.0,1,148.2,0.6999999999999997,1.0000107629505284,1.0437104227978367,0.865441695321495,36.71515101770068
winter_2,winter,263,2010-07-30,645.2,0.25,1.0,0.5,0.1,1,120.075,0.7000000000000002,0.9982743084841257,1.0499282682904165,0.9609818510662081,44.85916103591273
winter_2,winter,263,2010-07-30,645.2,0.25,1.0,1.0,0.0,1,148.2,0.6999999999999997,1.0000107629505284,1.0437104227978367,0.865441695321495,36.71515101770068
winter_2,winter,263,2010-07-30,645.2,0.25,1.0,1.0,0.1,1,136.95000000000002,0.7,0.9978843275943485,1.049928488614536,0.9610622044163057,45.291890352341476
winter_2,winter,263,2010-07-30,645.2,0.25,4.0,0.0,0.0,1,148.2,0.7000000000000015,1.0000113861922584,1.0437104220015048,0.8649290258701288,37.414130195384594
winter_2,winter,263,2010-07-30,645.2,0.25,4.0,0.0,0.1,1,103.19999999999999,0.6999999999999993,0.9986653261025747,1.0499270395283564,0.9605104564943574,44.940011507760865
winter_2,winter,263,2010-07-30,645.2,0.25,4.0,0.5,0.0,1,148.2,0.7000000000000015,1.0000113861922584,1.0437104220015048,0.8649290258701288,37.414130195384594
winter_2,winter,263,2010-07-30,645.2,0.25,4.0,0.5,0.1,1,120.075,0.6999999999999984,0.9982743084793558,1.0499270956429343,0.9605267348115595,45.44248011396327
winter_2,winter,263,2010-07-30,645.2,0.25,4.0,1.0,0.0,1,148.2,0.7000000000000015,1.0000113861922584,1.0437104220015048,0.8649290258701288,37.414130195384594
winter_2,winter,263,2010-07-30,645.2,0.25,4.0,1.0,0.1,1,136.95000000000002,0.7000000000000008,0.9978843275887903,1.0499271517474777,0.9605430175009747,45.969520451742
winter_2,winter,263,2010-07-30,645.2,1.0,1.0,0.0,0.0,1,135.0,0.7,0.9999425015137662,1.0437099601021846,0.8673165430411156,34.44812585625334
winter_2,winter,263,2010-07-30,645.2,1.0,1.0,0.0,0.1,1,103.19999999999999,0.7,0.9986653261091372,1.049932048991073,0.9625301122206764,42.79469802585385
winter_2,winter,263,2010-07-30,645.2,1.0,1.0,0.5,0.0,1,135.0,0.7,0.9999425015137662,1.0437099601021846,0.8673165430411156,34.44812585625334
winter_2,winter,263,2010-07-30,645.2,1.0,1.0,0.5,0.1,1,120.075,0.6999999999999997,0.9982235361585893,1.0499329157045738,0.9628770017768216,42.95971947638438
winter_2,winter,263,2010-07-30,645.2,1.0,1.0,1.0,0.0,1,135.0,0.7,0.9999425015137662,1.0437099601021846,0.8673165430411156,34.44812585625334
winter_2,winter,263,2010-07-30,645.2,1.0,1.0,1.0,0.1,1,135.0,0.7,0.997749746836283,1.049933680283685,0.9631838910836903,43.16830229134435
winter_2,winter,263,2010-07-30,645.2,1.0,4.0,0.0,0.0,1,148.2,0.6999999999999993,1.0000107629505284,1.043710422799926,0.8654841525357188,36.71519727992478
winter_2,winter,263,2010-07-30,645.2,1.0,4.0,0.0,0.1,1,103.19999999999999,0.7000000000000008,0.9986653261025747,1.0499280478134365,0.960940395536655,44.448626189130024
winter_2,winter,263,2010-07-30,645.2,1.0,4.0,0.5,0.0,1,148.2,0.6999999999999993,1.0000107629505284,1.043710422799926,0.8654841525357188,36.71519727992478
winter_2,winter,263,2010-07-30,645.2,1.0,4.0,0.5,0.1,1,120.075,0.7000000000000004,0.9982743084793558,1.0499282682904165,0.9610269855683731,44.85918979184858
winter_2,winter,263,2010-07-30,645.2,1.0,4.0,1.0,0.0,1,148.2,0.6999999999999993,1.0000107629505284,1.043710422799926,0.8654841525357188,36.71519727992478
winter_2,winter,263,2010-07-30,645.2,1.0,4.0,1.0,0.1,1,136.95000000000002,0.7,0.9978843275887903,1.049928488614536,0.9611135825204982,45.2919392185536
winter_3,winter,145,2010-08-17,634.1,0.25,1.0,0.0,0.0,1,148.2,0.6999999999999997,0.9872795217800632,1.049919000060487,1.0010994558463548,48.63846190193847
winter_3,winter,145,2010-08-17,634.1,0.25,1.0,0.0,0.1,0,0.0,0.7,,,,
winter_3,winter,145,2010-08-17,634.1,0.25,1.0,0.5,0.0,1,148.2,0.6999999999999997,0.9872795217800632,1.049919000060487,1.0010994558463548,48.63846190193847
winter_3,winter,145,2010-08-17,634.1,0.25,1.0,0.5,0.1,0,0.0,0.7,,,,
winter_3,winter,145,2010-08-17,634.1,0.25,1.0,1.0,0.0,1,148.2,0.6999999999999997,0.9872795217800632,1.049919000060487,1.0010994558463548,48.63846190193847
winter_3,winter,145,2010-08-17,634.1,0.25,1.0,1.0,0.1,0,0.0,0.7,,,,
winter_3,winter,145,2010-08-17,634.1,0.25,4.0,0.0,0.0,1,148.2,0.7000000000000015,0.9872795217855708,1.0499189997316543,1.0010994558806348,49.89583359909028
winter_3,winter,145,2010-08-17,634.1,0.25,4.0,0.0,0.1,0,0.0,0.7,,,,
winter_3,winter,145,2010-08-17,634.1,0.25,4.0,0.5,0.0,1,148.2,0.7000000000000015,0.9872795217855708,1.0499189997316543,1.0010994558806348,49.89583359909028
winter_3,winter,145,2010-08-17,634.1,0.25,4.0,0.5,0.1,0,0.0,0.7,,,,
winter_3,winter,145,2010-08-17,634.1,0.25,4.0,1.0,0.0,1,148.2,0.7000000000000015,0.9872795217855708,1.0499189997316543,1.0010994558806348,49.89583359909028
winter_3,winter,145,2010-08-17,634.1,0.25,4.0,1.0,0.1,0,0.0,0.7,,,,
winter_3,winter,145,2010-08-17,634.1,1.0,1.0,0.0,0.0,1,135.0,0.7,0.9888467564941722,1.0499185573733614,1.000995112116473,44.8865364085649
winter_3,winter,145,2010-08-17,634.1,1.0,1.0,0.0,0.1,0,0.0,0.7,,,,
winter_3,winter,145,2010-08-17,634.1,1.0,1.0,0.5,0.0,1,135.0,0.7,0.9888467564941722,1.0499185573733614,1.000995112116473,44.8865364085649
winter_3,winter,145,2010-08-17,634.1,1.0,1.0,0.5,0.1,0,0.0,0.7,,,,
winter_3,winter,145,2010-08-17,634.1,1.0,1.0,1.0,0.0,1,135.0,0.7,0.9888467564941722,1.0499185573733614,1.000995112116473,44.8865364085649
winter_3,winter,145,2010-08-17,634.1,1.0,1.0,1.0,0.1,0,0.0,0.7,,,,
winter_3,winter,145,2010-08-17,634.1,1.0,4.0,0.0,0.0,1,148.2,0.6999999999999993,0.9872795217799709,1.0499190000622967,1.0010994558806348,48.638253611967215
winter_3,winter,145,2010-08-17,634.1,1.0,4.0,0.0,0.1,0,0.0,0.7,,,,
winter_3,winter,145,2010-08-17,634.1,1.0,4.0,0.5,0.0,1,148.2,0.6999999999999993,0.9872795217799709,1.0499190000622967,1.0010994558806348,48.638253611967215
winter_3,winter,145,2010-08-17,634.1,1.0,4.0,0.5,0.1,0,0.0,0.7,,,,
winter_3,winter,145,2010-08-17,634.1,1.0,4.0,1.0,0.0,1,148.2,0.6999999999999993,0.9872795217799709,1.0499190000622967,1.0010994558806348,48.638253611967215
winter_3,winter,145,2010-08-17,634.1,1.0,4.0,1.0,0.1,0,0.0,0.7,,,,
winter_3,winter,145,2010-08-17,645.2,0.25,1.0,0.0,0.0,1,148.2,0.6999999999999997,0.999528908570852,1.0499160181439138,1.0006537013835841,46.33756163980569
winter_3,winter,145,2010-08-17,645.2,0.25,1.0,0.0,0.1,0,0.0,0.7,,,,
winter_3,winter,145,2010-08-17,645.2,0.25,1.0,0.5,0.0,1,148.2,0.6999999999999997,0.999528908570852,1.0499160181439138,1.0006537013835841,46.33756163980569
winter_3,winter,145,2010-08-17,645.2,0.25,1.0,0.5,0.1,0,0.0,0.7,,,,
winter_3,winter,145,2010-08-17,645.2,0.25,1.0,1.0,0.0,1,148.2,0.6999999999999997,0.999528908570852,1.0499160181439138,1.0006537013835841,46.33756163980569
winter_3,winter,145,2010-08-17,645.2,0.25,1.0,1.0,0.1,0,0.0,0.7,,,,
winter_3,winter,145,2010-08-17,645.2,0.25,4.0,0.0,0.0,1,148.2,0.7000000000000015,0.9995289085620949,1.0499145672794914,1.0000697639627212,47.11938622235992
winter_3,winter,145,2010-08-17,645.2,0.25,4.0,0.0,0.1,0,0.0,0.7,,,,
winter_3,winter,145,2010-08-17,645.2,0.25,4.0,0.5,0.0,1,148.2,0.7000000000000015,0.9995289085620949,1.0499145672794914,1.0000697639627212,47.11938622235992
winter_3,winter,145,2010-08-17,645.2,0.25,4.0,0.5,0.1,0,0.0,0.7,,,,
winter_3,winter,145,2010-08-17,645.2,0.25,4.0,1.0,0.0,1,148.2,0.7000000000000015,0.9995289085620949,1.0499145672794914,1.0000697639627212,47.11938622235992
winter_3,winter,145,2010-08-17,645.2,0.25,4.0,1.0,0.1,0,0.0,0.7,,,,
winter_3,winter,145,2010-08-17,645.2,1.0,1.0,0.0,0.0,1,135.0,0.7,0.9972384406111351,1.0499210784346216,1.0028150142652124,43.73764918102856
winter_3,winter,145,2010-08-17,645.2,1.0,1.0,0.0,0.1,0,0.0,0.7,,,,
winter_3,winter,145,2010-08-17,645.2,1.0,1.0,0.5,0.0,1,135.0,0.7,0.9972384406111351,1.0499210784346216,1.0028150142652124,43.73764918102856
winter_3,winter,145,2010-08-17,645.2,1.0,1.0,0.5,0.1,0,0.0,0.7,,,,
winter_3,winter,145,2010-08-17,645.2,1.0,1.0,1.0,0.0,1,135.0,0.7,0.9972384406111351,1.0499210784346216,1.0028150142652124,43.73764918102856
winter_3,winter,145,2010-08-17,645.2,1.0,1.0,1.0,0.1,0,0.0,0.7,,,,
winter_3,winter,145,2010-08-17,645.2,1.0,4.0,0.0,0.0,1,148.2,0.6999999999999993,0.9995289085620949,1.0499160181439138,1.0007194766100966,46.33761478724254
winter_3,winter,145,2010-08-17,645.2,1.0,4.0,0.0,0.1,0,0.0,0.7,,,,
winter_3,winter,145,2010-08-17,645.2,1.0,4.0,0.5,0.0,1,148.2,0.6999999999999993,0.9995289085620949,1.0499160181439138,1.0007194766100966,46.33761478724254
winter_3,winter,145,2010-08-17,645.2,1.0,4.0,0.5,0.1,0,0.0,0.7,,,,
winter_3,winter,145,2010-08-17,645.2,1.0,4.0,1.0,0.0,1,148.2,0.6999999999999993,0.9995289085620949,1.0499160181439138,1.0007194766100966,46.33761478724254
winter_3,winter,145,2010-08-17,645.2,1.0,4.0,1.0,0.1,0,0.0,0.7,,,,
winter_4,winter,26,2010-07-08,634.1,0.25,1.0,0.0,0.0,1,148.2,0.6999999999999997,0.9830433511085532,1.0499229108942747,1.0387142828897438,55.1591521160499
winter_4,winter,26,2010-07-08,634.1,0.25,1.0,0.0,0.1,0,0.0,0.7,,,,
winter_4,winter,26,2010-07-08,634.1,0.25,1.0,0.5,0.0,1,148.2,0.6999999999999997,0.9830433511085532,1.0499229108942747,1.0387142828897438,55.1591521160499
winter_4,winter,26,2010-07-08,634.1,0.25,1.0,0.5,0.1,0,0.0,0.7,,,,
winter_4,winter,26,2010-07-08,634.1,0.25,1.0,1.0,0.0,1,148.2,0.6999999999999997,0.9830433511085532,1.0499229108942747,1.0387142828897438,55.1591521160499
winter_4,winter,26,2010-07-08,634.1,0.25,1.0,1.0,0.1,0,0.0,0.7,,,,
winter_4,winter,26,2010-07-08,634.1,0.25,4.0,0.0,0.0,1,148.2,0.7000000000000015,0.9830433511087607,1.04992291055731,1.0387142828910836,56.610509685298815
winter_4,winter,26,2010-07-08,634.1,0.25,4.0,0.0,0.1,0,0.0,0.7,,,,
winter_4,winter,26,2010-07-08,634.1,0.25,4.0,0.5,0.0,1,148.2,0.7000000000000015,0.9830433511087607,1.04992291055731,1.0387142828910836,56.610509685298815
winter_4,winter,26,2010-07-08,634.1,0.25,4.0,0.5,0.1,0,0.0,0.7,,,,
winter_4,winter,26,2010-07-08,634.1,0.25,4.0,1.0,0.0,1,148.2,0.7000000000000015,0.9830433511087607,1.04992291055731,1.0387142828910836,56.610509685298815
winter_4,winter,26,2010-07-08,634.1,0.25,4.0,1.0,0.1,0,0.0,0.7,,,,
winter_4,winter,26,2010-07-08,634.1,1.0,1.0,0.0,0.0,1,135.0,0.7,0.9846294106191984,1.0499224723185783,1.0248178084079063,50.64683458935953
winter_4,winter,26,2010-07-08,634.1,1.0,1.0,0.0,0.1,0,0.0,0.7,,,,
winter_4,winter,26,2010-07-08,634.1,1.0,1.0,0.5,0.0,1,135.0,0.7,0.9846294106191984,1.0499224723185783,1.0248178084079063,50.64683458935953
winter_4,winter,26,2010-07-08,634.1,1.0,1.0,0.5,0.1,0,0.0,0.7,,,,
winter_4,winter,26,2010-07-08,634.1,1.0,1.0,1.0,0.0,1,135.0,0.7,0.9846294106191984,1.0499224723185783,1.0248178084079063,50.64683458935953
winter_4,winter,26,2010-07-08,634.1,1.0,1.0,1.0,0.1,0,0.0,0.7,,,,
winter_4,winter,26,2010-07-08,634.1,1.0,4.0,0.0,0.0,1,148.2,0.6999999999999993,0.9830433511085506,1.0499229108967312,1.038714282891118,55.1587361495378
winter_4,winter,26,2010-07-08,634.1,1.0,4.0,0.0,0.1,0,0.0,0.7,,,,
winter_4,winter,26,2010-07-08,634.1,1.0,4.0,0.5,0.0,1,148.2,0.6999999999999993,0.9830433511085506,1.0499229108967312,1.038714282891118,55.1587361495378
winter_4,winter,26,2010-07-08,634.1,1.0,4.0,0.5,0.1,0,0.0,0.7,,,,
winter_4,winter,26,2010-07-08,634.1,1.0,4.0,1.0,0.0,1,148.2,0.6999999999999993,0.9830433511085506,1.0499229108967312,1.038714282891118,55.1587361495378
winter_4,winter,26,2010-07-08,634.1,1.0,4.0,1.0,0.1,0,0.0,0.7,,,,
winter_4,winter,26,2010-07-08,645.2,0.25,1.0,0.0,0.0,1,148.2,0.6999999999999997,0.9954957996279449,1.0499202944556305,1.0023493203422833,51.7575193286324
winter_4,winter,26,2010-07-08,645.2,0.25,1.0,0.0,0.1,0,0.0,0.7,,,,
winter_4,winter,26,2010-07-08,645.2,0.25,1.0,0.5,0.0,1,148.2,0.6999999999999997,0.9954957996279449,1.0499202944556305,1.0023493203422833,51.7575193286324
winter_4,winter,26,2010-07-08,645.2,0.25,1.0,0.5,0.1,0,0.0,0.7,,,,
winter_4,winter,26,2010-07-08,645.2,0.25,1.0,1.0,0.0,1,148.2,0.6999999999999997,0.9954957996279449,1.0499202944556305,1.0023493203422833,51.7575193286324
winter_4,winter,26,2010-07-08,645.2,0.25,1.0,1.0,0.1,0,0.0,0.7,,,,
winter_4,winter,26,2010-07-08,645.2,0.25,4.0,0.0,0.0,1,148.2,0.7000000000000015,0.9963839068177487,1.0499188570920415,1.0017636284741522,52.49870574701863
winter_4,winter,26,2010-07-08,645.2,0.25,4.0,0.0,0.1,0,0.0,0.7,,,,
winter_4,winter,26,2010-07-08,645.2,0.25,4.0,0.5,0.0,1,148.2,0.7000000000000015,0.9963839068177487,1.0499188570920415,1.0017636284741522,52.49870574701863
winter_4,winter,26,2010-07-08,645.2,0.25,4.0,0.5,0.1,0,0.0,0.7,,,,
winter_4,winter,26,2010-07-08,645.2,0.25,4.0,1.0,0.0,1,148.2,0.7000000000000015,0.9963839068177487,1.0499188570920415,1.0017636284741522,52.49870574701863
winter_4,winter,26,2010-07-08,645.2,0.25,4.0,1.0,0.1,0,0.0,0.7,,,,
winter_4,winter,26,2010-07-08,645.2,1.0,1.0,0.0,0.0,1,135.0,0.7,0.9923780170007176,1.0499253080786752,1.0045083279503875,49.31234641665602
winter_4,winter,26,2010-07-08,645.2,1.0,1.0,0.0,0.1,0,0.0,0.7,,,,
winter_4,winter,26,2010-07-08,645.2,1.0,1.0,0.5,0.0,1,135.0,0.7,0.9923780170007176,1.0499253080786752,1.0045083279503875,49.31234641665602
winter_4,winter,26,2010-07-08,645.2,1.0,1.0,0.5,0.1,0,0.0,0.7,,,,
winter_4,winter,26,2010-07-08,645.2,1.0,1.0,1.0,0.0,1,135.0,0.7,0.9923780170007176,1.0499253080786752,1.0045083279503875,49.31234641665602
winter_4,winter,26,2010-07-08,645.2,1.0,1.0,1.0,0.1,0,0.0,0.7,,,,
winter_4,winter,26,2010-07-08,645.2,1.0,4.0,0.0,0.0,1,148.2,0.6999999999999993,0.9954899801133968,1.0499202944556305,1.0024095439538518,51.75760892678011
winter_4,winter,26,2010-07-08,645.2,1.0,4.0,0.0,0.1,0,0.0,0.7,,,,
winter_4,winter,26,2010-07-08,645.2,1.0,4.0,0.5,0.0,1,148.2,0.6999999999999993,0.9954899801133968,1.0499202944556305,1.0024095439538518,51.75760892678011
winter_4,winter,26,2010-07-08,645.2,1.0,4.0,0.5,0.1,0,0.0,0.7,,,,
winter_4,winter,26,2010-07-08,645.2,1.0,4.0,1.0,0.0,1,148.2,0.6999999999999993,0.9954899801133968,1.0499202944556305,1.0024095439538518,51.75760892678011
winter_4,winter,26,2010-07-08,645.2,1.0,4.0,1.0,0.1,0,0.0,0.7,,,,
