recovery_h,events,copper_plate_soc_kw,proposed_ac_kw,sequence_contraction,network_recovery_penalty
1.0,1,135.375,125.0,,0.07663896583564178
1.0,2,135.375,83.33333333333333,0.6666666666666666,0.38442597722376115
1.0,3,135.375,83.33333333333333,1.0,0.38442597722376115
1.0,4,135.375,83.33333333333333,1.0,0.38442597722376115
2.0,1,150.0,150.0,,0.0
2.0,2,150.0,100.0,0.6666666666666666,0.33333333333333337
2.0,3,150.0,100.0,1.0,0.33333333333333337
2.0,4,150.0,100.0,1.0,0.33333333333333337
4.0,1,150.0,150.0,,0.0
4.0,2,150.0,100.0,0.6666666666666666,0.33333333333333337
4.0,3,150.0,100.0,1.0,0.33333333333333337
4.0,4,150.0,100.0,1.0,0.33333333333333337
