scenario,site,duration_h,recovery_h,telemetry,events,service_kw,accepted,min_v_pu,max_line_loading,terminal_soc
shoulder_1,47.1,1.0,2.0,0.0,1,103.19999999999999,1,0.9858095316454795,0.9451818073473754,0.7000000000000002
shoulder_1,47.1,1.0,2.0,0.0,2,103.19999999999999,1,0.9858095316454795,0.9451818073473754,0.7000000000000004
shoulder_1,47.1,1.0,2.0,0.0,3,103.19999999999999,1,0.9858095316454795,0.9451818073473754,0.7000000000000006
shoulder_1,47.1,1.0,2.0,1.0,1,136.95000000000002,1,0.9839070237052979,0.9803992918830515,0.7
shoulder_1,47.1,1.0,2.0,1.0,2,136.95000000000002,1,0.9839070237052979,0.9803992918830515,0.7
shoulder_1,47.1,1.0,2.0,1.0,3,136.95000000000002,1,0.9839070237052979,0.9803992918830515,0.7
shoulder_1,47.1,1.0,4.0,0.0,1,103.19999999999999,1,0.9839064298103176,0.98041457212157,0.7000000000000004
shoulder_1,47.1,1.0,4.0,0.0,2,103.19999999999999,1,0.9839064298103176,0.98041457212157,0.7000000000000008
shoulder_1,47.1,1.0,4.0,0.0,3,103.19999999999999,1,0.9839064298103176,0.98041457212157,0.7000000000000013
shoulder_1,47.1,1.0,4.0,1.0,1,136.95000000000002,1,0.9839064298188244,0.9804145720276145,0.7
shoulder_1,47.1,1.0,4.0,1.0,2,136.95000000000002,1,0.9839064298188244,0.9804145720276145,0.7
shoulder_1,47.1,1.0,4.0,1.0,3,136.95000000000002,1,0.9839064298188244,0.9804145720276145,0.7
shoulder_1,65.2,1.0,2.0,0.0,1,103.19999999999999,1,0.995782672497892,0.8380138982667502,0.7000000000000002
shoulder_1,65.2,1.0,2.0,0.0,2,103.19999999999999,1,0.995782672497892,0.8380138982667502,0.7000000000000004
shoulder_1,65.2,1.0,2.0,0.0,3,103.19999999999999,1,0.995782672497892,0.8380138982667502,0.7000000000000006
shoulder_1,65.2,1.0,2.0,1.0,1,136.95000000000002,1,0.9954685394375975,0.8381312588634299,0.7
shoulder_1,65.2,1.0,2.0,1.0,2,136.95000000000002,1,0.9954685394375975,0.8381312588634299,0.7
shoulder_1,65.2,1.0,2.0,1.0,3,136.95000000000002,1,0.9954685394375975,0.8381312588634299,0.7
shoulder_1,65.2,1.0,4.0,0.0,1,103.19999999999999,1,0.995467283148026,0.8380138982667502,0.7000000000000004
shoulder_1,65.2,1.0,4.0,0.0,2,103.19999999999999,1,0.995467283148026,0.8380138982667502,0.7000000000000008
shoulder_1,65.2,1.0,4.0,0.0,3,103.19999999999999,1,0.995467283148026,0.8380138982667502,0.7000000000000013
shoulder_1,65.2,1.0,4.0,1.0,1,136.95000000000002,1,0.9954672831376948,0.8381312588634299,0.7
shoulder_1,65.2,1.0,4.0,1.0,2,136.95000000000002,1,0.9954672831376948,0.8381312588634299,0.7
shoulder_1,65.2,1.0,4.0,1.0,3,136.95000000000002,1,0.9954672831376948,0.8381312588634299,0.7
shoulder_1,79.3,1.0,2.0,0.0,1,103.19999999999999,1,0.9962383661953035,0.8382115905112828,0.7000000000000002
shoulder_1,79.3,1.0,2.0,0.0,2,103.19999999999999,1,0.9962383661953035,0.8382115905112828,0.7000000000000004
shoulder_1,79.3,1.0,2.0,0.0,3,103.19999999999999,1,0.9962383661953035,0.8382115905112828,0.7000000000000006
shoulder_1,79.3,1.0,2.0,1.0,1,136.95000000000002,1,0.9960802087513577,0.8382832499533815,0.7
shoulder_1,79.3,1.0,2.0,1.0,2,136.95000000000002,1,0.9960802087513577,0.8382832499533815,0.7
shoulder_1,79.3,1.0,2.0,1.0,3,136.95000000000002,1,0.9960802087513577,0.8382832499533815,0.7
shoulder_1,79.3,1.0,4.0,0.0,1,103.19999999999999,1,0.9962383661953035,0.8382115905112828,0.7000000000000004
shoulder_1,79.3,1.0,4.0,0.0,2,103.19999999999999,1,0.9962383661953035,0.8382115905112828,0.7000000000000008
shoulder_1,79.3,1.0,4.0,0.0,3,103.19999999999999,1,0.9962383661953035,0.8382115905112828,0.7000000000000013
shoulder_1,79.3,1.0,4.0,1.0,1,136.95000000000002,1,0.9960802087513577,0.8382832499533815,0.7
shoulder_1,79.3,1.0,4.0,1.0,2,136.95000000000002,1,0.9960802087513577,0.8382832499533815,0.7
shoulder_1,79.3,1.0,4.0,1.0,3,136.95000000000002,1,0.9960802087513577,0.8382832499533815,0.7
shoulder_3,47.1,1.0,2.0,0.0,1,0.0,0,0.994423676922658,1.0568574593844893,0.7
shoulder_3,47.1,1.0,2.0,0.0,2,0.0,0,0.994423676922658,1.0568574593844893,0.7
shoulder_3,47.1,1.0,2.0,0.0,3,0.0,0,0.994423676922658,1.0568574593844893,0.7
shoulder_3,47.1,1.0,2.0,1.0,1,0.0,0,0.994423676922658,1.0568574593844893,0.7
shoulder_3,47.1,1.0,2.0,1.0,2,0.0,0,0.994423676922658,1.0568574593844893,0.7
shoulder_3,47.1,1.0,2.0,1.0,3,0.0,0,0.994423676922658,1.0568574593844893,0.7
shoulder_3,47.1,1.0,4.0,0.0,1,0.0,0,0.994423676922658,1.0568574593844893,0.7
shoulder_3,47.1,1.0,4.0,0.0,2,0.0,0,0.994423676922658,1.0568574593844893,0.7
shoulder_3,47.1,1.0,4.0,0.0,3,0.0,0,0.994423676922658,1.0568574593844893,0.7
shoulder_3,47.1,1.0,4.0,1.0,1,0.0,0,0.994423676922658,1.0568574593844893,0.7
shoulder_3,47.1,1.0,4.0,1.0,2,0.0,0,0.994423676922658,1.0568574593844893,0.7
shoulder_3,47.1,1.0,4.0,1.0,3,0.0,0,0.994423676922658,1.0568574593844893,0.7
shoulder_3,65.2,1.0,2.0,0.0,1,0.0,0,0.994423676922658,1.0568574593844893,0.7
shoulder_3,65.2,1.0,2.0,0.0,2,0.0,0,0.994423676922658,1.0568574593844893,0.7
shoulder_3,65.2,1.0,2.0,0.0,3,0.0,0,0.994423676922658,1.0568574593844893,0.7
shoulder_3,65.2,1.0,2.0,1.0,1,0.0,0,0.994423676922658,1.0568574593844893,0.7
shoulder_3,65.2,1.0,2.0,1.0,2,0.0,0,0.994423676922658,1.0568574593844893,0.7
shoulder_3,65.2,1.0,2.0,1.0,3,0.0,0,0.994423676922658,1.0568574593844893,0.7
shoulder_3,65.2,1.0,4.0,0.0,1,0.0,0,0.994423676922658,1.0568574593844893,0.7
shoulder_3,65.2,1.0,4.0,0.0,2,0.0,0,0.994423676922658,1.0568574593844893,0.7
shoulder_3,65.2,1.0,4.0,0.0,3,0.0,0,0.994423676922658,1.0568574593844893,0.7
shoulder_3,65.2,1.0,4.0,1.0,1,0.0,0,0.994423676922658,1.0568574593844893,0.7
shoulder_3,65.2,1.0,4.0,1.0,2,0.0,0,0.994423676922658,1.0568574593844893,0.7
shoulder_3,65.2,1.0,4.0,1.0,3,0.0,0,0.994423676922658,1.0568574593844893,0.7
shoulder_3,79.3,1.0,2.0,0.0,1,0.0,0,0.994423676922658,1.0568574593844893,0.7
shoulder_3,79.3,1.0,2.0,0.0,2,0.0,0,0.994423676922658,1.0568574593844893,0.7
shoulder_3,79.3,1.0,2.0,0.0,3,0.0,0,0.994423676922658,1.0568574593844893,0.7
shoulder_3,79.3,1.0,2.0,1.0,1,0.0,0,0.994423676922658,1.0568574593844893,0.7
shoulder_3,79.3,1.0,2.0,1.0,2,0.0,0,0.994423676922658,1.0568574593844893,0.7
shoulder_3,79.3,1.0,2.0,1.0,3,0.0,0,0.994423676922658,1.0568574593844893,0.7
shoulder_3,79.3,1.0,4.0,0.0,1,0.0,0,0.994423676922658,1.0568574593844893,0.7
shoulder_3,79.3,1.0,4.0,0.0,2,0.0,0,0.994423676922658,1.0568574593844893,0.7
shoulder_3,79.3,1.0,4.0,0.0,3,0.0,0,0.994423676922658,1.0568574593844893,0.7
shoulder_3,79.3,1.0,4.0,1.0,1,0.0,0,0.994423676922658,1.0568574593844893,0.7
shoulder_3,79.3,1.0,4.0,1.0,2,0.0,0,0.994423676922658,1.0568574593844893,0.7
shoulder_3,79.3,1.0,4.0,1.0,3,0.0,0,0.994423676922658,1.0568574593844893,0.7
summer_1,47.1,1.0,2.0,0.0,1,103.19999999999999,1,0.9857758934969612,0.946477186463945,0.7000000000000002
summer_1,47.1,1.0,2.0,0.0,2,103.19999999999999,1,0.9857758934969612,0.946477186463945,0.7000000000000004
summer_1,47.1,1.0,2.0,0.0,3,103.19999999999999,1,0.9857758934969612,0.946477186463945,0.7000000000000006
summer_1,47.1,1.0,2.0,1.0,1,136.95000000000002,1,0.9838731840326029,0.9816970328110622,0.7
summer_1,47.1,1.0,2.0,1.0,2,136.95000000000002,1,0.9838731840326029,0.9816970328110622,0.7
summer_1,47.1,1.0,2.0,1.0,3,136.95000000000002,1,0.9838731840326029,0.9816970328110622,0.7
summer_1,47.1,1.0,4.0,0.0,1,103.19999999999999,1,0.9838725892694845,0.9817123706735468,0.7000000000000004
summer_1,47.1,1.0,4.0,0.0,2,103.19999999999999,1,0.9838725892694845,0.9817123706735468,0.7000000000000008
summer_1,47.1,1.0,4.0,0.0,3,103.19999999999999,1,0.9838725892694845,0.9817123706735468,0.7000000000000013
summer_1,47.1,1.0,4.0,1.0,1,136.95000000000002,1,0.9838725892780986,0.981712370578061,0.7
summer_1,47.1,1.0,4.0,1.0,2,136.95000000000002,1,0.9838725892780986,0.981712370578061,0.7
summer_1,47.1,1.0,4.0,1.0,3,136.95000000000002,1,0.9838725892780986,0.981712370578061,0.7
summer_1,65.2,1.0,2.0,0.0,1,103.19999999999999,1,0.9957617382008923,0.8392935840168518,0.7000000000000002
summer_1,65.2,1.0,2.0,0.0,2,103.19999999999999,1,0.9957617382008923,0.8392935840168518,0.7000000000000004
summer_1,65.2,1.0,2.0,0.0,3,103.19999999999999,1,0.9957617382008923,0.8392935840168518,0.7000000000000006
summer_1,65.2,1.0,2.0,1.0,1,136.95000000000002,1,0.9954476415263448,0.8394107612972016,0.7
summer_1,65.2,1.0,2.0,1.0,2,136.95000000000002,1,0.9954476415263448,0.8394107612972016,0.7
summer_1,65.2,1.0,2.0,1.0,3,136.95000000000002,1,0.9954476415263448,0.8394107612972016,0.7
summer_1,65.2,1.0,4.0,0.0,1,103.19999999999999,1,0.9954463802557018,0.8392935840168518,0.7000000000000004
summer_1,65.2,1.0,4.0,0.0,2,103.19999999999999,1,0.9954463802557018,0.8392935840168518,0.7000000000000008
summer_1,65.2,1.0,4.0,0.0,3,103.19999999999999,1,0.9954463802557018,0.8392935840168518,0.7000000000000013
summer_1,65.2,1.0,4.0,1.0,1,136.95000000000002,1,0.9954463802453475,0.8394107612972016,0.7
summer_1,65.2,1.0,4.0,1.0,2,136.95000000000002,1,0.9954463802453475,0.8394107612972016,0.7
summer_1,65.2,1.0,4.0,1.0,3,136.95000000000002,1,0.9954463802453475,0.8394107612972016,0.7
summer_1,79.3,1.0,2.0,0.0,1,103.19999999999999,1,0.9962173021979849,0.839493639063454,0.7000000000000002
summer_1,79.3,1.0,2.0,0.0,2,103.19999999999999,1,0.9962173021979849,0.839493639063454,0.7000000000000004
summer_1,79.3,1.0,2.0,0.0,3,103.19999999999999,1,0.9962173021979849,0.839493639063454,0.7000000000000006
summer_1,79.3,1.0,2.0,1.0,1,136.95000000000002,1,0.9960591317699864,0.8395657718870859,0.7
summer_1,79.3,1.0,2.0,1.0,2,136.95000000000002,1,0.9960591317699864,0.8395657718870859,0.7
summer_1,79.3,1.0,2.0,1.0,3,136.95000000000002,1,0.9960591317699864,0.8395657718870859,0.7
summer_1,79.3,1.0,4.0,0.0,1,103.19999999999999,1,0.9962173021979849,0.839493639063454,0.7000000000000004
summer_1,79.3,1.0,4.0,0.0,2,103.19999999999999,1,0.9962173021979849,0.839493639063454,0.7000000000000008
summer_1,79.3,1.0,4.0,0.0,3,103.19999999999999,1,0.9962173021979849,0.839493639063454,0.7000000000000013
summer_1,79.3,1.0,4.0,1.0,1,136.95000000000002,1,0.9960591317699864,0.8395657718870859,0.7
summer_1,79.3,1.0,4.0,1.0,2,136.95000000000002,1,0.9960591317699864,0.8395657718870859,0.7
summer_1,79.3,1.0,4.0,1.0,3,136.95000000000002,1,0.9960591317699864,0.8395657718870859,0.7
summer_3,47.1,1.0,2.0,0.0,1,0.0,0,0.994421016221419,1.057138003871427,0.7
summer_3,47.1,1.0,2.0,0.0,2,0.0,0,0.994421016221419,1.057138003871427,0.7
summer_3,47.1,1.0,2.0,0.0,3,0.0,0,0.994421016221419,1.057138003871427,0.7
summer_3,47.1,1.0,2.0,1.0,1,0.0,0,0.994421016221419,1.057138003871427,0.7
summer_3,47.1,1.0,2.0,1.0,2,0.0,0,0.994421016221419,1.057138003871427,0.7
summer_3,47.1,1.0,2.0,1.0,3,0.0,0,0.994421016221419,1.057138003871427,0.7
summer_3,47.1,1.0,4.0,0.0,1,0.0,0,0.994421016221419,1.057138003871427,0.7
summer_3,47.1,1.0,4.0,0.0,2,0.0,0,0.994421016221419,1.057138003871427,0.7
summer_3,47.1,1.0,4.0,0.0,3,0.0,0,0.994421016221419,1.057138003871427,0.7
summer_3,47.1,1.0,4.0,1.0,1,0.0,0,0.994421016221419,1.057138003871427,0.7
summer_3,47.1,1.0,4.0,1.0,2,0.0,0,0.994421016221419,1.057138003871427,0.7
summer_3,47.1,1.0,4.0,1.0,3,0.0,0,0.994421016221419,1.057138003871427,0.7
summer_3,65.2,1.0,2.0,0.0,1,0.0,0,0.994421016221419,1.057138003871427,0.7
summer_3,65.2,1.0,2.0,0.0,2,0.0,0,0.994421016221419,1.057138003871427,0.7
summer_3,65.2,1.0,2.0,0.0,3,0.0,0,0.994421016221419,1.057138003871427,0.7
summer_3,65.2,1.0,2.0,1.0,1,0.0,0,0.994421016221419,1.057138003871427,0.7
summer_3,65.2,1.0,2.0,1.0,2,0.0,0,0.994421016221419,1.057138003871427,0.7
summer_3,65.2,1.0,2.0,1.0,3,0.0,0,0.994421016221419,1.057138003871427,0.7
summer_3,65.2,1.0,4.0,0.0,1,0.0,0,0.994421016221419,1.057138003871427,0.7
summer_3,65.2,1.0,4.0,0.0,2,0.0,0,0.994421016221419,1.057138003871427,0.7
summer_3,65.2,1.0,4.0,0.0,3,0.0,0,0.994421016221419,1.057138003871427,0.7
summer_3,65.2,1.0,4.0,1.0,1,0.0,0,0.994421016221419,1.057138003871427,0.7
summer_3,65.2,1.0,4.0,1.0,2,0.0,0,0.994421016221419,1.057138003871427,0.7
summer_3,65.2,1.0,4.0,1.0,3,0.0,0,0.994421016221419,1.057138003871427,0.7
summer_3,79.3,1.0,2.0,0.0,1,0.0,0,0.994421016221419,1.057138003871427,0.7
summer_3,79.3,1.0,2.0,0.0,2,0.0,0,0.994421016221419,1.057138003871427,0.7
summer_3,79.3,1.0,2.0,0.0,3,0.0,0,0.994421016221419,1.057138003871427,0.7
summer_3,79.3,1.0,2.0,1.0,1,0.0,0,0.994421016221419,1.057138003871427,0.7
summer_3,79.3,1.0,2.0,1.0,2,0.0,0,0.994421016221419,1.057138003871427,0.7
summer_3,79.3,1.0,2.0,1.0,3,0.0,0,0.994421016221419,1.057138003871427,0.7
summer_3,79.3,1.0,4.0,0.0,1,0.0,0,0.994421016221419,1.057138003871427,0.7
summer_3,79.3,1.0,4.0,0.0,2,0.0,0,0.994421016221419,1.057138003871427,0.7
summer_3,79.3,1.0,4.0,0.0,3,0.0,0,0.994421016221419,1.057138003871427,0.7
summer_3,79.3,1.0,4.0,1.0,1,0.0,0,0.994421016221419,1.057138003871427,0.7
summer_3,79.3,1.0,4.0,1.0,2,0.0,0,0.994421016221419,1.057138003871427,0.7
summer_3,79.3,1.0,4.0,1.0,3,0.0,0,0.994421016221419,1.057138003871427,0.7
winter_1,47.1,1.0,2.0,0.0,1,103.19999999999999,1,0.9857252492984133,0.9477361939671026,0.7000000000000002
winter_1,47.1,1.0,2.0,0.0,2,103.19999999999999,1,0.9857252492984133,0.9477361939671026,0.7000000000000004
winter_1,47.1,1.0,2.0,0.0,3,103.19999999999999,1,0.9857252492984133,0.9477361939671026,0.7000000000000006
winter_1,47.1,1.0,2.0,1.0,1,136.95000000000002,1,0.983822328884048,0.9829547003172078,0.7
winter_1,47.1,1.0,2.0,1.0,2,136.95000000000002,1,0.983822328884048,0.9829547003172078,0.7
winter_1,47.1,1.0,2.0,1.0,3,136.95000000000002,1,0.983822328884048,0.9829547003172078,0.7
winter_1,47.1,1.0,4.0,0.0,1,103.19999999999999,1,0.9838217315023365,0.9829700962553243,0.7000000000000004
winter_1,47.1,1.0,4.0,0.0,2,103.19999999999999,1,0.9838217315023365,0.9829700962553243,0.7000000000000008
winter_1,47.1,1.0,4.0,0.0,3,103.19999999999999,1,0.9838217315023365,0.9829700962553243,0.7000000000000013
winter_1,47.1,1.0,4.0,1.0,1,136.95000000000002,1,0.9838217315110148,0.9829700961592753,0.7
winter_1,47.1,1.0,4.0,1.0,2,136.95000000000002,1,0.9838217315110148,0.9829700961592753,0.7
winter_1,47.1,1.0,4.0,1.0,3,136.95000000000002,1,0.9838217315110148,0.9829700961592753,0.7
winter_1,65.2,1.0,2.0,0.0,1,103.19999999999999,1,0.9957318257887584,0.8405547391332889,0.7000000000000002
winter_1,65.2,1.0,2.0,0.0,2,103.19999999999999,1,0.9957318257887584,0.8405547391332889,0.7000000000000004
winter_1,65.2,1.0,2.0,0.0,3,103.19999999999999,1,0.9957318257887584,0.8405547391332889,0.7000000000000006
winter_1,65.2,1.0,2.0,1.0,1,136.95000000000002,1,0.9954177693607226,0.8406719126717165,0.7
winter_1,65.2,1.0,2.0,1.0,2,136.95000000000002,1,0.9954177693607226,0.8406719126717165,0.7
winter_1,65.2,1.0,2.0,1.0,3,136.95000000000002,1,0.9954177693607226,0.8406719126717165,0.7
winter_1,65.2,1.0,4.0,0.0,1,103.19999999999999,1,0.9954165042949924,0.8405547391332889,0.7000000000000004
winter_1,65.2,1.0,4.0,0.0,2,103.19999999999999,1,0.9954165042949924,0.8405547391332889,0.7000000000000008
winter_1,65.2,1.0,4.0,0.0,3,103.19999999999999,1,0.9954165042949924,0.8405547391332889,0.7000000000000013
winter_1,65.2,1.0,4.0,1.0,1,136.95000000000002,1,0.9954165042845389,0.8406719126717165,0.7
winter_1,65.2,1.0,4.0,1.0,2,136.95000000000002,1,0.9954165042845389,0.8406719126717165,0.7
winter_1,65.2,1.0,4.0,1.0,3,136.95000000000002,1,0.9954165042845389,0.8406719126717165,0.7
winter_1,79.3,1.0,2.0,0.0,1,103.19999999999999,1,0.9961872869701182,0.8407553514809689,0.7000000000000002
winter_1,79.3,1.0,2.0,0.0,2,103.19999999999999,1,0.9961872869701182,0.8407553514809689,0.7000000000000004
winter_1,79.3,1.0,2.0,0.0,3,103.19999999999999,1,0.9961872869701182,0.8407553514809689,0.7000000000000006
winter_1,79.3,1.0,2.0,1.0,1,136.95000000000002,1,0.9960291172450736,0.8408275709415305,0.7
winter_1,79.3,1.0,2.0,1.0,2,136.95000000000002,1,0.9960291172450736,0.8408275709415305,0.7
winter_1,79.3,1.0,2.0,1.0,3,136.95000000000002,1,0.9960291172450736,0.8408275709415305,0.7
winter_1,79.3,1.0,4.0,0.0,1,103.19999999999999,1,0.9961872869701182,0.8407553514809689,0.7000000000000004
winter_1,79.3,1.0,4.0,0.0,2,103.19999999999999,1,0.9961872869701182,0.8407553514809689,0.7000000000000008
winter_1,79.3,1.0,4.0,0.0,3,103.19999999999999,1,0.9961872869701182,0.8407553514809689,0.7000000000000013
winter_1,79.3,1.0,4.0,1.0,1,136.95000000000002,1,0.9960291172450736,0.8408275709415305,0.7
winter_1,79.3,1.0,4.0,1.0,2,136.95000000000002,1,0.9960291172450736,0.8408275709415305,0.7
winter_1,79.3,1.0,4.0,1.0,3,136.95000000000002,1,0.9960291172450736,0.8408275709415305,0.7
winter_3,47.1,1.0,2.0,0.0,1,0.0,0,0.9945069402396172,1.0549760725379616,0.7
winter_3,47.1,1.0,2.0,0.0,2,0.0,0,0.9945069402396172,1.0549760725379616,0.7
winter_3,47.1,1.0,2.0,0.0,3,0.0,0,0.9945069402396172,1.0549760725379616,0.7
winter_3,47.1,1.0,2.0,1.0,1,0.0,0,0.9945069402396172,1.0549760725379616,0.7
winter_3,47.1,1.0,2.0,1.0,2,0.0,0,0.9945069402396172,1.0549760725379616,0.7
winter_3,47.1,1.0,2.0,1.0,3,0.0,0,0.9945069402396172,1.0549760725379616,0.7
winter_3,47.1,1.0,4.0,0.0,1,0.0,0,0.9945069402396172,1.0549760725379616,0.7
winter_3,47.1,1.0,4.0,0.0,2,0.0,0,0.9945069402396172,1.0549760725379616,0.7
winter_3,47.1,1.0,4.0,0.0,3,0.0,0,0.9945069402396172,1.0549760725379616,0.7
winter_3,47.1,1.0,4.0,1.0,1,0.0,0,0.9945069402396172,1.0549760725379616,0.7
winter_3,47.1,1.0,4.0,1.0,2,0.0,0,0.9945069402396172,1.0549760725379616,0.7
winter_3,47.1,1.0,4.0,1.0,3,0.0,0,0.9945069402396172,1.0549760725379616,0.7
winter_3,65.2,1.0,2.0,0.0,1,0.0,0,0.9945069402396172,1.0549760725379616,0.7
winter_3,65.2,1.0,2.0,0.0,2,0.0,0,0.9945069402396172,1.0549760725379616,0.7
winter_3,65.2,1.0,2.0,0.0,3,0.0,0,0.9945069402396172,1.0549760725379616,0.7
winter_3,65.2,1.0,2.0,1.0,1,0.0,0,0.9945069402396172,1.0549760725379616,0.7
winter_3,65.2,1.0,2.0,1.0,2,0.0,0,0.9945069402396172,1.0549760725379616,0.7
winter_3,65.2,1.0,2.0,1.0,3,0.0,0,0.9945069402396172,1.0549760725379616,0.7
winter_3,65.2,1.0,4.0,0.0,1,0.0,0,0.9945069402396172,1.0549760725379616,0.7
winter_3,65.2,1.0,4.0,0.0,2,0.0,0,0.9945069402396172,1.0549760725379616,0.7
winter_3,65.2,1.0,4.0,0.0,3,0.0,0,0.9945069402396172,1.0549760725379616,0.7
winter_3,65.2,1.0,4.0,1.0,1,0.0,0,0.9945069402396172,1.0549760725379616,0.7
winter_3,65.2,1.0,4.0,1.0,2,0.0,0,0.9945069402396172,1.0549760725379616,0.7
winter_3,65.2,1.0,4.0,1.0,3,0.0,0,0.9945069402396172,1.0549760725379616,0.7
winter_3,79.3,1.0,2.0,0.0,1,0.0,0,0.9945069402396172,1.0549760725379616,0.7
winter_3,79.3,1.0,2.0,0.0,2,0.0,0,0.9945069402396172,1.0549760725379616,0.7
winter_3,79.3,1.0,2.0,0.0,3,0.0,0,0.9945069402396172,1.0549760725379616,0.7
winter_3,79.3,1.0,2.0,1.0,1,0.0,0,0.9945069402396172,1.0549760725379616,0.7
winter_3,79.3,1.0,2.0,1.0,2,0.0,0,0.9945069402396172,1.0549760725379616,0.7
winter_3,79.3,1.0,2.0,1.0,3,0.0,0,0.9945069402396172,1.0549760725379616,0.7
winter_3,79.3,1.0,4.0,0.0,1,0.0,0,0.9945069402396172,1.0549760725379616,0.7
winter_3,79.3,1.0,4.0,0.0,2,0.0,0,0.9945069402396172,1.0549760725379616,0.7
winter_3,79.3,1.0,4.0,0.0,3,0.0,0,0.9945069402396172,1.0549760725379616,0.7
winter_3,79.3,1.0,4.0,1.0,1,0.0,0,0.9945069402396172,1.0549760725379616,0.7
winter_3,79.3,1.0,4.0,1.0,2,0.0,0,0.9945069402396172,1.0549760725379616,0.7
winter_3,79.3,1.0,4.0,1.0,3,0.0,0,0.9945069402396172,1.0549760725379616,0.7
