path,site,duration_h,recovery_h,events,service_kw,accepted,soc,min_v,max_line
0,47.1,1,1.0,1,125,1,0.7,0.9902558731094349,0.9561394860566388
0,47.1,1,1.0,2,0,1,0.7,0.9881133883154535,1.0554950206700058
0,47.1,1,1.0,3,0,1,0.7,0.9881133883154535,1.0554950206700058
0,47.1,1,1.0,4,0,1,0.7,0.9881133883154535,1.0554950206700058
0,47.1,1,2.0,1,150,1,0.7,0.9930326634654101,0.9048284962516281
0,47.1,1,2.0,2,0,1,0.7,0.9881133883154535,1.0554950206700058
0,47.1,1,2.0,3,0,1,0.7,0.9881133883154535,1.0554950206700058
0,47.1,1,2.0,4,0,1,0.7,0.9881133883154535,1.0554950206700058
0,47.1,1,4.0,1,150,1,0.7000000000000003,0.9888382842362016,0.9821503181968372
0,47.1,1,4.0,2,0,1,0.7,0.9881133883154535,1.0554950206700058
0,47.1,1,4.0,3,0,1,0.7,0.9881133883154535,1.0554950206700058
0,47.1,1,4.0,4,0,1,0.7,0.9881133883154535,1.0554950206700058
0,65.2,1,1.0,1,125,1,0.7,0.9920163018839019,0.9188423539668782
0,65.2,1,1.0,2,125,1,0.7,0.9852622155883043,1.0569983304834896
0,65.2,1,1.0,3,125,1,0.7,0.9852622155883043,1.0569983304834896
0,65.2,1,1.0,4,125,1,0.7,0.9852622155883043,1.0569983304834896
0,65.2,1,2.0,1,150,1,0.7,0.9901778871328135,0.9189420352730214
0,65.2,1,2.0,2,150,1,0.7,0.985262215562342,1.0569983307899742
0,65.2,1,2.0,3,150,1,0.7,0.985262215562342,1.0569983307899742
0,65.2,1,2.0,4,150,1,0.7,0.985262215562342,1.0569983307899742
0,65.2,1,4.0,1,150,1,0.7000000000000003,0.9901778871328135,0.9189420352730214
0,65.2,1,4.0,2,150,1,0.7000000000000006,0.9851754893036455,1.0570928626516607
0,65.2,1,4.0,3,150,1,0.700000000000001,0.9851754893036455,1.0570928626516607
0,65.2,1,4.0,4,150,1,0.7000000000000013,0.9851754893036455,1.0570928626516607
0,79.3,1,1.0,1,125,1,0.7,0.9908293343709608,0.9189593981171202
0,79.3,1,1.0,2,125,1,0.7,0.9860956329560292,1.0547770384760824
0,79.3,1,1.0,3,125,1,0.7,0.9860956329560292,1.0547770384760824
0,79.3,1,1.0,4,125,1,0.7,0.9860956329560292,1.0547770384760824
0,79.3,1,2.0,1,150,1,0.7,0.98962291524684,0.91905014103158
0,79.3,1,2.0,2,150,1,0.7,0.9860956329512589,1.0547770381002863
0,79.3,1,2.0,3,150,1,0.7,0.9860956329512589,1.0547770381002863
0,79.3,1,2.0,4,150,1,0.7,0.9860956329512589,1.0547770381002863
0,79.3,1,4.0,1,150,1,0.7000000000000003,0.98962291524684,0.91905014103158
0,79.3,1,4.0,2,150,1,0.7000000000000006,0.9862280378206622,1.0527986347067
0,79.3,1,4.0,3,150,1,0.700000000000001,0.9862280378206622,1.0527986347067
0,79.3,1,4.0,4,150,1,0.7000000000000013,0.9862280378206622,1.0527986347067
1,47.1,1,1.0,1,125,1,0.7,0.9902377168670374,0.9565560673675448
1,47.1,1,1.0,2,0,1,0.7,0.9881106511916202,1.055778219756707
1,47.1,1,1.0,3,0,1,0.7,0.9881106511916202,1.055778219756707
1,47.1,1,1.0,4,0,1,0.7,0.9881106511916202,1.055778219756707
1,47.1,1,2.0,1,150,1,0.7,0.9930146083444424,0.9052465103931506
1,47.1,1,2.0,2,0,1,0.7,0.9881106511916202,1.055778219756707
1,47.1,1,2.0,3,0,1,0.7,0.9881106511916202,1.055778219756707
1,47.1,1,2.0,4,0,1,0.7,0.9881106511916202,1.055778219756707
1,47.1,1,4.0,1,150,1,0.7000000000000003,0.9888200686050196,0.9825664182800773
1,47.1,1,4.0,2,0,1,0.7,0.9881106511916202,1.055778219756707
1,47.1,1,4.0,3,0,1,0.7,0.9881106511916202,1.055778219756707
1,47.1,1,4.0,4,0,1,0.7,0.9881106511916202,1.055778219756707
1,65.2,1,1.0,1,125,1,0.7,0.9920118138928845,0.9192029673257127
1,65.2,1,1.0,2,125,1,0.7,0.9852520475103514,1.0572827267304963
1,65.2,1,1.0,3,125,1,0.7,0.9852520475103514,1.0572827267304963
1,65.2,1,1.0,4,125,1,0.7,0.9852520475103514,1.0572827267304963
1,65.2,1,2.0,1,150,1,0.7,0.9901734090850476,0.9193024027639008
1,65.2,1,2.0,2,150,1,0.7,0.9852520474844103,1.0572827270374399
1,65.2,1,2.0,3,150,1,0.7,0.9852520474844103,1.0572827270374399
1,65.2,1,2.0,4,150,1,0.7,0.9852520474844103,1.0572827270374399
1,65.2,1,4.0,1,150,1,0.7000000000000003,0.9901734090850476,0.9193024027639008
1,65.2,1,4.0,2,150,1,0.7000000000000006,0.9851653373624798,1.0573772918401882
1,65.2,1,4.0,3,150,1,0.700000000000001,0.9851653373624798,1.0573772918401882
1,65.2,1,4.0,4,150,1,0.7000000000000013,0.9851653373624798,1.0573772918401882
1,79.3,1,1.0,1,125,1,0.7,0.9908161042899253,0.9193231471849802
1,79.3,1,1.0,2,125,1,0.7,0.9860930598882237,1.0550576191309324
1,79.3,1,1.0,3,125,1,0.7,0.9860930598882237,1.0550576191309324
1,79.3,1,1.0,4,125,1,0.7,0.9860930598882237,1.0550576191309324
1,79.3,1,2.0,1,150,1,0.7,0.989609633229781,0.9194144249152835
1,79.3,1,2.0,2,150,1,0.7,0.9860930598835995,1.0550576187546947
1,79.3,1,2.0,3,150,1,0.7,0.9860930598835995,1.0550576187546947
1,79.3,1,2.0,4,150,1,0.7,0.9860930598835995,1.0550576187546947
1,79.3,1,4.0,1,150,1,0.7000000000000003,0.989609633229781,0.9194144249152835
1,79.3,1,4.0,2,150,1,0.7000000000000006,0.986225459162472,1.0530792141467509
1,79.3,1,4.0,3,150,1,0.700000000000001,0.986225459162472,1.0530792141467509
1,79.3,1,4.0,4,150,1,0.7000000000000013,0.986225459162472,1.0530792141467509
