scenario,site,duration_h,recovery_h,events,service_kw,accepted,terminal_soc,min_v,max_line
shoulder_3,47.1,2,1.0,1,25,1,0.7000000000000004,0.9931429848425143,1.078262630580296
shoulder_3,47.1,2,1.0,2,25,1,0.7000000000000008,0.9931429848425143,1.078262630580296
shoulder_3,47.1,2,1.0,3,25,1,0.7000000000000013,0.9931429848425143,1.078262630580296
shoulder_3,47.1,2,2.0,1,50,1,0.7,0.9931429848425143,1.078262630580296
shoulder_3,47.1,2,2.0,2,50,1,0.7,0.9931429848425143,1.078262630580296
shoulder_3,47.1,2,2.0,3,50,1,0.7,0.9931429848425143,1.078262630580296
shoulder_3,65.2,2,1.0,1,50,1,0.6999999999999998,0.9938887179006053,1.05519374625856
shoulder_3,65.2,2,1.0,2,50,1,0.6999999999999997,0.9938887179006053,1.05519374625856
shoulder_3,65.2,2,1.0,3,50,1,0.6999999999999996,0.9938887179006053,1.05519374625856
shoulder_3,65.2,2,2.0,1,75,1,0.7,0.9916288734549067,1.0553544656286453
shoulder_3,65.2,2,2.0,2,75,1,0.7,0.9916288734549067,1.0553544656286453
shoulder_3,65.2,2,2.0,3,75,1,0.7,0.9916288734549067,1.0553544656286453
shoulder_3,79.3,2,1.0,1,50,1,0.6999999999999998,0.9933514055482789,1.0573109105362504
shoulder_3,79.3,2,1.0,2,50,1,0.6999999999999997,0.9933514055482789,1.0573109105362504
shoulder_3,79.3,2,1.0,3,50,1,0.6999999999999996,0.9933514055482789,1.0573109105362504
shoulder_3,79.3,2,2.0,1,75,1,0.7,0.9908614039113407,1.0555661049593872
shoulder_3,79.3,2,2.0,2,75,1,0.7,0.9908614039113407,1.0555661049593872
shoulder_3,79.3,2,2.0,3,75,1,0.7,0.9908614039113407,1.0555661049593872
summer_3,47.1,2,1.0,1,25,1,0.7000000000000004,0.9931402891686492,1.0785448907083532
summer_3,47.1,2,1.0,2,25,1,0.7000000000000008,0.9931402891686492,1.0785448907083532
summer_3,47.1,2,1.0,3,25,1,0.7000000000000013,0.9931402891686492,1.0785448907083532
summer_3,47.1,2,2.0,1,50,1,0.7,0.9931402891686492,1.0785448907083532
summer_3,47.1,2,2.0,2,50,1,0.7,0.9931402891686492,1.0785448907083532
summer_3,47.1,2,2.0,3,50,1,0.7,0.9931402891686492,1.0785448907083532
summer_3,65.2,2,1.0,1,50,1,0.6999999999999998,0.9938860577794715,1.0554737542202346
summer_3,65.2,2,1.0,2,50,1,0.6999999999999997,0.9938860577794715,1.0554737542202346
summer_3,65.2,2,1.0,3,50,1,0.6999999999999996,0.9938860577794715,1.0554737542202346
summer_3,65.2,2,2.0,1,75,1,0.7,0.9916188190537659,1.0556340559937485
summer_3,65.2,2,2.0,2,75,1,0.7,0.9916188190537659,1.0556340559937485
summer_3,65.2,2,2.0,3,75,1,0.7,0.9916188190537659,1.0556340559937485
summer_3,79.3,2,1.0,1,50,1,0.6999999999999998,0.9933414097508926,1.0575924253080036
summer_3,79.3,2,1.0,2,50,1,0.6999999999999997,0.9933414097508926,1.0575924253080036
summer_3,79.3,2,1.0,3,50,1,0.6999999999999996,0.9933414097508926,1.0575924253080036
summer_3,79.3,2,2.0,1,75,1,0.7,0.990851273711693,1.0558485818327177
summer_3,79.3,2,2.0,2,75,1,0.7,0.990851273711693,1.0558485818327177
summer_3,79.3,2,2.0,3,75,1,0.7,0.990851273711693,1.0558485818327177
winter_3,47.1,2,1.0,1,25,1,0.7000000000000004,0.9932262742229694,1.076389488624178
winter_3,47.1,2,1.0,2,25,1,0.7000000000000008,0.9932262742229694,1.076389488624178
winter_3,47.1,2,1.0,3,25,1,0.7000000000000013,0.9932262742229694,1.076389488624178
winter_3,47.1,2,2.0,1,50,1,0.7,0.9932262742229694,1.076389488624178
winter_3,47.1,2,2.0,2,50,1,0.7,0.9932262742229694,1.076389488624178
winter_3,47.1,2,2.0,3,50,1,0.7,0.9932262742229694,1.076389488624178
winter_3,65.2,2,1.0,1,50,1,0.6999999999999998,0.993971678850107,1.0533160109396418
winter_3,65.2,2,1.0,2,50,1,0.6999999999999997,0.993971678850107,1.0533160109396418
winter_3,65.2,2,1.0,3,50,1,0.6999999999999996,0.993971678850107,1.0533160109396418
winter_3,65.2,2,2.0,1,75,1,0.7,0.9917219211366874,1.053476605028566
winter_3,65.2,2,2.0,2,75,1,0.7,0.9917219211366874,1.053476605028566
winter_3,65.2,2,2.0,3,75,1,0.7,0.9917219211366874,1.053476605028566
winter_3,79.3,2,1.0,1,50,1,0.6999999999999998,0.9934455933013023,1.0554300859264703
winter_3,79.3,2,1.0,2,50,1,0.6999999999999997,0.9934455933013023,1.0554300859264703
winter_3,79.3,2,1.0,3,50,1,0.6999999999999996,0.9934455933013023,1.0554300859264703
winter_3,79.3,2,2.0,1,75,1,0.7,0.9909548311244722,1.053690557028662
winter_3,79.3,2,2.0,2,75,1,0.7,0.9909548311244722,1.053690557028662
winter_3,79.3,2,2.0,3,75,1,0.7,0.9909548311244722,1.053690557028662
