site,load_scale,pv_fraction,duration_h,recovery_h,service_kw,accepted,min_v_pu,max_line_loading
47.1,0.5,0.5,0.5,2.0,150,1,0.9864712678612438,0.8881764226241962
47.1,0.5,0.5,0.5,4.0,150,1,0.9864709399696142,0.8881796191344072
47.1,0.5,0.5,1.0,2.0,150,1,0.9864712679254941,0.888176420233659
47.1,0.5,0.5,1.0,4.0,150,1,0.9864712678612431,0.8881764226241802
47.1,0.5,0.9,0.5,2.0,150,1,0.9881539099594199,0.8072898094211679
47.1,0.5,0.9,0.5,4.0,150,1,0.9881539099019261,0.8072898105742445
47.1,0.5,0.9,1.0,2.0,150,1,0.988153910070573,0.8072898071738895
47.1,0.5,0.9,1.0,4.0,150,1,0.9881539099594158,0.807289809421175
47.1,0.7,0.5,0.5,2.0,0,0,nan,nan
47.1,0.7,0.5,0.5,4.0,0,0,nan,nan
47.1,0.7,0.5,1.0,2.0,0,0,nan,nan
47.1,0.7,0.5,1.0,4.0,0,0,nan,nan
47.1,0.7,0.9,0.5,2.0,0,1,0.9955592318764029,1.019292074789137
47.1,0.7,0.9,0.5,4.0,0,1,0.9955592318764029,1.019292074789137
47.1,0.7,0.9,1.0,2.0,0,1,0.9955592318764029,1.019292074789137
47.1,0.7,0.9,1.0,4.0,0,1,0.9955592318764029,1.019292074789137
65.2,0.5,0.5,0.5,2.0,150,1,0.9911060104216467,0.7346030121278063
65.2,0.5,0.5,0.5,4.0,150,1,0.9911060104080829,0.7345247881728008
65.2,0.5,0.5,1.0,2.0,150,1,0.9911060104482867,0.7346718417607172
65.2,0.5,0.5,1.0,4.0,150,1,0.9911060104216467,0.7346030121278063
65.2,0.5,0.9,0.5,2.0,150,1,0.9921869627653394,0.6550226008506336
65.2,0.5,0.9,0.5,4.0,150,1,0.9921869627551338,0.6549127435986003
65.2,0.5,0.9,1.0,2.0,150,1,0.9921869627854323,0.6552406321025249
65.2,0.5,0.9,1.0,4.0,150,1,0.9921869627653394,0.6550226008506336
65.2,0.7,0.5,0.5,2.0,0,0,nan,nan
65.2,0.7,0.5,0.5,4.0,0,0,nan,nan
65.2,0.7,0.5,1.0,2.0,0,0,nan,nan
65.2,0.7,0.5,1.0,4.0,0,0,nan,nan
65.2,0.7,0.9,0.5,2.0,150,1,0.9932212591833012,1.0195336449547696
65.2,0.7,0.9,0.5,4.0,150,1,0.9932212590512958,1.0194663103264263
65.2,0.7,0.9,1.0,2.0,150,1,0.9932212594435875,1.019666612233356
65.2,0.7,0.9,1.0,4.0,150,1,0.9932212591833012,1.0195336449547696
79.3,0.5,0.5,0.5,2.0,150,1,0.9937982686961246,0.773923341294644
79.3,0.5,0.5,0.5,4.0,150,1,0.993798268639202,0.7739233428423049
79.3,0.5,0.5,1.0,2.0,150,1,0.993198323409347,0.7739233353680022
79.3,0.5,0.5,1.0,4.0,150,1,0.9937982686961243,0.7739233412946356
79.3,0.5,0.9,0.5,2.0,150,1,0.9930370407546303,0.730228636958499
79.3,0.5,0.9,0.5,4.0,150,1,0.9933001059540266,0.730228643708623
79.3,0.5,0.9,1.0,2.0,150,1,0.9925580139585138,0.7302249588472894
79.3,0.5,0.9,1.0,4.0,150,1,0.9930370407546303,0.7302286369585126
79.3,0.7,0.5,0.5,2.0,0,0,nan,nan
79.3,0.7,0.5,0.5,4.0,0,0,nan,nan
79.3,0.7,0.5,1.0,2.0,0,0,nan,nan
79.3,0.7,0.5,1.0,4.0,0,0,nan,nan
79.3,0.7,0.9,0.5,2.0,150,1,0.9937046857968372,1.0193982217433506
79.3,0.7,0.9,0.5,4.0,150,1,0.9937046857674348,1.0193474583125137
79.3,0.7,0.9,1.0,2.0,150,1,0.9936747700669912,1.019501911663129
79.3,0.7,0.9,1.0,4.0,150,1,0.9937046857968372,1.0193982806335908
