scenario,date,site,telemetry,forecast_error,service_kw,accepted,min_v,max_line
opsd_shoulder_1,2016-04-16,634.1,0.0,0.0,148.2,1,0.9856416517859341,0.8670908554405667
opsd_shoulder_1,2016-04-16,634.1,0.0,0.1,103.19999999999999,1,0.9920593987686377,0.9625348731329025
opsd_shoulder_1,2016-04-16,634.1,1.0,0.0,148.2,1,0.9856416517859341,0.8670908554405667
opsd_shoulder_1,2016-04-16,634.1,1.0,0.1,136.95000000000002,1,0.9880957642570384,0.9628334107966549
opsd_shoulder_1,2016-04-16,645.2,0.0,0.0,148.2,1,1.0000093619612365,0.8673110359501078
opsd_shoulder_1,2016-04-16,645.2,0.0,0.1,103.19999999999999,1,0.9985490914839428,0.9627507253626577
opsd_shoulder_1,2016-04-16,645.2,1.0,0.0,148.2,1,1.0000093619612365,0.8673110359501078
opsd_shoulder_1,2016-04-16,645.2,1.0,0.1,136.95000000000002,1,0.9977705924884978,0.9631936253465995
opsd_shoulder_2,2016-04-15,634.1,0.0,0.0,148.2,1,0.9856903993271995,0.8657537916438648
opsd_shoulder_2,2016-04-15,634.1,0.0,0.1,103.19999999999999,1,0.9921164297165525,0.961042726113536
opsd_shoulder_2,2016-04-15,634.1,1.0,0.0,148.2,1,0.9856903993271995,0.8657537916438648
opsd_shoulder_2,2016-04-15,634.1,1.0,0.1,136.95000000000002,1,0.9881533608958104,0.9613403136534977
opsd_shoulder_2,2016-04-15,645.2,0.0,0.0,148.2,1,1.0000095292852735,0.8659759041566724
opsd_shoulder_2,2016-04-15,645.2,0.0,0.1,103.19999999999999,1,0.9986072916034385,0.9612594031711665
opsd_shoulder_2,2016-04-15,645.2,1.0,0.0,148.2,1,1.0000095292852735,0.8659759041566724
opsd_shoulder_2,2016-04-15,645.2,1.0,0.1,136.95000000000002,1,0.9978287963048685,0.9617016844313784
opsd_summer_1,2015-08-31,634.1,0.0,0.0,148.2,1,0.9856416517859341,0.8670908554405667
opsd_summer_1,2015-08-31,634.1,0.0,0.1,103.19999999999999,1,0.9920593987686377,0.9625348731329025
opsd_summer_1,2015-08-31,634.1,1.0,0.0,148.2,1,0.9856416517859341,0.8670908554405667
opsd_summer_1,2015-08-31,634.1,1.0,0.1,136.95000000000002,1,0.9880957642570384,0.9628334107966549
opsd_summer_1,2015-08-31,645.2,0.0,0.0,148.2,1,1.0000093619612365,0.8673110359501078
opsd_summer_1,2015-08-31,645.2,0.0,0.1,103.19999999999999,1,0.9985490914839428,0.9627507253626577
opsd_summer_1,2015-08-31,645.2,1.0,0.0,148.2,1,1.0000093619612365,0.8673110359501078
opsd_summer_1,2015-08-31,645.2,1.0,0.1,136.95000000000002,1,0.9977705924884978,0.9631936253465995
opsd_summer_2,2015-08-30,634.1,0.0,0.0,148.2,1,0.985720069130153,0.8649400869464833
opsd_summer_2,2015-08-30,634.1,0.0,0.1,103.19999999999999,1,0.9921511417929525,0.9601346855380202
opsd_summer_2,2015-08-30,634.1,1.0,0.0,148.2,1,0.985720069130153,0.8649400869464833
opsd_summer_2,2015-08-30,634.1,1.0,0.1,136.95000000000002,1,0.9881884171949115,0.9604316949035091
opsd_summer_2,2015-08-30,645.2,0.0,0.0,148.2,1,1.0000096311259912,0.8651633859400368
opsd_summer_2,2015-08-30,645.2,0.0,0.1,103.19999999999999,1,0.9986427174599142,0.960351869206049
opsd_summer_2,2015-08-30,645.2,1.0,0.0,148.2,1,1.0000096311259912,0.8651633859400368
opsd_summer_2,2015-08-30,645.2,1.0,0.1,136.95000000000002,1,0.9978642244134465,0.9607937736329982
opsd_winter_1,2016-02-28,634.1,0.0,0.0,148.2,1,0.9856815120240209,0.865997526328116
opsd_winter_1,2016-02-28,634.1,0.0,0.1,103.19999999999999,1,0.9921060319692622,0.9613147471944568
opsd_winter_1,2016-02-28,634.1,1.0,0.0,148.2,1,0.9856815120240209,0.865997526328116
opsd_winter_1,2016-02-28,634.1,1.0,0.1,136.95000000000002,1,0.9881428600259394,0.961612507932682
opsd_winter_1,2016-02-28,645.2,0.0,0.0,148.2,1,1.0000094987812347,0.8662192918318713
opsd_winter_1,2016-02-28,645.2,0.0,0.1,103.19999999999999,1,0.9985966803108202,0.961531279776484
opsd_winter_1,2016-02-28,645.2,1.0,0.0,148.2,1,1.0000094987812347,0.8662192918318713
opsd_winter_1,2016-02-28,645.2,1.0,0.1,136.95000000000002,1,0.9978181843437086,0.9619736738672222
opsd_winter_2,2016-02-29,634.1,0.0,0.0,148.2,1,0.9856017887348173,0.8681844311303551
opsd_winter_2,2016-02-29,634.1,0.0,0.1,103.19999999999999,1,0.9920127615535022,0.9637552445728454
opsd_winter_2,2016-02-29,634.1,1.0,0.0,148.2,1,0.9856017887348173,0.8681844311303551
opsd_winter_2,2016-02-29,634.1,1.0,0.1,136.95000000000002,1,0.9880486643224073,0.9640545593880582
opsd_winter_2,2016-02-29,645.2,0.0,0.0,148.2,1,1.0000092251291308,0.8684030255961015
opsd_winter_2,2016-02-29,645.2,0.0,0.1,103.19999999999999,1,0.998501500333725,0.9639704166609633
opsd_winter_2,2016-02-29,645.2,1.0,0.0,148.2,1,1.0000092251291308,0.8684030255961015
opsd_winter_2,2016-02-29,645.2,1.0,0.1,136.95000000000002,1,0.9977229983139886,0.9644138222866365
