site,load_scale,pv_fraction,duration_h,recovery_h,telemetry,forecast_error,accepted,service_kw,soc_final,n_audits,min_v_pu,max_v_pu,max_line_loading,mean_loss_kw,false_safe
634.1,0.5,0.25,0.25,1.0,0.0,0.0,1,148.2,0.6999999999999997,10,0.9932720999389361,1.041407125521189,0.7425587553151037,27.54478757682211,0
634.1,0.5,0.25,0.25,1.0,0.0,0.1,1,103.19999999999999,0.7000000000000002,10,0.9942808944494815,1.0398188504834283,0.7753061865302651,31.50169949287087,0
634.1,0.5,0.25,0.25,1.0,0.5,0.0,1,148.2,0.6999999999999997,10,0.9932720999389361,1.041407125521189,0.7425587553151037,27.54478757682211,0
634.1,0.5,0.25,0.25,1.0,0.5,0.1,1,120.075,0.7000000000000002,10,0.9923399423230893,1.040444167404156,0.7929618373023274,32.20179306091416,0
634.1,0.5,0.25,0.25,1.0,1.0,0.0,1,148.2,0.6999999999999997,10,0.9932720999389361,1.041407125521189,0.7425587553151037,27.54478757682211,0
634.1,0.5,0.25,0.25,1.0,1.0,0.1,1,136.95000000000002,0.7,10,0.9903785654202595,1.0410725019381288,0.8107336958611501,32.975470155401574,0
634.1,0.5,0.25,0.25,4.0,0.0,0.0,1,148.2,0.7000000000000015,34,0.9932710626053514,1.0414078019240651,0.7425692363008113,28.590005377970428,0
634.1,0.5,0.25,0.25,4.0,0.0,0.1,1,103.19999999999999,0.6999999999999993,34,0.9942806347142287,1.0398192254103644,0.7753106580511946,32.232960203719365,0
634.1,0.5,0.25,0.25,4.0,0.5,0.0,1,148.2,0.7000000000000015,34,0.9932710626053514,1.0414078019240651,0.7425692363008113,28.590005377970428,0
634.1,0.5,0.25,0.25,4.0,0.5,0.1,1,120.075,0.6999999999999984,34,0.9923393127684699,1.0404447654667852,0.7929699004478876,33.10051483125819,0
634.1,0.5,0.25,0.25,4.0,1.0,0.0,1,148.2,0.7000000000000015,34,0.9932710626053514,1.0414078019240651,0.7425692363008113,28.590005377970428,0
634.1,0.5,0.25,0.25,4.0,1.0,0.1,1,136.95000000000002,0.7000000000000008,34,0.9903775028293971,1.0410732943973935,0.8107453481076893,34.03153829131801,0
634.1,0.5,0.25,1.0,1.0,0.0,0.0,1,135.0,0.7,16,0.9947979186678456,1.0409196112748682,0.7286481323976243,24.580595648617603,0
634.1,0.5,0.25,1.0,1.0,0.0,0.1,1,103.19999999999999,0.7,16,0.994281737665579,1.0398174718898396,0.7752903795729164,29.361541082822722,0
634.1,0.5,0.25,1.0,1.0,0.5,0.0,1,135.0,0.7,16,0.9947979186678456,1.0409196112748682,0.7286481323976243,24.580595648617603,0
634.1,0.5,0.25,1.0,1.0,0.5,0.1,1,120.075,0.6999999999999997,16,0.9923420645741338,1.0404420029881278,0.7929335759944578,29.715413736862608,0
634.1,0.5,0.25,1.0,1.0,1.0,0.0,1,135.0,0.7,16,0.9947979186678456,1.0409196112748682,0.7286481323976243,24.580595648617603,0
634.1,0.5,0.25,1.0,1.0,1.0,0.1,1,135.0,0.7,16,0.9905997410436884,1.0410044373798455,0.8087445017070145,30.154974126026787,0
634.1,0.5,0.25,1.0,4.0,0.0,0.0,1,148.2,0.6999999999999993,40,0.9932720999389361,1.041407125521189,0.7425587553151037,27.54478757682211,0
634.1,0.5,0.25,1.0,4.0,0.0,0.1,1,103.19999999999999,0.7000000000000008,40,0.9942808944494815,1.0398188504834283,0.7753061865302651,31.501699492870863,0
634.1,0.5,0.25,1.0,4.0,0.5,0.0,1,148.2,0.6999999999999993,40,0.9932720999389361,1.041407125521189,0.7425587553151037,27.54478757682211,0
634.1,0.5,0.25,1.0,4.0,0.5,0.1,1,120.075,0.7000000000000004,40,0.9923399423230893,1.040444167404156,0.7929618373023274,32.201793060914156,0
634.1,0.5,0.25,1.0,4.0,1.0,0.0,1,148.2,0.6999999999999993,40,0.9932720999389361,1.041407125521189,0.7425587553151037,27.54478757682211,0
634.1,0.5,0.25,1.0,4.0,1.0,0.1,1,136.95000000000002,0.7,40,0.9903785654202595,1.0410725019381288,0.8107336958611501,32.975470155401574,0
634.1,0.5,0.95,0.25,1.0,0.0,0.0,1,148.2,0.6999999999999997,10,0.9917299777944233,1.03750042968449,0.6769332014300786,22.73388478790295,0
634.1,0.5,0.95,0.25,1.0,0.0,0.1,1,103.19999999999999,0.7000000000000002,10,0.9989361460879386,1.0374938080338196,0.7526197314529445,26.32818023065027,0
634.1,0.5,0.95,0.25,1.0,0.5,0.0,1,148.2,0.6999999999999997,10,0.9917299777944233,1.03750042968449,0.6769332014300786,22.73388478790295,0
634.1,0.5,0.95,0.25,1.0,0.5,0.1,1,120.075,0.7000000000000002,10,0.9970205297295062,1.037494687772657,0.7526910849900371,26.929866118602224,0
634.1,0.5,0.95,0.25,1.0,1.0,0.0,1,148.2,0.6999999999999997,10,0.9917299777944233,1.03750042968449,0.6769332014300786,22.73388478790295,0
634.1,0.5,0.95,0.25,1.0,1.0,0.1,1,136.95000000000002,0.7,10,0.995084901489969,1.0374951248508064,0.7527624166954324,27.597703290098355,0
634.1,0.5,0.95,0.25,4.0,0.0,0.0,1,148.2,0.7000000000000015,34,0.9917291069496017,1.0375004289532954,0.6769380307251572,23.54765473266222,0
634.1,0.5,0.95,0.25,4.0,0.0,0.1,1,103.19999999999999,0.6999999999999993,34,0.9989359988031026,1.0374917990256831,0.7526240636452264,26.90798927067246,0
634.1,0.5,0.95,0.25,4.0,0.5,0.0,1,148.2,0.7000000000000015,34,0.9917291069496017,1.0375004289532954,0.6769380307251572,23.54765473266222,0
634.1,0.5,0.95,0.25,4.0,0.5,0.1,1,120.075,0.6999999999999984,34,0.9970200848159245,1.037492023149382,0.7526968373463576,27.645773483822186,0
634.1,0.5,0.95,0.25,4.0,1.0,0.0,1,148.2,0.7000000000000015,34,0.9917291069496017,1.0375004289532954,0.6769380307251572,23.54765473266222,0
634.1,0.5,0.95,0.25,4.0,1.0,0.1,1,136.95000000000002,0.7000000000000008,34,0.9950840889859257,1.0374921350407267,0.7527688650695449,28.445272616881024,0
634.1,0.5,0.95,1.0,1.0,0.0,0.0,1,135.0,0.7,16,0.9932530549865097,1.0374999787799057,0.6768764686712813,20.67300169100318,0
634.1,0.5,0.95,1.0,1.0,0.0,0.1,1,103.19999999999999,0.7,16,0.9989365798243416,1.0375014653543848,0.7526023690669361,24.771939747279525,0
634.1,0.5,0.95,1.0,1.0,0.5,0.0,1,135.0,0.7,16,0.9932530549865097,1.0374999787799057,0.6768764686712813,20.67300169100318,0
634.1,0.5,0.95,1.0,1.0,0.5,0.1,1,120.075,0.6999999999999997,16,0.9970219921979098,1.0375046784867767,0.7526680211779295,25.177657286756997,0
634.1,0.5,0.95,1.0,1.0,1.0,0.0,1,135.0,0.7,16,0.9932530549865097,1.0374999787799057,0.6768764686712813,20.67300169100318,0
634.1,0.5,0.95,1.0,1.0,1.0,0.1,1,135.0,0.7,16,0.9953045270137422,1.0375046784867767,0.7527872388131556,25.554183707163382,0
634.1,0.5,0.95,1.0,4.0,0.0,0.0,1,148.2,0.6999999999999993,40,0.9917299777944233,1.03750042968449,0.6769332014300786,22.73388478790295,0
634.1,0.5,0.95,1.0,4.0,0.0,0.1,1,103.19999999999999,0.7000000000000008,40,0.9989361460879386,1.0374938080338196,0.7526197314529445,26.32818023065027,0
634.1,0.5,0.95,1.0,4.0,0.5,0.0,1,148.2,0.6999999999999993,40,0.9917299777944233,1.03750042968449,0.6769332014300786,22.73388478790295,0
634.1,0.5,0.95,1.0,4.0,0.5,0.1,1,120.075,0.7000000000000004,40,0.9970205297295062,1.037494687772657,0.7526910849900371,26.929866118602217,0
634.1,0.5,0.95,1.0,4.0,1.0,0.0,1,148.2,0.6999999999999993,40,0.9917299777944233,1.03750042968449,0.6769332014300786,22.73388478790295,0
634.1,0.5,0.95,1.0,4.0,1.0,0.1,1,136.95000000000002,0.7,40,0.995084901489969,1.0374951248508064,0.7527624166954324,27.597703290098355,0
634.1,0.7,0.25,0.25,1.0,0.0,0.0,1,148.2,0.6999999999999997,10,0.9835406103896983,1.0499283816958664,1.03621380627349,54.05415903839986,0
634.1,0.7,0.25,0.25,1.0,0.0,0.1,0,0.0,0.7,0,nan,nan,nan,nan,0
634.1,0.7,0.25,0.25,1.0,0.5,0.0,1,148.2,0.6999999999999997,10,0.9835406103896983,1.0499283816958664,1.03621380627349,54.05415903839986,0
634.1,0.7,0.25,0.25,1.0,0.5,0.1,0,0.0,0.7,0,nan,nan,nan,nan,0
634.1,0.7,0.25,0.25,1.0,1.0,0.0,1,148.2,0.6999999999999997,10,0.9835406103896983,1.0499283816958664,1.03621380627349,54.05415903839986,0
634.1,0.7,0.25,0.25,1.0,1.0,0.1,0,0.0,0.7,0,nan,nan,nan,nan,0
634.1,0.7,0.25,0.25,4.0,0.0,0.0,1,148.2,0.7000000000000015,34,0.9835403932764056,1.0499283814079539,1.0362162645516617,55.49211084347337,0
634.1,0.7,0.25,0.25,4.0,0.0,0.1,0,0.0,0.7,0,nan,nan,nan,nan,0
634.1,0.7,0.25,0.25,4.0,0.5,0.0,1,148.2,0.7000000000000015,34,0.9835403932764056,1.0499283814079539,1.0362162645516617,55.49211084347337,0
634.1,0.7,0.25,0.25,4.0,0.5,0.1,0,0.0,0.7,0,nan,nan,nan,nan,0
634.1,0.7,0.25,0.25,4.0,1.0,0.0,1,148.2,0.7000000000000015,34,0.9835403932764056,1.0499283814079539,1.0362162645516617,55.49211084347337,0
634.1,0.7,0.25,0.25,4.0,1.0,0.1,0,0.0,0.7,0,nan,nan,nan,nan,0
634.1,0.7,0.25,1.0,1.0,0.0,0.0,1,135.0,0.7,16,0.9851248845456632,1.0499279424892687,1.0222860140319074,49.58531319066494,0
634.1,0.7,0.25,1.0,1.0,0.0,0.1,0,0.0,0.7,0,nan,nan,nan,nan,0
634.1,0.7,0.25,1.0,1.0,0.5,0.0,1,135.0,0.7,16,0.9851248845456632,1.0499279424892687,1.0222860140319074,49.58531319066494,0
634.1,0.7,0.25,1.0,1.0,0.5,0.1,0,0.0,0.7,0,nan,nan,nan,nan,0
634.1,0.7,0.25,1.0,1.0,1.0,0.0,1,135.0,0.7,16,0.9851248845456632,1.0499279424892687,1.0222860140319074,49.58531319066494,0
634.1,0.7,0.25,1.0,1.0,1.0,0.1,0,0.0,0.7,0,nan,nan,nan,nan,0
634.1,0.7,0.25,1.0,4.0,0.0,0.0,1,148.2,0.6999999999999993,40,0.9835406103896983,1.0499283816958664,1.03621380627349,54.05415903839986,0
634.1,0.7,0.25,1.0,4.0,0.0,0.1,0,0.0,0.7,0,nan,nan,nan,nan,0
634.1,0.7,0.25,1.0,4.0,0.5,0.0,1,148.2,0.6999999999999993,40,0.9835406103896983,1.0499283816958664,1.03621380627349,54.05415903839986,0
634.1,0.7,0.25,1.0,4.0,0.5,0.1,0,0.0,0.7,0,nan,nan,nan,nan,0
634.1,0.7,0.25,1.0,4.0,1.0,0.0,1,148.2,0.6999999999999993,40,0.9835406103896983,1.0499283816958664,1.03621380627349,54.05415903839986,0
634.1,0.7,0.25,1.0,4.0,1.0,0.1,0,0.0,0.7,0,nan,nan,nan,nan,0
634.1,0.7,0.95,0.25,1.0,0.0,0.0,1,148.2,0.6999999999999997,10,0.9890858340403252,1.0499227132141338,0.9821915604927871,45.82192039327428,0
634.1,0.7,0.95,0.25,1.0,0.0,0.1,0,0.0,0.7,0,nan,nan,nan,nan,0
634.1,0.7,0.95,0.25,1.0,0.5,0.0,1,148.2,0.6999999999999997,10,0.9890858340403252,1.0499227132141338,0.9821915604927871,45.82192039327428,0
634.1,0.7,0.95,0.25,1.0,0.5,0.1,0,0.0,0.7,0,nan,nan,nan,nan,0
634.1,0.7,0.95,0.25,1.0,1.0,0.0,1,148.2,0.6999999999999997,10,0.9890858340403252,1.0499227132141338,0.9821915604927871,45.82192039327428,0
634.1,0.7,0.95,0.25,1.0,1.0,0.1,0,0.0,0.7,0,nan,nan,nan,nan,0
634.1,0.7,0.95,0.25,4.0,0.0,0.0,1,148.2,0.7000000000000015,34,0.9890856908937457,1.0499227129353144,0.9821931550230667,47.00636857948375,0
634.1,0.7,0.95,0.25,4.0,0.0,0.1,0,0.0,0.7,0,nan,nan,nan,nan,0
634.1,0.7,0.95,0.25,4.0,0.5,0.0,1,148.2,0.7000000000000015,34,0.9890856908937457,1.0499227129353144,0.9821931550230667,47.00636857948375,0
634.1,0.7,0.95,0.25,4.0,0.5,0.1,0,0.0,0.7,0,nan,nan,nan,nan,0
634.1,0.7,0.95,0.25,4.0,1.0,0.0,1,148.2,0.7000000000000015,34,0.9890856908937457,1.0499227129353144,0.9821931550230667,47.00636857948375,0
634.1,0.7,0.95,0.25,4.0,1.0,0.1,0,0.0,0.7,0,nan,nan,nan,nan,0
634.1,0.7,0.95,1.0,1.0,0.0,0.0,1,135.0,0.7,16,0.9906453919384358,1.049922268568775,0.9820850487103796,42.327390416459764,0
634.1,0.7,0.95,1.0,1.0,0.0,0.1,0,0.0,0.7,0,nan,nan,nan,nan,0
634.1,0.7,0.95,1.0,1.0,0.5,0.0,1,135.0,0.7,16,0.9906453919384358,1.049922268568775,0.9820850487103796,42.327390416459764,0
634.1,0.7,0.95,1.0,1.0,0.5,0.1,0,0.0,0.7,0,nan,nan,nan,nan,0
634.1,0.7,0.95,1.0,1.0,1.0,0.0,1,135.0,0.7,16,0.9906453919384358,1.049922268568775,0.9820850487103796,42.327390416459764,0
634.1,0.7,0.95,1.0,1.0,1.0,0.1,0,0.0,0.7,0,nan,nan,nan,nan,0
634.1,0.7,0.95,1.0,4.0,0.0,0.0,1,148.2,0.6999999999999993,40,0.9890858340403252,1.0499227132141338,0.9821915604927871,45.82192039327428,0
634.1,0.7,0.95,1.0,4.0,0.0,0.1,0,0.0,0.7,0,nan,nan,nan,nan,0
634.1,0.7,0.95,1.0,4.0,0.5,0.0,1,148.2,0.6999999999999993,40,0.9890858340403252,1.0499227132141338,0.9821915604927871,45.82192039327428,0
634.1,0.7,0.95,1.0,4.0,0.5,0.1,0,0.0,0.7,0,nan,nan,nan,nan,0
634.1,0.7,0.95,1.0,4.0,1.0,0.0,1,148.2,0.6999999999999993,40,0.9890858340403252,1.0499227132141338,0.9821915604927871,45.82192039327428,0
634.1,0.7,0.95,1.0,4.0,1.0,0.1,0,0.0,0.7,0,nan,nan,nan,nan,0
645.2,0.5,0.25,0.25,1.0,0.0,0.0,1,148.2,0.6999999999999997,10,1.00003566837528,1.0375033352344187,0.6767633470974684,25.257582923479042,0
645.2,0.5,0.25,0.25,1.0,0.0,0.1,1,103.19999999999999,0.7000000000000002,10,1.0000242308751421,1.0374837738933544,0.7530706379062642,29.96063917552552,0
645.2,0.5,0.25,0.25,1.0,0.5,0.0,1,148.2,0.6999999999999997,10,1.00003566837528,1.0375033352344187,0.6767633470974684,25.257582923479042,0
645.2,0.5,0.25,0.25,1.0,0.5,0.1,1,120.075,0.7000000000000002,10,1.000023939978763,1.0374841631103116,0.7531870691031475,30.3036773956833,0
645.2,0.5,0.25,0.25,1.0,1.0,0.0,1,148.2,0.6999999999999997,10,1.00003566837528,1.0375033352344187,0.6767633470974684,25.257582923479042,0
645.2,0.5,0.25,0.25,1.0,1.0,0.1,1,136.95000000000002,0.7,10,1.0000237944588726,1.0374843575407626,0.7532453173142329,30.680048010727894,0
645.2,0.5,0.25,0.25,4.0,0.0,0.0,1,148.2,0.7000000000000015,34,1.0000366507232503,1.0375020169866083,0.6764031734632258,25.828801899655797,0
645.2,0.5,0.25,0.25,4.0,0.0,0.1,1,103.19999999999999,0.6999999999999993,34,1.000024884227212,1.0374828984985949,0.7527993829668352,30.353979724359434,0
645.2,0.5,0.25,0.25,4.0,0.5,0.0,1,148.2,0.7000000000000015,34,1.0000366507232503,1.0375020169866083,0.6764031734632258,25.828801899655797,0
645.2,0.5,0.25,0.25,4.0,0.5,0.1,1,120.075,0.6999999999999984,34,1.0000248114766461,1.0374829968081893,0.7528252401098158,30.784432671345062,0
645.2,0.5,0.25,0.25,4.0,1.0,0.0,1,148.2,0.7000000000000015,34,1.0000366507232503,1.0375020169866083,0.6764031734632258,25.828801899655797,0
645.2,0.5,0.25,0.25,4.0,1.0,0.1,1,136.95000000000002,0.7000000000000008,34,1.0000247750973008,1.0374830459514313,0.7528381731217623,31.24014652895954,0
645.2,0.5,0.25,1.0,1.0,0.0,0.0,1,135.0,0.7,16,1.0000323048130635,1.0393046501266088,0.6779961441819914,23.48897943320832,0
645.2,0.5,0.25,1.0,1.0,0.0,0.1,1,103.19999999999999,0.7,16,1.0000216078649549,1.0385903890844537,0.7541579221517606,28.716442277986378,0
645.2,0.5,0.25,1.0,1.0,0.5,0.0,1,135.0,0.7,16,1.0000323048130635,1.0393046501266088,0.6779961441819914,23.48897943320832,0
645.2,0.5,0.25,1.0,1.0,0.5,0.1,1,120.075,0.6999999999999997,16,1.0000204369805124,1.0393833076762273,0.7546382601724007,28.82484872447248,0
645.2,0.5,0.25,1.0,1.0,1.0,0.0,1,135.0,0.7,16,1.0000323048130635,1.0393046501266088,0.6779961441819914,23.48897943320832,0
645.2,0.5,0.25,1.0,1.0,1.0,0.1,1,135.0,0.7,16,1.0000204369805124,1.0393833076762273,0.7546382601724007,29.0387712500982,0
645.2,0.5,0.25,1.0,4.0,0.0,0.0,1,148.2,0.6999999999999993,40,1.00003566837528,1.0375033352344187,0.6767633470974684,25.257582923479042,0
645.2,0.5,0.25,1.0,4.0,0.0,0.1,1,103.19999999999999,0.7000000000000008,40,1.0000242308751421,1.0374837738933544,0.7530706379062642,29.960639175525518,0
645.2,0.5,0.25,1.0,4.0,0.5,0.0,1,148.2,0.6999999999999993,40,1.00003566837528,1.0375033352344187,0.6767633470974684,25.257582923479042,0
645.2,0.5,0.25,1.0,4.0,0.5,0.1,1,120.075,0.7000000000000004,40,1.000023939978763,1.0374841631103116,0.7531870691031475,30.3036773956833,0
645.2,0.5,0.25,1.0,4.0,1.0,0.0,1,148.2,0.6999999999999993,40,1.00003566837528,1.0375033352344187,0.6767633470974684,25.257582923479042,0
645.2,0.5,0.25,1.0,4.0,1.0,0.1,1,136.95000000000002,0.7,40,1.0000237944588726,1.0374843575407626,0.7532453173142329,30.680048010727894,0
645.2,0.5,0.95,0.25,1.0,0.0,0.0,1,148.2,0.6999999999999997,10,1.000036139000574,1.0374971756631555,0.6769427856666386,21.60023249850752,0
645.2,0.5,0.95,0.25,1.0,0.0,0.1,1,103.19999999999999,0.7000000000000002,10,1.000027914628105,1.0374945541093719,0.7525322302870577,25.532243362848106,0
645.2,0.5,0.95,0.25,1.0,0.5,0.0,1,148.2,0.6999999999999997,10,1.000036139000574,1.0374971756631555,0.6769427856666386,21.60023249850752,0
645.2,0.5,0.95,0.25,1.0,0.5,0.1,1,120.075,0.7000000000000002,10,1.0000271030258174,1.037495147344719,0.7526474816700102,25.898498054381587,0
645.2,0.5,0.95,0.25,1.0,1.0,0.0,1,148.2,0.6999999999999997,10,1.000036139000574,1.0374971756631555,0.6769427856666386,21.60023249850752,0
645.2,0.5,0.95,0.25,1.0,1.0,0.1,1,136.95000000000002,0.7,10,1.0000262895465268,1.037495739631526,0.752705140558978,26.299920189994033,0
645.2,0.5,0.95,0.25,4.0,0.0,0.0,1,148.2,0.7000000000000015,34,1.0000361394363484,1.0374958408927442,0.6765847536555668,22.230013089659828,0
645.2,0.5,0.95,0.25,4.0,0.0,0.1,1,103.19999999999999,0.6999999999999993,34,1.0000279150457556,1.0374945539440343,0.752262074666198,25.959560002410438,0
645.2,0.5,0.95,0.25,4.0,0.5,0.0,1,148.2,0.7000000000000015,34,1.0000361394363484,1.0374958408927442,0.6765847536555668,22.230013089659828,0
645.2,0.5,0.95,0.25,4.0,0.5,0.1,1,120.075,0.6999999999999984,34,1.0000271035718162,1.0374951471298874,0.7522871182823476,26.420332397420832,0
645.2,0.5,0.95,0.25,4.0,1.0,0.0,1,148.2,0.7000000000000015,34,1.0000361394363484,1.0374958408927442,0.6765847536555668,22.230013089659828,0
645.2,0.5,0.95,0.25,4.0,1.0,0.1,1,136.95000000000002,0.7000000000000008,34,1.0000262901477264,1.0374957393963715,0.7522996451174382,26.90701321200851,0
645.2,0.5,0.95,1.0,1.0,0.0,0.0,1,135.0,0.7,16,1.0000367773797725,1.0375016824192602,0.6781685444921206,19.61205543173582,0
645.2,0.5,0.95,1.0,1.0,0.0,0.1,1,103.19999999999999,0.7,16,1.000027912954365,1.0374945547746728,0.7536150734721769,24.16059338545263,0
645.2,0.5,0.95,1.0,1.0,0.5,0.0,1,135.0,0.7,16,1.0000367773797725,1.0375016824192602,0.6781685444921206,19.61205543173582,0
645.2,0.5,0.95,1.0,1.0,0.5,0.1,1,120.075,0.6999999999999997,16,1.0000271008355692,1.037495148211251,0.7540927302167952,24.26059017701015,0
645.2,0.5,0.95,1.0,1.0,1.0,0.0,1,135.0,0.7,16,1.0000367773797725,1.0375016824192602,0.6781685444921206,19.61205543173582,0
645.2,0.5,0.95,1.0,1.0,1.0,0.1,1,135.0,0.7,16,1.0000263815785388,1.037495672051237,0.7540927302167952,24.4890871037346,0
645.2,0.5,0.95,1.0,4.0,0.0,0.0,1,148.2,0.6999999999999993,40,1.000036139000574,1.0374971756631555,0.6769427856666386,21.60023249850752,0
645.2,0.5,0.95,1.0,4.0,0.0,0.1,1,103.19999999999999,0.7000000000000008,40,1.000027914628105,1.0374945541093719,0.7525322302870577,25.532243362848106,0
645.2,0.5,0.95,1.0,4.0,0.5,0.0,1,148.2,0.6999999999999993,40,1.000036139000574,1.0374971756631555,0.6769427856666386,21.60023249850752,0
645.2,0.5,0.95,1.0,4.0,0.5,0.1,1,120.075,0.7000000000000004,40,1.0000271030258174,1.037495147344719,0.7526474816700102,25.898498054381587,0
645.2,0.5,0.95,1.0,4.0,1.0,0.0,1,148.2,0.6999999999999993,40,1.000036139000574,1.0374971756631555,0.6769427856666386,21.60023249850752,0
645.2,0.5,0.95,1.0,4.0,1.0,0.1,1,136.95000000000002,0.7,40,1.0000262895465268,1.037495739631526,0.752705140558978,26.299920189994033,0
645.2,0.7,0.25,0.25,1.0,0.0,0.0,1,148.2,0.6999999999999997,10,0.9967146654776127,1.049925584303406,0.9825579607905602,50.60260237210789,0
645.2,0.7,0.25,0.25,1.0,0.0,0.1,0,0.0,0.7,0,nan,nan,nan,nan,0
645.2,0.7,0.25,0.25,1.0,0.5,0.0,1,148.2,0.6999999999999997,10,0.9967146654776127,1.049925584303406,0.9825579607905602,50.60260237210789,0
645.2,0.7,0.25,0.25,1.0,0.5,0.1,0,0.0,0.7,0,nan,nan,nan,nan,0
645.2,0.7,0.25,0.25,1.0,1.0,0.0,1,148.2,0.6999999999999997,10,0.9967146654776127,1.049925584303406,0.9825579607905602,50.60260237210789,0
645.2,0.7,0.25,0.25,1.0,1.0,0.1,0,0.0,0.7,0,nan,nan,nan,nan,0
645.2,0.7,0.25,0.25,4.0,0.0,0.0,1,148.2,0.7000000000000015,34,0.9975222245982589,1.0499242743712685,0.9820345245609188,51.323647508844864,0
645.2,0.7,0.25,0.25,4.0,0.0,0.1,0,0.0,0.7,0,nan,nan,nan,nan,0
645.2,0.7,0.25,0.25,4.0,0.5,0.0,1,148.2,0.7000000000000015,34,0.9975222245982589,1.0499242743712685,0.9820345245609188,51.323647508844864,0
645.2,0.7,0.25,0.25,4.0,0.5,0.1,0,0.0,0.7,0,nan,nan,nan,nan,0
645.2,0.7,0.25,0.25,4.0,1.0,0.0,1,148.2,0.7000000000000015,34,0.9975222245982589,1.0499242743712685,0.9820345245609188,51.323647508844864,0
645.2,0.7,0.25,0.25,4.0,1.0,0.1,0,0.0,0.7,0,nan,nan,nan,nan,0
645.2,0.7,0.25,1.0,1.0,0.0,0.0,1,135.0,0.7,16,0.993979160776685,1.049930006141719,0.9843486385329124,48.24470365044831,0
645.2,0.7,0.25,1.0,1.0,0.0,0.1,0,0.0,0.7,0,nan,nan,nan,nan,0
645.2,0.7,0.25,1.0,1.0,0.5,0.0,1,135.0,0.7,16,0.993979160776685,1.049930006141719,0.9843486385329124,48.24470365044831,0
645.2,0.7,0.25,1.0,1.0,0.5,0.1,0,0.0,0.7,0,nan,nan,nan,nan,0
645.2,0.7,0.25,1.0,1.0,1.0,0.0,1,135.0,0.7,16,0.993979160776685,1.049930006141719,0.9843486385329124,48.24470365044831,0
645.2,0.7,0.25,1.0,1.0,1.0,0.1,0,0.0,0.7,0,nan,nan,nan,nan,0
645.2,0.7,0.25,1.0,4.0,0.0,0.0,1,148.2,0.6999999999999993,40,0.9967146654776127,1.049925584303406,0.9825579607905602,50.60260237210788,0
645.2,0.7,0.25,1.0,4.0,0.0,0.1,0,0.0,0.7,0,nan,nan,nan,nan,0
645.2,0.7,0.25,1.0,4.0,0.5,0.0,1,148.2,0.6999999999999993,40,0.9967146654776127,1.049925584303406,0.9825579607905602,50.60260237210788,0
645.2,0.7,0.25,1.0,4.0,0.5,0.1,0,0.0,0.7,0,nan,nan,nan,nan,0
645.2,0.7,0.25,1.0,4.0,1.0,0.0,1,148.2,0.6999999999999993,40,0.9967146654776127,1.049925584303406,0.9825579607905602,50.60260237210788,0
645.2,0.7,0.25,1.0,4.0,1.0,0.1,0,0.0,0.7,0,nan,nan,nan,nan,0
645.2,0.7,0.95,0.25,1.0,0.0,0.0,1,148.2,0.6999999999999997,10,0.9999906167626088,1.0499195450285175,0.9817078833915276,43.78315420604633,0
645.2,0.7,0.95,0.25,1.0,0.0,0.1,0,0.0,0.7,0,nan,nan,nan,nan,0
645.2,0.7,0.95,0.25,1.0,0.5,0.0,1,148.2,0.6999999999999997,10,0.9999906167626088,1.0499195450285175,0.9817078833915276,43.78315420604633,0
645.2,0.7,0.95,0.25,1.0,0.5,0.1,0,0.0,0.7,0,nan,nan,nan,nan,0
645.2,0.7,0.95,0.25,1.0,1.0,0.0,1,148.2,0.6999999999999997,10,0.9999906167626088,1.0499195450285175,0.9817078833915276,43.78315420604633,0
645.2,0.7,0.95,0.25,1.0,1.0,0.1,0,0.0,0.7,0,nan,nan,nan,nan,0
645.2,0.7,0.95,0.25,4.0,0.0,0.0,1,148.2,0.7000000000000015,34,0.9999906179831888,1.0499182186667344,0.981185767274954,44.55928046100794,0
645.2,0.7,0.95,0.25,4.0,0.0,0.1,0,0.0,0.7,0,nan,nan,nan,nan,0
645.2,0.7,0.95,0.25,4.0,0.5,0.0,1,148.2,0.7000000000000015,34,0.9999906179831888,1.0499182186667344,0.981185767274954,44.55928046100794,0
645.2,0.7,0.95,0.25,4.0,0.5,0.1,0,0.0,0.7,0,nan,nan,nan,nan,0
645.2,0.7,0.95,0.25,4.0,1.0,0.0,1,148.2,0.7000000000000015,34,0.9999906179831888,1.0499182186667344,0.981185767274954,44.55928046100794,0
645.2,0.7,0.95,0.25,4.0,1.0,0.1,0,0.0,0.7,0,nan,nan,nan,nan,0
645.2,0.7,0.95,1.0,1.0,0.0,0.0,1,135.0,0.7,16,0.9999912568681621,1.0499240218362191,0.983494573665359,41.21799589707052,0
645.2,0.7,0.95,1.0,1.0,0.0,0.1,0,0.0,0.7,0,nan,nan,nan,nan,0
645.2,0.7,0.95,1.0,1.0,0.5,0.0,1,135.0,0.7,16,0.9999912568681621,1.0499240218362191,0.983494573665359,41.21799589707052,0
645.2,0.7,0.95,1.0,1.0,0.5,0.1,0,0.0,0.7,0,nan,nan,nan,nan,0
645.2,0.7,0.95,1.0,1.0,1.0,0.0,1,135.0,0.7,16,0.9999912568681621,1.0499240218362191,0.983494573665359,41.21799589707052,0
645.2,0.7,0.95,1.0,1.0,1.0,0.1,0,0.0,0.7,0,nan,nan,nan,nan,0
645.2,0.7,0.95,1.0,4.0,0.0,0.0,1,148.2,0.6999999999999993,40,0.9999906167626088,1.0499195450285175,0.9817078833915276,43.78315420604634,0
645.2,0.7,0.95,1.0,4.0,0.0,0.1,0,0.0,0.7,0,nan,nan,nan,nan,0
645.2,0.7,0.95,1.0,4.0,0.5,0.0,1,148.2,0.6999999999999993,40,0.9999906167626088,1.0499195450285175,0.9817078833915276,43.78315420604634,0
645.2,0.7,0.95,1.0,4.0,0.5,0.1,0,0.0,0.7,0,nan,nan,nan,nan,0
645.2,0.7,0.95,1.0,4.0,1.0,0.0,1,148.2,0.6999999999999993,40,0.9999906167626088,1.0499195450285175,0.9817078833915276,43.78315420604634,0
645.2,0.7,0.95,1.0,4.0,1.0,0.1,0,0.0,0.7,0,nan,nan,nan,nan,0
