site,method,excluded_block,estimate_kw,n_dates,full_estimate_kw
611.3,energy_only,none,231.2810359589041,219,231.2810359589041
611.3,energy_only,0,226.4251077586207,116,231.2810359589041
611.3,energy_only,1,229.21182345360825,194,231.2810359589041
611.3,energy_only,2,238.81787109375,128,231.2810359589041
611.3,fixed_recovery,none,128.36783929477423,219,128.36783929477423
611.3,fixed_recovery,0,132.42840367576628,116,128.36783929477423
611.3,fixed_recovery,1,127.83361885201889,194,128.36783929477423
611.3,fixed_recovery,2,125.49763068305121,128,128.36783929477423
611.3,myopic_recovery,none,128.52565718543886,219,128.52565718543886
611.3,myopic_recovery,0,132.72635296934865,116,128.52565718543886
611.3,myopic_recovery,1,127.86103951890033,194,128.52565718543886
611.3,myopic_recovery,2,125.72608778211804,128,128.52565718543886
611.3,network_lp,none,128.52565718543886,219,128.52565718543886
611.3,network_lp,0,132.72635296934865,116,128.52565718543886
611.3,network_lp,1,127.86103951890033,194,128.52565718543886
611.3,network_lp,2,125.72608778211804,128,128.52565718543886
634.1,energy_only,none,247.16380089421614,219,247.16380089421614
634.1,energy_only,0,244.94395803400383,116,247.16380089421614
634.1,energy_only,1,248.23577552262316,194,247.16380089421614
634.1,energy_only,2,247.55082194010419,128,247.16380089421614
634.1,fixed_recovery,none,138.18665751046424,219,138.18665751046424
634.1,fixed_recovery,0,145.12195941091954,116,138.18665751046424
634.1,fixed_recovery,1,137.9838728253866,194,138.18665751046424
634.1,fixed_recovery,2,132.20888570149742,128,138.18665751046424
634.1,myopic_recovery,none,136.07760626502102,219,136.07760626502102
634.1,myopic_recovery,0,143.07410006484037,116,136.07760626502102
634.1,myopic_recovery,1,135.98071209176757,194,136.07760626502102
634.1,myopic_recovery,2,129.88388899027206,128,136.07760626502102
634.1,network_lp,none,138.5105395421106,219,138.5105395421106
634.1,network_lp,0,145.63742217432952,116,138.5105395421106
634.1,network_lp,1,138.12600676546393,194,138.5105395421106
634.1,network_lp,2,132.63460964626736,128,138.5105395421106
