site,method,outcome,block,start,end,estimate,ci_low,ci_high,n_pairs,n_dates
611.3,network_lp,service_kw,2012-07--2012-10,2012-07-01,2012-10-11,123.79477649676375,119.8687329338592,127.90902798847087,1029,103
611.3,network_lp,service_kw,2013-01,2013-01-01,2013-01-25,133.68309027777778,127.53781944444444,139.77448958333332,249,25
611.3,network_lp,service_kw,2013-04--2013-06,2013-04-01,2013-06-30,132.46351304945054,129.14064217032967,135.91005108173076,910,91
611.3,network_lp,replay_feasible,2012-07--2012-10,2012-07-01,2012-10-11,1.0,1.0,1.0,1029,103
611.3,network_lp,replay_feasible,2013-01,2013-01-01,2013-01-25,1.0,1.0,1.0,249,25
611.3,network_lp,replay_feasible,2013-04--2013-06,2013-04-01,2013-06-30,1.0,1.0,1.0,910,91
611.3,fixed_recovery,service_kw,2012-07--2012-10,2012-07-01,2012-10-11,123.79477649676375,119.8065774170712,127.9048240291262,1029,103
611.3,fixed_recovery,service_kw,2013-01,2013-01-01,2013-01-25,132.51338993055555,126.613088828125,138.20917203993054,249,25
611.3,fixed_recovery,service_kw,2013-04--2013-06,2013-04-01,2013-06-30,132.40505580357143,128.9998243904533,135.85772578983514,910,91
611.3,fixed_recovery,replay_feasible,2012-07--2012-10,2012-07-01,2012-10-11,1.0,1.0,1.0,1029,103
611.3,fixed_recovery,replay_feasible,2013-01,2013-01-01,2013-01-25,1.0,1.0,1.0,249,25
611.3,fixed_recovery,replay_feasible,2013-04--2013-06,2013-04-01,2013-06-30,1.0,1.0,1.0,910,91
611.3,myopic_recovery,service_kw,2012-07--2012-10,2012-07-01,2012-10-11,123.79477649676375,119.7165377224919,127.80347770024271,1029,103
611.3,myopic_recovery,service_kw,2013-01,2013-01-01,2013-01-25,133.68309027777778,127.31028819444444,139.76533333333333,249,25
611.3,myopic_recovery,service_kw,2013-04--2013-06,2013-04-01,2013-06-30,132.46351304945054,128.95206473214287,135.92162173763737,910,91
611.3,myopic_recovery,replay_feasible,2012-07--2012-10,2012-07-01,2012-10-11,1.0,1.0,1.0,1029,103
611.3,myopic_recovery,replay_feasible,2013-01,2013-01-01,2013-01-25,1.0,1.0,1.0,249,25
611.3,myopic_recovery,replay_feasible,2013-04--2013-06,2013-04-01,2013-06-30,1.0,1.0,1.0,910,91
611.3,energy_only,service_kw,2012-07--2012-10,2012-07-01,2012-10-11,236.74984830097088,231.89756523058253,241.55606985740292,1029,103
611.3,energy_only,service_kw,2013-01,2013-01-01,2013-01-25,247.338125,235.85556250000002,259.615640625,249,25
611.3,energy_only,service_kw,2013-04--2013-06,2013-04-01,2013-06-30,220.67977335164835,216.92996222527472,224.6710701407967,910,91
611.3,energy_only,replay_feasible,2012-07--2012-10,2012-07-01,2012-10-11,0.0,0.0,0.0,1029,103
611.3,energy_only,replay_feasible,2013-01,2013-01-01,2013-01-25,0.0,0.0,0.0,249,25
611.3,energy_only,replay_feasible,2013-04--2013-06,2013-04-01,2013-06-30,0.0,0.0,0.0,910,91
634.1,network_lp,service_kw,2012-07--2012-10,2012-07-01,2012-10-11,130.48414745145632,124.77104444781554,136.4993173543689,1029,103
634.1,network_lp,service_kw,2013-01,2013-01-01,2013-01-25,141.4945138888889,131.31191145833333,151.25331857638886,249,25
634.1,network_lp,service_kw,2013-04--2013-06,2013-04-01,2013-06-30,146.7755837912088,142.02769788804946,151.46084735576923,910,91
634.1,network_lp,replay_feasible,2012-07--2012-10,2012-07-01,2012-10-11,1.0,1.0,1.0,1029,103
634.1,network_lp,replay_feasible,2013-01,2013-01-01,2013-01-25,1.0,1.0,1.0,249,25
634.1,network_lp,replay_feasible,2013-04--2013-06,2013-04-01,2013-06-30,1.0,1.0,1.0,910,91
634.1,fixed_recovery,service_kw,2012-07--2012-10,2012-07-01,2012-10-11,130.37602624393205,124.54060543082525,136.32215262818568,1029,103
634.1,fixed_recovery,service_kw,2013-01,2013-01-01,2013-01-25,139.76026666666667,130.006453125,149.18049197916665,249,25
634.1,fixed_recovery,service_kw,2013-04--2013-06,2013-04-01,2013-06-30,146.59495192307693,141.81459156078296,151.44285087568682,910,91
634.1,fixed_recovery,replay_feasible,2012-07--2012-10,2012-07-01,2012-10-11,1.0,1.0,1.0,1029,103
634.1,fixed_recovery,replay_feasible,2013-01,2013-01-01,2013-01-25,1.0,1.0,1.0,249,25
634.1,fixed_recovery,replay_feasible,2013-04--2013-06,2013-04-01,2013-06-30,1.0,1.0,1.0,910,91
634.1,myopic_recovery,service_kw,2012-07--2012-10,2012-07-01,2012-10-11,128.19805984969057,122.9720954188252,133.52871567406598,1029,103
634.1,myopic_recovery,service_kw,2013-01,2013-01-01,2013-01-25,136.8295050494679,127.52724748023215,145.93044034906023,249,25
634.1,myopic_recovery,service_kw,2013-04--2013-06,2013-04-01,2013-06-30,144.7896481459866,140.49401175368283,149.1480444507911,910,91
634.1,myopic_recovery,replay_feasible,2012-07--2012-10,2012-07-01,2012-10-11,1.0,1.0,1.0,1029,103
634.1,myopic_recovery,replay_feasible,2013-01,2013-01-01,2013-01-25,0.996,0.988,1.0,249,25
634.1,myopic_recovery,replay_feasible,2013-04--2013-06,2013-04-01,2013-06-30,1.0,1.0,1.0,910,91
634.1,energy_only,service_kw,2012-07--2012-10,2012-07-01,2012-10-11,249.66381809600864,248.12015321601942,251.1687649592098,1029,103
634.1,energy_only,service_kw,2013-01,2013-01-01,2013-01-25,238.84527777777777,234.067359375,243.87903211805553,249,25
634.1,energy_only,service_kw,2013-04--2013-06,2013-04-01,2013-06-30,246.61941964285714,244.86458619505495,248.2661615728022,910,91
634.1,energy_only,replay_feasible,2012-07--2012-10,2012-07-01,2012-10-11,0.0,0.0,0.0,1029,103
634.1,energy_only,replay_feasible,2013-01,2013-01-01,2013-01-25,0.0,0.0,0.0,249,25
634.1,energy_only,replay_feasible,2013-04--2013-06,2013-04-01,2013-06-30,0.0,0.0,0.0,910,91
