site,population,method,outcome,cluster_level,estimate,ci_low,ci_high,prob_positive,n_pairs,n_clusters
611.3,all,network_lp,service_kw,date,128.53017979452054,126.00922338755709,131.1148054009703,1.0,2190,219
611.3,all,network_lp,replay_feasible,date,0.9990867579908677,0.997716894977169,1.0,1.0,2190,219
611.3,all,network_lp,service_kw,date_group,128.53017979452054,127.56559200199771,129.50615278966893,1.0,2190,2190
611.3,all,network_lp,replay_feasible,date_group,0.9990867579908675,0.997716894977169,1.0,1.0,2190,2190
611.3,all,fixed_recovery,service_kw,date,128.23038277682647,125.6745415596461,130.8001883115725,1.0,2190,219
611.3,all,fixed_recovery,replay_feasible,date,0.9990867579908677,0.997716894977169,1.0,1.0,2190,219
611.3,all,fixed_recovery,service_kw,date_group,128.23038277682647,127.2150014001855,129.17323364369292,1.0,2190,2190
611.3,all,fixed_recovery,replay_feasible,date_group,0.9990867579908675,0.997716894977169,1.0,1.0,2190,2190
611.3,all,myopic_recovery,service_kw,date,128.49874697890996,126.0252746972319,131.00314563463127,1.0,2190,219
611.3,all,myopic_recovery,replay_feasible,date,0.9990867579908677,0.997716894977169,1.0,1.0,2190,219
611.3,all,myopic_recovery,service_kw,date_group,128.49874697890994,127.51498521862372,129.49244726954794,1.0,2190,2190
611.3,all,myopic_recovery,replay_feasible,date_group,0.9990867579908675,0.997716894977169,1.0,1.0,2190,2190
611.3,all,energy_only,service_kw,date,231.28139269406392,228.0052894905822,234.65501123715754,1.0,2190,219
611.3,all,energy_only,replay_feasible,date,0.0,0.0,0.0,0.0,2190,219
611.3,all,energy_only,service_kw,date_group,231.28139269406392,229.93322006992008,232.61522456478312,1.0,2190,2190
611.3,all,energy_only,replay_feasible,date_group,0.0,0.0,0.0,0.0,2190,2190
634.1,all,network_lp,service_kw,date,138.50977686215754,134.86931643300514,142.27404103346174,1.0,2190,219
634.1,all,network_lp,replay_feasible,date,0.9990867579908677,0.997716894977169,1.0,1.0,2190,219
634.1,all,network_lp,service_kw,date_group,138.50977686215754,137.17043022260273,139.81033479594745,1.0,2190,2190
634.1,all,network_lp,replay_feasible,date_group,0.9990867579908675,0.997716894977169,1.0,1.0,2190,2190
634.1,all,fixed_recovery,service_kw,date,138.03552119006852,134.52815658889838,141.7499121985588,1.0,2190,219
634.1,all,fixed_recovery,replay_feasible,date,0.9990867579908677,0.997716894977169,1.0,1.0,2190,219
634.1,all,fixed_recovery,service_kw,date_group,138.0355211900685,136.71833604452056,139.33094964683218,1.0,2190,2190
634.1,all,fixed_recovery,replay_feasible,date_group,0.9990867579908675,0.997716894977169,1.0,1.0,2190,2190
634.1,all,myopic_recovery,service_kw,date,136.03337835262528,132.59616309053996,139.3564661460715,1.0,2190,219
634.1,all,myopic_recovery,replay_feasible,date,0.9986301369863013,0.9968036529680366,1.0,1.0,2190,219
634.1,all,myopic_recovery,service_kw,date_group,136.03337835262528,134.7846675226132,137.27472195112534,1.0,2190,2190
634.1,all,myopic_recovery,replay_feasible,date_group,0.9986301369863013,0.9968036529680365,1.0,1.0,2190,2190
634.1,all,energy_only,service_kw,date,247.16877140410958,245.95247752568494,248.40051102311645,1.0,2190,219
634.1,all,energy_only,replay_feasible,date,0.0,0.0,0.0,0.0,2190,219
634.1,all,energy_only,service_kw,date_group,247.16877140410958,246.63388181364158,247.70337114726027,1.0,2190,2190
634.1,all,energy_only,replay_feasible,date_group,0.0,0.0,0.0,0.0,2190,2190
611.3,baseline_feasible,network_lp,service_kw,date,128.52565718543886,126.02590204448884,131.0142529569381,1.0,2188,219
611.3,baseline_feasible,network_lp,replay_feasible,date,1.0,1.0,1.0,1.0,2188,219
611.3,baseline_feasible,network_lp,service_kw,date_group,128.49966436243145,127.54661613059872,129.46781360688985,1.0,2188,2188
611.3,baseline_feasible,network_lp,replay_feasible,date_group,1.0,1.0,1.0,1.0,2188,2188
611.3,baseline_feasible,fixed_recovery,service_kw,date,128.36783929477423,125.77175284199011,130.84474796165492,1.0,2188,219
611.3,baseline_feasible,fixed_recovery,replay_feasible,date,1.0,1.0,1.0,1.0,2188,219
611.3,baseline_feasible,fixed_recovery,service_kw,date_group,128.34759519252742,127.38084672610546,129.31309708673732,1.0,2188,2188
611.3,baseline_feasible,fixed_recovery,replay_feasible,date_group,1.0,1.0,1.0,1.0,2188,2188
611.3,baseline_feasible,myopic_recovery,service_kw,date,128.52565718543886,126.04206333634576,131.06388948344747,1.0,2188,219
611.3,baseline_feasible,myopic_recovery,replay_feasible,date,1.0,1.0,1.0,1.0,2188,219
611.3,baseline_feasible,myopic_recovery,service_kw,date_group,128.49966436243145,127.49548406792732,129.49107882484003,1.0,2188,2188
611.3,baseline_feasible,myopic_recovery,replay_feasible,date_group,1.0,1.0,1.0,1.0,2188,2188
611.3,baseline_feasible,energy_only,service_kw,date,231.2810359589041,227.9881073416096,234.70279858732877,1.0,2188,219
611.3,baseline_feasible,energy_only,replay_feasible,date,0.0,0.0,0.0,0.0,2188,219
611.3,baseline_feasible,energy_only,service_kw,date_group,231.23257541133455,229.88741055615858,232.5291031692756,1.0,2188,2188
611.3,baseline_feasible,energy_only,replay_feasible,date_group,0.0,0.0,0.0,0.0,2188,2188
634.1,baseline_feasible,network_lp,service_kw,date,138.5105395421106,134.7955479452055,142.26376264427955,1.0,2188,219
634.1,baseline_feasible,network_lp,replay_feasible,date,1.0,1.0,1.0,1.0,2188,219
634.1,baseline_feasible,network_lp,service_kw,date_group,138.47438442641683,137.14788405507312,139.78192573840266,1.0,2188,2188
634.1,baseline_feasible,network_lp,replay_feasible,date_group,1.0,1.0,1.0,1.0,2188,2188
634.1,baseline_feasible,fixed_recovery,service_kw,date,138.18665751046424,134.584842644121,141.83690850932265,1.0,2188,219
634.1,baseline_feasible,fixed_recovery,replay_feasible,date,1.0,1.0,1.0,1.0,2188,219
634.1,baseline_feasible,fixed_recovery,service_kw,date_group,138.16169625514166,136.85145077553702,139.51830587829923,1.0,2188,2188
634.1,baseline_feasible,fixed_recovery,replay_feasible,date_group,1.0,1.0,1.0,1.0,2188,2188
634.1,baseline_feasible,myopic_recovery,service_kw,date,136.07760626502102,132.68395725073398,139.44962130591227,1.0,2188,219
634.1,baseline_feasible,myopic_recovery,replay_feasible,date,0.9995433789954338,0.9986301369863013,1.0,1.0,2188,219
634.1,baseline_feasible,myopic_recovery,service_kw,date_group,136.07152202640052,134.88863665865298,137.2593969945163,1.0,2188,2188
634.1,baseline_feasible,myopic_recovery,replay_feasible,date_group,0.9995429616087751,0.9986288848263254,1.0,1.0,2188,2188
634.1,baseline_feasible,energy_only,service_kw,date,247.16380089421614,245.89118358780442,248.44126167316716,1.0,2188,219
634.1,baseline_feasible,energy_only,replay_feasible,date,0.0,0.0,0.0,0.0,2188,219
634.1,baseline_feasible,energy_only,service_kw,date_group,247.15082981032907,246.61284474263027,247.67001381827012,1.0,2188,2188
634.1,baseline_feasible,energy_only,replay_feasible,date_group,0.0,0.0,0.0,0.0,2188,2188
