population,site,method,outcome,cluster_level,estimate,ci_low,ci_high,prob_positive,n_pairs,n_dates
all,611.3,network_lp,service_kw,date,128.53017979452054,126.00922338755709,131.1148054009703,1.0,2190,219
all,611.3,network_lp,planner_feasible,date,1.0,1.0,1.0,1.0,2190,219
all,611.3,network_lp,replay_feasible,date,0.9990867579908677,0.997716894977169,1.0,1.0,2190,219
all,611.3,fixed_recovery,service_kw,date,128.23038277682647,125.6745415596461,130.8001883115725,1.0,2190,219
all,611.3,fixed_recovery,planner_feasible,date,1.0,1.0,1.0,1.0,2190,219
all,611.3,fixed_recovery,replay_feasible,date,0.9990867579908677,0.997716894977169,1.0,1.0,2190,219
all,611.3,myopic_recovery,service_kw,date,128.49874697890021,126.02527469722212,131.00314563462177,1.0,2190,219
all,611.3,myopic_recovery,planner_feasible,date,1.0,1.0,1.0,1.0,2190,219
all,611.3,myopic_recovery,replay_feasible,date,0.9990867579908677,0.997716894977169,1.0,1.0,2190,219
all,634.1,network_lp,service_kw,date,138.50977686215754,134.86931643300514,142.27404103346174,1.0,2190,219
all,634.1,network_lp,planner_feasible,date,1.0,1.0,1.0,1.0,2190,219
all,634.1,network_lp,replay_feasible,date,0.9990867579908677,0.997716894977169,1.0,1.0,2190,219
all,634.1,fixed_recovery,service_kw,date,138.03552119006852,134.52815658889838,141.7499121985588,1.0,2190,219
all,634.1,fixed_recovery,planner_feasible,date,1.0,1.0,1.0,1.0,2190,219
all,634.1,fixed_recovery,replay_feasible,date,0.9990867579908677,0.997716894977169,1.0,1.0,2190,219
all,634.1,myopic_recovery,service_kw,date,136.03337834922868,132.59616308765186,139.3564661423455,1.0,2190,219
all,634.1,myopic_recovery,planner_feasible,date,1.0,1.0,1.0,1.0,2190,219
all,634.1,myopic_recovery,replay_feasible,date,0.9986301369863013,0.9968036529680366,1.0,1.0,2190,219
all,675.1,network_lp,service_kw,date,148.08911244292239,142.1062999429224,154.00321150827625,1.0,2190,219
all,675.1,network_lp,planner_feasible,date,1.0,1.0,1.0,1.0,2190,219
all,675.1,network_lp,replay_feasible,date,0.9990867579908677,0.997716894977169,1.0,1.0,2190,219
all,675.1,fixed_recovery,service_kw,date,147.7964080336758,142.18420368685787,153.68044999464897,1.0,2190,219
all,675.1,fixed_recovery,planner_feasible,date,1.0,1.0,1.0,1.0,2190,219
all,675.1,fixed_recovery,replay_feasible,date,0.9990867579908677,0.997716894977169,1.0,1.0,2190,219
all,675.1,myopic_recovery,service_kw,date,141.78722246053366,137.0500534986984,146.42861478489132,1.0,2190,219
all,675.1,myopic_recovery,planner_feasible,date,1.0,1.0,1.0,1.0,2190,219
all,675.1,myopic_recovery,replay_feasible,date,0.9990867579908677,0.997716894977169,1.0,1.0,2190,219
all,652.1,network_lp,service_kw,date,140.87335901826484,136.77084760273974,145.0435760916096,1.0,2190,219
all,652.1,network_lp,planner_feasible,date,1.0,1.0,1.0,1.0,2190,219
all,652.1,network_lp,replay_feasible,date,0.9972602739726026,0.9949771689497717,0.9990867579908677,1.0,2190,219
all,652.1,fixed_recovery,service_kw,date,140.68510987442923,136.46984696061645,144.80939640410958,1.0,2190,219
all,652.1,fixed_recovery,planner_feasible,date,1.0,1.0,1.0,1.0,2190,219
all,652.1,fixed_recovery,replay_feasible,date,0.9990867579908677,0.997716894977169,1.0,1.0,2190,219
all,652.1,myopic_recovery,service_kw,date,140.54379335456747,136.51184232783277,144.62496457776655,1.0,2190,219
all,652.1,myopic_recovery,planner_feasible,date,1.0,1.0,1.0,1.0,2190,219
all,652.1,myopic_recovery,replay_feasible,date,0.9972602739726028,0.9949771689497717,0.9990867579908677,1.0,2190,219
all,645.3,network_lp,service_kw,date,121.86615296803653,119.40888538099315,124.34793093607306,1.0,2190,219
all,645.3,network_lp,planner_feasible,date,1.0,1.0,1.0,1.0,2190,219
all,645.3,network_lp,replay_feasible,date,0.997716894977169,0.9954337899543378,0.9995433789954338,1.0,2190,219
all,645.3,fixed_recovery,service_kw,date,121.57158247716896,119.2344586900685,124.04103232020547,1.0,2190,219
all,645.3,fixed_recovery,planner_feasible,date,1.0,1.0,1.0,1.0,2190,219
all,645.3,fixed_recovery,replay_feasible,date,0.9986301369863013,0.9968036529680366,1.0,1.0,2190,219
all,645.3,myopic_recovery,service_kw,date,121.83084766962864,119.37446249208818,124.37986664793915,1.0,2190,219
all,645.3,myopic_recovery,planner_feasible,date,1.0,1.0,1.0,1.0,2190,219
all,645.3,myopic_recovery,replay_feasible,date,0.9986301369863013,0.9968036529680366,1.0,1.0,2190,219
all,646.3,network_lp,service_kw,date,112.04184503424658,110.13088523829909,113.92347049800229,1.0,2190,219
all,646.3,network_lp,planner_feasible,date,1.0,1.0,1.0,1.0,2190,219
all,646.3,network_lp,replay_feasible,date,0.997716894977169,0.9954337899543378,0.9995433789954338,1.0,2190,219
all,646.3,fixed_recovery,service_kw,date,111.82354808789955,109.93387706906391,113.76519996789385,1.0,2190,219
all,646.3,fixed_recovery,planner_feasible,date,1.0,1.0,1.0,1.0,2190,219
all,646.3,fixed_recovery,replay_feasible,date,0.9986301369863013,0.9968036529680366,1.0,1.0,2190,219
all,646.3,myopic_recovery,service_kw,date,112.01597950556615,110.08201034755028,113.9088995946597,1.0,2190,219
all,646.3,myopic_recovery,planner_feasible,date,1.0,1.0,1.0,1.0,2190,219
all,646.3,myopic_recovery,replay_feasible,date,0.9986301369863013,0.9968036529680366,1.0,1.0,2190,219
all,684.3,network_lp,service_kw,date,143.18996147260273,141.2262316281393,145.0591556078767,1.0,2190,219
all,684.3,network_lp,planner_feasible,date,1.0,1.0,1.0,1.0,2190,219
all,684.3,network_lp,replay_feasible,date,0.997716894977169,0.9954337899543378,0.9995433789954338,1.0,2190,219
all,684.3,fixed_recovery,service_kw,date,142.8866937785388,141.08808193314783,144.7461892747574,1.0,2190,219
all,684.3,fixed_recovery,planner_feasible,date,1.0,1.0,1.0,1.0,2190,219
all,684.3,fixed_recovery,replay_feasible,date,0.9990867579908677,0.997716894977169,1.0,1.0,2190,219
all,684.3,myopic_recovery,service_kw,date,143.15900319278077,141.22827038964613,145.02296916693848,1.0,2190,219
all,684.3,myopic_recovery,planner_feasible,date,1.0,1.0,1.0,1.0,2190,219
all,684.3,myopic_recovery,replay_feasible,date,0.9986301369863013,0.9968036529680366,1.0,1.0,2190,219
baseline_feasible,611.3,network_lp,service_kw,date,128.52565718543886,126.02590204448884,131.0142529569381,1.0,2188,219
baseline_feasible,611.3,network_lp,planner_feasible,date,1.0,1.0,1.0,1.0,2188,219
baseline_feasible,611.3,network_lp,replay_feasible,date,1.0,1.0,1.0,1.0,2188,219
baseline_feasible,611.3,fixed_recovery,service_kw,date,128.36783929477423,125.77175284199011,130.84474796165492,1.0,2188,219
baseline_feasible,611.3,fixed_recovery,planner_feasible,date,1.0,1.0,1.0,1.0,2188,219
baseline_feasible,611.3,fixed_recovery,replay_feasible,date,1.0,1.0,1.0,1.0,2188,219
baseline_feasible,611.3,myopic_recovery,service_kw,date,128.52565718543886,126.04206333634576,131.06388948344747,1.0,2188,219
baseline_feasible,611.3,myopic_recovery,planner_feasible,date,1.0,1.0,1.0,1.0,2188,219
baseline_feasible,611.3,myopic_recovery,replay_feasible,date,1.0,1.0,1.0,1.0,2188,219
baseline_feasible,634.1,network_lp,service_kw,date,138.5105395421106,134.7955479452055,142.26376264427955,1.0,2188,219
baseline_feasible,634.1,network_lp,planner_feasible,date,1.0,1.0,1.0,1.0,2188,219
baseline_feasible,634.1,network_lp,replay_feasible,date,1.0,1.0,1.0,1.0,2188,219
baseline_feasible,634.1,fixed_recovery,service_kw,date,138.18665751046424,134.584842644121,141.83690850932265,1.0,2188,219
baseline_feasible,634.1,fixed_recovery,planner_feasible,date,1.0,1.0,1.0,1.0,2188,219
baseline_feasible,634.1,fixed_recovery,replay_feasible,date,1.0,1.0,1.0,1.0,2188,219
baseline_feasible,634.1,myopic_recovery,service_kw,date,136.07760626162445,132.6839572475912,139.44962130200136,1.0,2188,219
baseline_feasible,634.1,myopic_recovery,planner_feasible,date,1.0,1.0,1.0,1.0,2188,219
baseline_feasible,634.1,myopic_recovery,replay_feasible,date,0.9995433789954338,0.9986301369863013,1.0,1.0,2188,219
baseline_feasible,675.1,network_lp,service_kw,date,148.0594201864536,142.23269566923514,154.1327759346461,1.0,2188,219
baseline_feasible,675.1,network_lp,planner_feasible,date,1.0,1.0,1.0,1.0,2188,219
baseline_feasible,675.1,network_lp,replay_feasible,date,1.0,1.0,1.0,1.0,2188,219
baseline_feasible,675.1,fixed_recovery,service_kw,date,148.00066269501522,142.32485690163622,153.86917528479358,1.0,2188,219
baseline_feasible,675.1,fixed_recovery,planner_feasible,date,1.0,1.0,1.0,1.0,2188,219
baseline_feasible,675.1,fixed_recovery,replay_feasible,date,1.0,1.0,1.0,1.0,2188,219
baseline_feasible,675.1,myopic_recovery,service_kw,date,141.82717826501,137.1358998590704,146.62336965234252,1.0,2188,219
baseline_feasible,675.1,myopic_recovery,planner_feasible,date,1.0,1.0,1.0,1.0,2188,219
baseline_feasible,675.1,myopic_recovery,replay_feasible,date,1.0,1.0,1.0,1.0,2188,219
baseline_feasible,652.1,network_lp,service_kw,date,140.85776176433282,136.70417508958013,145.1722889118785,1.0,2188,219
baseline_feasible,652.1,network_lp,planner_feasible,date,1.0,1.0,1.0,1.0,2188,219
baseline_feasible,652.1,network_lp,replay_feasible,date,0.9981735159817351,0.9963470319634703,0.9995433789954338,1.0,2188,219
baseline_feasible,652.1,fixed_recovery,service_kw,date,140.85776176433282,136.69616906075598,145.10979763207126,1.0,2188,219
baseline_feasible,652.1,fixed_recovery,planner_feasible,date,1.0,1.0,1.0,1.0,2188,219
baseline_feasible,652.1,fixed_recovery,replay_feasible,date,1.0,1.0,1.0,1.0,2188,219
baseline_feasible,652.1,myopic_recovery,service_kw,date,140.56476154245993,136.45150859234874,144.6618030392996,1.0,2188,219
baseline_feasible,652.1,myopic_recovery,planner_feasible,date,1.0,1.0,1.0,1.0,2188,219
baseline_feasible,652.1,myopic_recovery,replay_feasible,date,0.9981735159817351,0.9963470319634703,0.9995433789954338,1.0,2188,219
baseline_feasible,645.3,network_lp,service_kw,date,121.83854563039066,119.35003587170219,124.29877867754313,1.0,2188,219
baseline_feasible,645.3,network_lp,planner_feasible,date,1.0,1.0,1.0,1.0,2188,219
baseline_feasible,645.3,network_lp,replay_feasible,date,0.9986301369863013,0.9968036529680366,1.0,1.0,2188,219
baseline_feasible,645.3,fixed_recovery,service_kw,date,121.70720589167937,119.23679172612253,124.08203945094495,1.0,2188,219
baseline_feasible,645.3,fixed_recovery,planner_feasible,date,1.0,1.0,1.0,1.0,2188,219
baseline_feasible,645.3,fixed_recovery,replay_feasible,date,0.9995433789954338,0.9986301369863013,1.0,1.0,2188,219
baseline_feasible,645.3,myopic_recovery,service_kw,date,121.83854563039066,119.3847776152651,124.2490545527334,1.0,2188,219
baseline_feasible,645.3,myopic_recovery,planner_feasible,date,1.0,1.0,1.0,1.0,2188,219
baseline_feasible,645.3,myopic_recovery,replay_feasible,date,0.9995433789954338,0.9986301369863013,1.0,1.0,2188,219
baseline_feasible,646.3,network_lp,service_kw,date,112.01964817985795,110.09744587534881,113.91146021610224,1.0,2188,219
baseline_feasible,646.3,network_lp,planner_feasible,date,1.0,1.0,1.0,1.0,2188,219
baseline_feasible,646.3,network_lp,replay_feasible,date,0.9986301369863013,0.9968036529680366,1.0,1.0,2188,219
baseline_feasible,646.3,fixed_recovery,service_kw,date,111.94566229864282,109.97791137806792,113.85869421851218,1.0,2188,219
baseline_feasible,646.3,fixed_recovery,planner_feasible,date,1.0,1.0,1.0,1.0,2188,219
baseline_feasible,646.3,fixed_recovery,replay_feasible,date,0.9995433789954338,0.9986301369863013,1.0,1.0,2188,219
baseline_feasible,646.3,myopic_recovery,service_kw,date,112.01964817985795,110.0201395825406,113.97498652333842,1.0,2188,219
baseline_feasible,646.3,myopic_recovery,planner_feasible,date,1.0,1.0,1.0,1.0,2188,219
baseline_feasible,646.3,myopic_recovery,replay_feasible,date,0.9995433789954338,0.9986301369863013,1.0,1.0,2188,219
baseline_feasible,684.3,network_lp,service_kw,date,143.18719875697616,141.2625310161403,145.03921688704972,1.0,2188,219
baseline_feasible,684.3,network_lp,planner_feasible,date,1.0,1.0,1.0,1.0,2188,219
baseline_feasible,684.3,network_lp,replay_feasible,date,0.9986301369863013,0.9968036529680366,1.0,1.0,2188,219
baseline_feasible,684.3,fixed_recovery,service_kw,date,143.0246919790081,141.12208322234906,144.8254321816733,1.0,2188,219
baseline_feasible,684.3,fixed_recovery,planner_feasible,date,1.0,1.0,1.0,1.0,2188,219
baseline_feasible,684.3,fixed_recovery,replay_feasible,date,1.0,1.0,1.0,1.0,2188,219
baseline_feasible,684.3,myopic_recovery,service_kw,date,143.18719875697616,141.22021618150686,145.01080273338408,1.0,2188,219
baseline_feasible,684.3,myopic_recovery,planner_feasible,date,1.0,1.0,1.0,1.0,2188,219
baseline_feasible,684.3,myopic_recovery,replay_feasible,date,0.9995433789954338,0.9986301369863013,1.0,1.0,2188,219
