site,population,comparison,baseline,outcome,cluster_level,estimate,ci_low,ci_high,prob_positive,n_pairs,n_clusters
611.3,all,network_lp - fixed_recovery,fixed_recovery,service_kw_difference,date,0.2997970176940639,0.024290453767123292,0.6726111140839036,0.9832,2190,219
611.3,all,network_lp - fixed_recovery,fixed_recovery,service_kw_difference,date_group,0.29979701769406397,0.0939761700913242,0.5697189016124429,0.9998,2190,2190
611.3,all,network_lp - fixed_recovery,fixed_recovery,replay_feasible_difference,date,0.0,0.0,0.0,0.0,2190,219
611.3,all,network_lp - fixed_recovery,fixed_recovery,replay_feasible_difference,date_group,0.0,0.0,0.0,0.0,2190,2190
611.3,all,network_lp - myopic_recovery,myopic_recovery,service_kw_difference,date,0.03143281561058792,0.0,0.09429844683176379,0.6332,2190,219
611.3,all,network_lp - myopic_recovery,myopic_recovery,service_kw_difference,date_group,0.03143281561058792,0.0,0.09429844683176378,0.6384,2190,2190
611.3,all,network_lp - myopic_recovery,myopic_recovery,replay_feasible_difference,date,0.0,0.0,0.0,0.0,2190,219
611.3,all,network_lp - myopic_recovery,myopic_recovery,replay_feasible_difference,date_group,0.0,0.0,0.0,0.0,2190,2190
611.3,all,network_lp - energy_only,energy_only,service_kw_difference,date,-102.75121289954338,-105.78093785673516,-99.70607341609589,0.0,2190,219
611.3,all,network_lp - energy_only,energy_only,service_kw_difference,date_group,-102.75121289954338,-104.02328232020548,-101.4951118364726,0.0,2190,2190
611.3,all,network_lp - energy_only,energy_only,replay_feasible_difference,date,0.9990867579908677,0.997716894977169,1.0,1.0,2190,219
611.3,all,network_lp - energy_only,energy_only,replay_feasible_difference,date_group,0.9990867579908675,0.997716894977169,1.0,1.0,2190,2190
634.1,all,network_lp - fixed_recovery,fixed_recovery,service_kw_difference,date,0.48859410673515996,0.12665330693493157,0.9974985195490867,1.0,2190,219
634.1,all,network_lp - fixed_recovery,fixed_recovery,service_kw_difference,date_group,0.48859410673515996,0.2454576198630138,0.8018794413527391,1.0,2190,2190
634.1,all,network_lp - fixed_recovery,fixed_recovery,replay_feasible_difference,date,0.0,0.0,0.0,0.0,2190,219
634.1,all,network_lp - fixed_recovery,fixed_recovery,replay_feasible_difference,date_group,0.0,0.0,0.0,0.0,2190,2190
634.1,all,network_lp - myopic_recovery,myopic_recovery,service_kw_difference,date,2.490736944178378,1.6967919306303523,3.424724349975168,1.0,2190,219
634.1,all,network_lp - myopic_recovery,myopic_recovery,service_kw_difference,date_group,2.4907369441783787,2.1353202711338994,2.8477107087514026,1.0,2190,2190
634.1,all,network_lp - myopic_recovery,myopic_recovery,replay_feasible_difference,date,0.0004566210045662101,0.0,0.0013698630136986304,0.6364,2190,219
634.1,all,network_lp - myopic_recovery,myopic_recovery,replay_feasible_difference,date_group,0.00045662100456621003,0.0,0.0013698630136986301,0.6296,2190,2190
634.1,all,network_lp - energy_only,energy_only,service_kw_difference,date,-108.64465610730593,-112.06029180936073,-105.31649810930365,0.0,2190,219
634.1,all,network_lp - energy_only,energy_only,service_kw_difference,date_group,-108.64465610730593,-109.91278092893836,-107.42376926369863,0.0,2190,2190
634.1,all,network_lp - energy_only,energy_only,replay_feasible_difference,date,0.9990867579908677,0.997716894977169,1.0,1.0,2190,219
634.1,all,network_lp - energy_only,energy_only,replay_feasible_difference,date_group,0.9990867579908675,0.997716894977169,1.0,1.0,2190,2190
611.3,baseline_feasible,network_lp - fixed_recovery,fixed_recovery,service_kw_difference,date,0.15781789066463725,0.0,0.38177229991121264,0.9472,2188,219
611.3,baseline_feasible,network_lp - fixed_recovery,fixed_recovery,service_kw_difference,date_group,0.15206916990402194,0.04302980747257769,0.292087371100891,0.9986,2188,2188
611.3,baseline_feasible,network_lp - fixed_recovery,fixed_recovery,replay_feasible_difference,date,0.0,0.0,0.0,0.0,2188,219
611.3,baseline_feasible,network_lp - fixed_recovery,fixed_recovery,replay_feasible_difference,date_group,0.0,0.0,0.0,0.0,2188,2188
611.3,baseline_feasible,network_lp - myopic_recovery,myopic_recovery,service_kw_difference,date,0.0,0.0,0.0,0.0,2188,219
611.3,baseline_feasible,network_lp - myopic_recovery,myopic_recovery,service_kw_difference,date_group,0.0,0.0,0.0,0.0,2188,2188
611.3,baseline_feasible,network_lp - myopic_recovery,myopic_recovery,replay_feasible_difference,date,0.0,0.0,0.0,0.0,2188,219
611.3,baseline_feasible,network_lp - myopic_recovery,myopic_recovery,replay_feasible_difference,date_group,0.0,0.0,0.0,0.0,2188,2188
611.3,baseline_feasible,network_lp - energy_only,energy_only,service_kw_difference,date,-102.75537877346525,-105.91006448978945,-99.6394492603691,0.0,2188,219
611.3,baseline_feasible,network_lp - energy_only,energy_only,service_kw_difference,date_group,-102.7329110489031,-103.98178809129342,-101.4317307829639,0.0,2188,2188
611.3,baseline_feasible,network_lp - energy_only,energy_only,replay_feasible_difference,date,1.0,1.0,1.0,1.0,2188,219
611.3,baseline_feasible,network_lp - energy_only,energy_only,replay_feasible_difference,date_group,1.0,1.0,1.0,1.0,2188,2188
634.1,baseline_feasible,network_lp - fixed_recovery,fixed_recovery,service_kw_difference,date,0.32388203164637247,0.08501521475456629,0.6515950104642316,1.0,2188,219
634.1,baseline_feasible,network_lp - fixed_recovery,fixed_recovery,service_kw_difference,date_group,0.31268817127513726,0.19037298617458873,0.45422163326953846,1.0,2188,2188
634.1,baseline_feasible,network_lp - fixed_recovery,fixed_recovery,replay_feasible_difference,date,0.0,0.0,0.0,0.0,2188,219
634.1,baseline_feasible,network_lp - fixed_recovery,fixed_recovery,replay_feasible_difference,date_group,0.0,0.0,0.0,0.0,2188,2188
634.1,baseline_feasible,network_lp - myopic_recovery,myopic_recovery,service_kw_difference,date,2.432933277089575,1.6823303265310534,3.2928344417234445,1.0,2188,219
634.1,baseline_feasible,network_lp - myopic_recovery,myopic_recovery,service_kw_difference,date_group,2.402862400016293,2.076379001948553,2.747728210216358,1.0,2188,2188
634.1,baseline_feasible,network_lp - myopic_recovery,myopic_recovery,replay_feasible_difference,date,0.0004566210045662101,0.0,0.0013698630136986304,0.6324,2188,219
634.1,baseline_feasible,network_lp - myopic_recovery,myopic_recovery,replay_feasible_difference,date_group,0.0004570383912248629,0.0,0.0013711151736745886,0.6346,2188,2188
634.1,baseline_feasible,network_lp - energy_only,energy_only,service_kw_difference,date,-108.65326135210552,-112.09555815179476,-105.24599158501394,0.0,2188,219
634.1,baseline_feasible,network_lp - energy_only,energy_only,service_kw_difference,date_group,-108.67644538391225,-109.96097588408364,-107.43582091950411,0.0,2188,2188
634.1,baseline_feasible,network_lp - energy_only,energy_only,replay_feasible_difference,date,1.0,1.0,1.0,1.0,2188,219
634.1,baseline_feasible,network_lp - energy_only,energy_only,replay_feasible_difference,date_group,1.0,1.0,1.0,1.0,2188,2188
